centre_number,name,address,district,state,pincode,pincode_source,programmes,school_type,registered_on,website,source_url,captured_on
IA005,The Gera School,"The Gera School, Survey No.13/1-A(Part, Panelim Village, Sao Pedro, Kadamba Plateau, Opposite Viva Housing Project,New, Tiswadi Taluka, Old Goa Road, Panjim, GOA, Goa 403402",NORTH GOA,GOA,403402,board,Early Years / Primary / Lower Secondary / Upper Secondary,Day school,2018-11-29,https://www.thegeraschool.com/,https://connectedtot.com/find-a-cambridge-school/Details/the-gera-school/,2026-08-25
IA012,Shishuvihar School,"70/80, Dr Baba Saheb Ambedkar Rd, Chinchpokali (East), Mumbai, Maharashtra 400012",MUMBAI,MAHARASHTRA,400012,board,Primary,Day school,2018-12-04,http://www.shishuviharindia.com/,https://connectedtot.com/find-a-cambridge-school/Details/shishuvihar-school/,2026-08-25
IA015,Centre Point School International,"Bhisen Khori, Dabha,Amravati Road Bypass,Nagpur 440023,Maharashtra,India",NAGPUR,MAHARASHTRA,440023,board,Primary / Lower Secondary / Upper Secondary / Advanced,,2019-01-11,,https://connectedtot.com/find-a-cambridge-school/Details/centre-point-school-international/,2026-08-25
IA017,Poorna Learning Centre,"Sathanur village, Bagalur cross, Jala Hobli Post, Bangalore North - 562149",BENGALURU URBAN,KARNATAKA,562149,board,Upper Secondary / Advanced,Day school,2019-04-30,http://www.poorna.in/,https://connectedtot.com/find-a-cambridge-school/Details/poorna-learning-centre/,2026-08-25
IA018,Crimson Anisha Global School Undri,"S. No, 13, 1/1, NIBM Rd, Kad Nagar, Mohammed Wadi, Pune, Maharashtra 411048",PUNE,MAHARASHTRA,411048,board,Primary / Lower Secondary / Upper Secondary / Advanced,Day school,2019-04-30,https://cagschool.com/,https://connectedtot.com/find-a-cambridge-school/Details/crimson-anisha-global-school-undri/,2026-08-25
IA020,Livingstone Foundation International,"Livingstone Foundation International, Thahekhu / Kevijau, Dimapur-797112, Nagaland",PEREN,NAGALAND,797112,board,Primary,Day school,2019-01-21,https://livingstonenagaland.com/school/,https://connectedtot.com/find-a-cambridge-school/Details/livingstone-foundation-international/,2026-08-25
IA030,Rustomjee Cambridge International School,"Rustomjee Urbania, Eastern Express Highway, Majiwada, next to Saket Complex, Thane West, Mumbai 400601",THANE,MAHARASHTRA,400601,board,Upper Secondary,Day school,2019-04-26,,https://connectedtot.com/find-a-cambridge-school/Details/rustomjee-cambridge-international-school/,2026-08-25
IA031,Nalapad Academy,"103, BWSSB Road, Behind, Embassy Golf Links Business Park, Challaghatta, Bengaluru, Karnataka 560037",BENGALURU URBAN,KARNATAKA,560037,board,Primary / Lower Secondary / Upper Secondary / Advanced,Day school,2019-06-27,http://www.nalapadacademy.in/,https://connectedtot.com/find-a-cambridge-school/Details/nalapad-academy/,2026-08-25
IA032,Venkateshwar Global School,"Sector-13, Rohini,New Delhi,110085,India",NORTH WEST,DELHI,110085,board,Primary / Lower Secondary,,2019-02-19,,https://connectedtot.com/find-a-cambridge-school/Details/venkateshwar-global-school/,2026-08-25
IA033,The Oberai School of Integrated Studies (The OASIS),"SportsCity, New Raipur-Thano Airport Expressway, Dehradun 248 008, Uttarakhand, India",DEHRADUN,UTTARAKHAND,248008,board,Primary / Lower Secondary,Day school,2019-04-03,,https://connectedtot.com/find-a-cambridge-school/Details/the-oberai-school-of-integrated-studies-the-oasis-1/,2026-08-25
IA034,Doveton Oakley Nursery & Primary School,"No 8, General Collins Road,Choolai,Chennai,Tamil Nadu",CHENNAI,TAMIL NADU,,,Early Years / Primary / Lower Secondary,Day school,2020-07-15,http://www.dovetonoakley.com/,https://connectedtot.com/find-a-cambridge-school/Details/doveton-oakley-nursery-primary-school/,2026-08-25
IA035,"CPS Global School, Anna Nagar","CPS Global School,Anna Nagar Campus A 80, IIIrd Avenue, Annanagar, Chennai 102",CHENNAI,TAMIL NADU,600102,india_post_directory,Early Years / Primary / Lower Secondary / Upper Secondary / Advanced,Day school,2020-01-17,https://www.cpsglobalschool.com/,https://connectedtot.com/find-a-cambridge-school/Details/cps-global-school-thirumazhisai/,2026-08-25
IA036,Rungta Public School,"Rungta public school Kohka-Kurud, Bhilai Chhattisgarh, 490024",DURG,CHHATTISGARH,490024,board,Primary / Lower Secondary,Day school,2019-03-26,http://www.rungtapublicschool.ac.in/,https://connectedtot.com/find-a-cambridge-school/Details/rungta-public-school/,2026-08-25
IA037,Gopalan International School,"Behind Sap Labs,Seetharampalya,Basavananagar,Hoodi,Bangalore-560048",BENGALURU URBAN,KARNATAKA,560048,board,Primary / Lower Secondary / Upper Secondary,Day school,2019-11-14,https://www.gopalanschool.com/international/,https://connectedtot.com/find-a-cambridge-school/Details/gopalan-international-school/,2026-08-25
IA040,Elate International School,"6-1-24, Venkateshwara Colony, Alkapur Road, Manikonda, Hyderabad, Telangana, 500075",RANGA REDDY,TELANGANA,500075,board,Primary,Day school,2019-06-18,https://elateschool.com/,https://connectedtot.com/find-a-cambridge-school/Details/elate-international-school/,2026-08-25
IA044,Sloka International School,"EXIT-12, ORR, NEAR RTA OFFICE, MANNEGUDA, TURKAYAMJAL, RANGA REDDY DIST-501510",RANGA REDDY,TELANGANA,501510,board,Early Years / Primary / Lower Secondary / Upper Secondary,Day school,2019-01-07,http://www.slokainternational.com/,https://connectedtot.com/find-a-cambridge-school/Details/sloka-international-school/,2026-08-25
IA045,Explorica Premium School,"2/10/1473 Jyothi Nagar,Karimnagar,Telangana 505001",KARIMNAGAR,TELANGANA,505001,board,Primary,Day school,2019-04-16,http://www.explorica.in/,https://connectedtot.com/find-a-cambridge-school/Details/explorica-premium-school/,2026-08-25
IA046,The Bay International School & Junior College,"2/159 East Coast Road, Injambakkam, Chennai- 600115",CHENNAI,TAMIL NADU,600115,board,Primary / Lower Secondary / Upper Secondary / Advanced,Day school,2019-05-29,https://bayinternationalschool.com/,https://connectedtot.com/find-a-cambridge-school/Details/the-bay-international-school-junior-college/,2026-08-25
IA048,DLF Public School,"Sector 2, Rajendra Nagar, Sahibabad, Ghaziabad 201005, Uttar Pradesh, India",GHAZIABAD,UTTAR PRADESH,201005,board,Primary / Lower Secondary,Day school,2019-04-03,http://www.dlps.co.in/,https://connectedtot.com/find-a-cambridge-school/Details/dlf-public-school/,2026-08-25
IA051,Solitaire Global Schools (Katedan Branch),"Near Palladium Convention Hall,Babul Reddy Nagar,Katedan,Hyderabad,Telangana,500008",HYDERABAD,TELANGANA,500008,board,Primary / Lower Secondary,,2019-06-14,https://www.solitaireglobalschools.com/campuses/attapur-campus/,https://connectedtot.com/find-a-cambridge-school/Details/solitaire-global-schools-katedan-branch/,2026-08-25
IA053,LDR International School,"LDR International School, Opp. Maher Homes, South Bhopal",AHMADABAD,GUJARAT,,,Primary / Upper Secondary / Advanced,Day school,2019-05-21,http://www.ldrschool.org/,https://connectedtot.com/find-a-cambridge-school/Details/ldr-international-school/,2026-08-25
IA054,Trident International School,"H.NO:9-1-364/B/ 81, GANDHI NAGAR, OPP BAPUGHAT, LANGER HOUSE, HYDERABAD",HYDERABAD,TELANGANA,,,Lower Secondary / Upper Secondary,Day school,2019-06-13,http://www.tridentinternationalschool.org/,https://connectedtot.com/find-a-cambridge-school/Details/trident-international-school/,2026-08-25
IA055,Phoenix Greens School Of Learning,"Survey No.120,Kokapet Village,Gandipet Mandal,Ranga Reddy District., Hyderabad, Telangana, 500075",RANGA REDDY,TELANGANA,500075,board,Primary / Lower Secondary / Upper Secondary / Advanced,,2019-07-08,http://www.phoenixgreens.com/,https://connectedtot.com/find-a-cambridge-school/Details/phoenix-greens-school-of-learning/,2026-08-25
IA056,C P Goenka International School,"Kapurbawdi Junction - Off Ghodbunder Road - Next To Lake City Mall,Thane West,400607,Maharashtra,India",THANE,MAHARASHTRA,400607,board,Upper Secondary / Advanced,Day school,2019-05-29,https://www.cpgoenkainternationalschool.com/,https://connectedtot.com/find-a-cambridge-school/Details/c-p-goenka-international-school-2/,2026-08-25
IA058,RaK's Pallikkoodam School of Excellence,"Codissia Trade Fair Complex Rd, Peelamedu, Civil Aerodrome Post, Coimbatore, Tamil Nadu 641014",COIMBATORE,TAMIL NADU,641014,board,Early Years / Primary / Lower Secondary / Upper Secondary / Advanced,Day school,2019-06-25,https://www.rakspallikkoodam.com/,https://connectedtot.com/find-a-cambridge-school/Details/raks-pallikkoodam-school-of-excellence/,2026-08-25
IA064,Monte International School,"NH 44, Pandipadu, Kurnool, Andhra Pradesh 518001",KURNOOL,ANDHRA PRADESH,518001,board,Primary / Lower Secondary / Upper Secondary,Day school,2020-01-29,https://www.monteis.org/,https://connectedtot.com/find-a-cambridge-school/Details/monte-international-school/,2026-08-25
IA065,Laurel High Global School,"Laurel High Global School, Airport Road, Rajahmundry. 533103",EAST GODAVARI,ANDHRA PRADESH,533103,board,Primary,Day school,2020-01-07,http://www.laurelhigh.net/,https://connectedtot.com/find-a-cambridge-school/Details/laurel-high-global-school/,2026-08-25
IA066,Nagarjuna Vidyaniketan,"#104, IVRI Road, Behind CRPF, Ramagondanahalli, Yelehanka Hobli, Bengaluru North, Bengaluru - 560 064",BENGALURU URBAN,KARNATAKA,560064,board,Primary / Lower Secondary,Day school,2019-07-10,http://www.nagarjunavidyaniketan.com/,https://connectedtot.com/find-a-cambridge-school/Details/nagarjuna-vidyaniketan/,2026-08-25
IA067,"Athena Global School, Chennai","Adjacent to DLF Garden City, Thalambur link road, Chennai TN 600130",CHENGALPATTU,TAMIL NADU,600130,board,Primary / Lower Secondary / Upper Secondary,Day school,2019-10-06,http://www.athena.edu.in/,https://connectedtot.com/find-a-cambridge-school/Details/athena-global-school-chennai/,2026-08-25
IA070,Insight International School,"H.No:8-1-299/27&28,Al-Hamra Colony,Shaikpet,Hyderabad,500008,Andhra Pradesh",HYDERABAD,TELANGANA,500008,board,Early Years / Primary / Lower Secondary / Upper Secondary,Day school,2020-02-20,http://www.insight.edu.in/,https://connectedtot.com/find-a-cambridge-school/Details/insight-international-school/,2026-08-25
IA071,The Grandeur International School,"No 79 3B, Uhud Block, Sarjapur - Marathahalli Rd, Sulikunte, Bengaluru, Karnataka 562125",BENGALURU URBAN,KARNATAKA,562125,board,Early Years / Primary / Lower Secondary / Upper Secondary,Day school,2019-10-21,https://www.tgisb.com/,https://connectedtot.com/find-a-cambridge-school/Details/the-grandeur-international-school/,2026-08-25
IA074,GEAR Innovative International,"#175, GEAR Road, Off Outer Ring Road or Sarjapur Road, Doddakannelli, Bangalore, Karnataka 560035",BENGALURU URBAN,KARNATAKA,560035,board,Primary / Lower Secondary / Upper Secondary / Advanced,Day school,2019-08-22,https://www.gear.ac.in/,https://connectedtot.com/find-a-cambridge-school/Details/gear-innovative-international/,2026-08-25
IA075,Next Gen International School,"Amaravathi Road, Behind Hosanna Mandir, Gorantla, Guntur - 522034",GUNTUR,ANDHRA PRADESH,522034,board,Primary / Lower Secondary,Day school,2019-10-01,https://www.nextgenschool.in/,https://connectedtot.com/find-a-cambridge-school/Details/next-gen-international-school/,2026-08-25
IA077,"Golden Gates Earth School, Salem","Emerald Valley, Foot Hills of Yercaud, Salem – 636008. Tamilnadu, India.",SALEM,TAMIL NADU,636008,board,,Day school,2020-05-28,https://ggearthschool.edu.in/,https://connectedtot.com/find-a-cambridge-school/Details/golden-gates-earth-school-salem/,2026-08-25
IA079,The Hillside Prep,"9/105 C, Alankar Garden, Vellakinar Pirivu, GN Mills (Post), Mettupalayam Road, Coimbatore - 641029",COIMBATORE,TAMIL NADU,641029,board,Early Years / Primary / Lower Secondary,Day school,2019-07-25,https://www.thehillside.co.in/,https://connectedtot.com/find-a-cambridge-school/Details/the-hillside-prep/,2026-08-25
IA080,Prakriti School,"Sector 128, Noida 201304",GAUTAM BUDDHA NAGAR,UTTAR PRADESH,201304,board,Primary / Lower Secondary / Upper Secondary / Advanced,Day school,2020-10-01,http://prakriti.edu.in/,https://connectedtot.com/find-a-cambridge-school/Details/prakriti-school/,2026-08-25
IA081,"GEMS Modern Academy, Kochi","Plot B1-4, Smart City Kochi, opp. Infopark Phase II, Brahmapuram, Kerala 682303",ERNAKULAM,KERALA,682303,board,Lower Secondary / Upper Secondary / Advanced,Day school,2020-05-20,https://international.gemsmodernacademy-kochi.in/,https://connectedtot.com/find-a-cambridge-school/Details/gems-modern-academy-kochi/,2026-08-25
IA083,Mayo College,"Srinagar Road, Ajmer, Rajasthan, India",AJMER,RAJASTHAN,,,Primary / Lower Secondary / Upper Secondary,Fully residential,2019-07-29,http://www.mayocollege.com/,https://connectedtot.com/find-a-cambridge-school/Details/mayo-college/,2026-08-25
IA085,"Hindustan International School, Guindy","No 40, GST Road, St. Thomas Mount, Chennai - 600016",CHENNAI,TAMIL NADU,600016,board,Early Years / Primary / Lower Secondary / Upper Secondary / Advanced,Day school,2019-06-09,https://hindustanschools.in/guindy/,https://connectedtot.com/find-a-cambridge-school/Details/hindustan-international-school-guindy/,2026-08-25
IA089,"Billabong High International School, Andheri","Billabong High International School, Apna Bazar Road, Azad Nagar, Andheri West, Mumbai – 400053",MUMBAI SUBURBAN,MAHARASHTRA,400053,board,Upper Secondary,Day school,2019-07-16,https://bhisandheri.com/,https://connectedtot.com/find-a-cambridge-school/Details/billabong-high-international-school-andheri/,2026-08-25
IA091,Rahul International School,"RIS Mira Road, Shree LR Tiwari Educational Campus, Mira Road E. Thane - 401107.",THANE,MAHARASHTRA,401107,board,Early Years / Lower Secondary / Upper Secondary / Advanced,Day school,2019-08-29,https://ris.education/campuses/mumbai/mira-road-igcse/,https://connectedtot.com/find-a-cambridge-school/Details/rahul-international-school/,2026-08-25
IA093,"Greenvalley International School, Trivandrum","Greenvalley Hills, Near EMS Academy, Vilapilsala, Peyad, Trivandrum - 695573",THIRUVANANTHAPURAM,KERALA,695573,board,Primary / Upper Secondary / Advanced,Day school,2020-03-26,http://www.greenvalleyschools.in/,https://connectedtot.com/find-a-cambridge-school/Details/greenvalley-international-school-trivandrum/,2026-08-25
IA094,"The Indian Public School, Chennai North Campus","TIPS Chennai North, 1/4A, 2nd Cross Street, SIDCO Industrial Estate, Ambattur, Chennai – 600098., INDIA",CHENNAI,TAMIL NADU,600098,board,Upper Secondary / Advanced,Day school,2024-01-29,https://tipschennai-n.org/about-tips/tips-chennai-north-ambattur/,https://connectedtot.com/find-a-cambridge-school/Details/the-indian-public-school-chennai-north-campus/,2026-08-25
IA101,Ambitus World School,"Survey No:76, 1B, IRR, Gunadala, Vijayawada, Andhra Pradesh 520004",NTR,ANDHRA PRADESH,520004,board,Early Years / Primary / Lower Secondary / Upper Secondary,Day school,2020-01-24,https://ambitusworldschool.com/vijayawada/,https://connectedtot.com/find-a-cambridge-school/Details/ambitus-world-school-1/,2026-08-25
IA105,Vibgyor High,"RS -301, Mudshingi Road,Uchgaon, Taluka - Karveer, Opp. Om sai petrol pump,Kolhapur- 416005,Maharashtra, India",KOLHAPUR,MAHARASHTRA,416005,board,Primary / Lower Secondary,Day school,2020-02-26,https://www.vibgyorhigh.com/,https://connectedtot.com/find-a-cambridge-school/Details/vibgyor-high/,2026-08-25
IA106,Sadhana Infinity School,"Survey No. 386, Nallagandla-Tellapur Road Opp. Aditya Eden Park Apts Nallagandla, Hyderabad, Telangana 500019",RANGA REDDY,TELANGANA,500019,board,Primary / Lower Secondary / Upper Secondary,Day school,2020-06-03,https://sadhanainfinityschool.com/,https://connectedtot.com/find-a-cambridge-school/Details/sadhana-infinity-school/,2026-08-25
IA107,Campus K School,"TNHB Main Road, Sholinganallur, Chennai - 600119",CHENNAI,TAMIL NADU,600119,board,Primary / Lower Secondary / Upper Secondary,Day school,2020-06-05,http://www.campusk.in/,https://connectedtot.com/find-a-cambridge-school/Details/campus-k-school/,2026-08-25
IA109,Edify School Electronic City,"#388/0, 6TH MAIN CROSS, 17TH CROSS, SECTOR-C, SURYANAGAR PHASE2, ANEKAL-CHANDAPURA MAIN ROAD, BENGALURU 562106",BENGALURU URBAN,KARNATAKA,562106,board,Primary / Lower Secondary / Upper Secondary,Day school,2020-03-31,http://www.ekamecity.com/,https://connectedtot.com/find-a-cambridge-school/Details/edify-school-electronic-city/,2026-08-25
IA111,BGS International Academia School,"Nithyanandanagar,K. Gollahalli (Po),Kumbalagodu,Bangalore South,560074,Karnataka",BENGALURU URBAN,KARNATAKA,560074,board,Lower Secondary / Upper Secondary / Advanced,,2020-04-22,https://bgsias.school/,https://connectedtot.com/find-a-cambridge-school/Details/bgs-international-academia-school/,2026-08-25
IA119,Pramiti School A Unit Of Crossover Education Trust,"Sy No 141, 141/5, 141/6 & 141/7, B.M. Kaval, Vadeyarahalli, Kanakapura Road, Bangalore, Karnataka, 560082",BENGALURU URBAN,KARNATAKA,560082,board,Upper Secondary / Advanced,Day school,2020-05-05,https://www.pramitischool.org/,https://connectedtot.com/find-a-cambridge-school/Details/pramiti-school-a-unit-of-crossover-education-trust/,2026-08-25
IA121,Blue Blocks Complete School,"Osman Nagar Rd, Osman Nagar, Hyderabad, Telangana 502032",SANGAREDDY,TELANGANA,502032,board,Primary / Lower Secondary / Upper Secondary,Day school,2020-06-17,http://www.blueblocks.in/,https://connectedtot.com/find-a-cambridge-school/Details/blue-blocks-complete-school/,2026-08-25
IA122,Birla Open Minds International School Walkeshwar,"68 Krishanaraj Society,Walkeshwar Road,Malabar Hill, Walkeshwar,Mumbai 400021,India",MUMBAI,MAHARASHTRA,400021,board,Primary / Lower Secondary,,2020-03-06,,https://connectedtot.com/find-a-cambridge-school/Details/birla-open-minds-international-school-walkeshwar/,2026-08-25
IA123,"Wynberg-Allen School, Mussoorie","Bala Hissar,Mussoorie, Uttarakhand,248179,India",DEHRADUN,UTTARAKHAND,248179,board,Primary / Lower Secondary,,2020-02-19,,https://connectedtot.com/find-a-cambridge-school/Details/wynberg-allen-school-mussoorie/,2026-08-25
IA128,Oes International School,"Behind Lotus Petrol Pump,Near Infinity Mall,Adarsh Nagar,Andheri (West),Maharashtra,400102",MUMBAI SUBURBAN,MAHARASHTRA,400102,board,Primary / Lower Secondary / Upper Secondary,,2020-02-07,,https://connectedtot.com/find-a-cambridge-school/Details/oes-international-school/,2026-08-25
IA129,"The Indian Public School, Trichy","Ramji Nagar, Kallikudi Post, Dindigul Main Road, Trichy 620009",TIRUCHIRAPPALLI,TAMIL NADU,620009,board,Lower Secondary / Upper Secondary,Day school,2020-11-05,http://theindianpublicschool.org/,https://connectedtot.com/find-a-cambridge-school/Details/the-indian-public-school-trichy/,2026-08-25
IA131,"Shiv Nadar School, Noida","Plot No. SS -1, Noida-Greater Noida Expy, Chhaprauli Bangar, Sector 168, Noida, Uttar Pradesh 201305",GAUTAM BUDDHA NAGAR,UTTAR PRADESH,201305,board,Upper Secondary,Day school,2020-02-27,https://shivnadarschool.edu.in/,https://connectedtot.com/find-a-cambridge-school/Details/shiv-nadar-school-noida/,2026-08-25
IA132,Shiv Nadar School Faridabad,"Sector 82, Neharpar Faridabad, Faridabad, Haryana 121002 India",FARIDABAD,HARYANA,121002,board,Upper Secondary,Day school,2020-02-26,https://shivnadarschool.edu.in/,https://connectedtot.com/find-a-cambridge-school/Details/shiv-nadar-school-faridabad/,2026-08-25
IA133,Shiv Nadar School Gurgaon,"Pahari Road,Block E,Dlf Phase 1 Sector 26,Gurgaon,Haryana,India",GURUGRAM,HARYANA,,,Lower Secondary / Upper Secondary,,2020-02-27,,https://connectedtot.com/find-a-cambridge-school/Details/shiv-nadar-school-gurgaon/,2026-08-25
IA135,Stepping Stones International,Gut no. 48/8 Harsool- Sawangi Jalgaon Road Chatrapati Shivaji Maharaj,AURANGABAD,MAHARASHTRA,,,Primary / Lower Secondary / Upper Secondary,Fully residential,2021-01-25,https://ssi.steppingstoneshighschool.org/,https://connectedtot.com/find-a-cambridge-school/Details/stepping-stones-international/,2026-08-25
IA145,Jayshree Periwal Global School,"SECTOR 36, NRI ROAD JAGATPURA 303012",JAIPUR,RAJASTHAN,303012,board,Primary / Lower Secondary / Upper Secondary / Advanced,Day school,2020-07-22,http://www.jpgschool.com/,https://connectedtot.com/find-a-cambridge-school/Details/jayshree-periwal-global-school/,2026-08-25
IA148,The International School of Thrissur,"Chirakkakode, Near Mannuthy, Thrissur - 680654",THRISSUR,KERALA,680654,board,Early Years / Primary / Lower Secondary / Upper Secondary / Advanced,Fully residential,2021-02-08,http://www.tist.school/,https://connectedtot.com/find-a-cambridge-school/Details/the-international-school-of-thrissur/,2026-08-25
IA150,"CS Academy, Erode","CS Academy International ,Vallipurathanpalayam, Erode - 638 112, Tamil Nadu, India.",ERODE,TAMIL NADU,638112,board,Primary / Lower Secondary / Upper Secondary,Day school,2021-02-19,https://csacademy.in/erode/international-campus/,https://connectedtot.com/find-a-cambridge-school/Details/cs-academy-erode/,2026-08-25
IA151,"Akshar Arbol International School, Injambakkam","Bethel Nagar North 9th Street, Injambakkam, Chennai-600115.",CHENNAI,TAMIL NADU,600115,board,Lower Secondary / Upper Secondary,Day school,2021-01-25,https://www.akshararbol.edu.in/,https://connectedtot.com/find-a-cambridge-school/Details/akshar-arbol-international-school-injambakkam/,2026-08-25
IA161,Ananthamurthy International School,TC 34/2503 Surya Nagar Vattiyoorkavu Thiruvananthapuram 695013,THIRUVANANTHAPURAM,KERALA,695013,board,Primary / Lower Secondary,Day school,2021-04-09,http://www.ananthamurthyacademy.org/,https://connectedtot.com/find-a-cambridge-school/Details/ananthamurthy-international-school/,2026-08-25
IA167,Gitanjali Vedika,"H.No 3-1, Narsingi, Puppalaguda Main Road, Hyderabad - 5000089",RANGA REDDY,TELANGANA,500089,india_post_directory,Primary,Day school,2021-08-04,https://www.gitanjalischools.com/schools/gitanjali-vedika,https://connectedtot.com/find-a-cambridge-school/Details/gitanjali-vedika/,2026-08-25
IA169,Ruh Continuum School,"Sf No 71/2 Vaigai Nagar, Pattanam to Vellore Road, Singanallur Coimbatore 641016",COIMBATORE,TAMIL NADU,641016,board,Early Years / Primary / Lower Secondary / Upper Secondary,Day school,2021-03-10,http://www.ruh.school/,https://connectedtot.com/find-a-cambridge-school/Details/ruh-continuum-school/,2026-08-25
IA170,National Model School,"S.F.No.696, Saitu Thottam, Westbrook, Ooty Main road, Kotagiri-643214",THE NILGIRIS,TAMIL NADU,643214,board,Early Years / Primary / Lower Secondary,Day school,2021-06-21,http://www.nationalmodelschools.edu.in/,https://connectedtot.com/find-a-cambridge-school/Details/national-model-school/,2026-08-25
IA171,Sparkling Mindz Global School,"8/4, Bidarahalli Hobli,Kannuru,Hennur-Bagalur Road,Bangalore 562149,Karnataka,India",BENGALURU URBAN,KARNATAKA,562149,board,Lower Secondary / Upper Secondary,,2021-07-14,http://www.sparklingmindz.in/,https://connectedtot.com/find-a-cambridge-school/Details/sparkling-mindz-global-school/,2026-08-25
IA172,SAI International School,"5 A Chandaka I.E Infocity Road,Bhubaneswar,Odisha 751024,India",KHORDHA,ODISHA,751024,board,Primary / Lower Secondary / Upper Secondary / Advanced,,2021-04-13,,https://connectedtot.com/find-a-cambridge-school/Details/sai-international-school/,2026-08-25
IA174,SAI Angan,"5 A Chandaka I.E,Infocity Road,Bhubaneswar,Odisha 751024,India",KHORDHA,ODISHA,751024,board,Early Years,Day school,2021-04-08,http://www.saiangan.co.in/,https://connectedtot.com/find-a-cambridge-school/Details/sai-angan/,2026-08-25
IA176,St Pius X International School,"St. Pius X International School, Near St. Pius X Church, Mulund West, Mumbai 400082",MUMBAI SUBURBAN,MAHARASHTRA,400082,board,Early Years / Primary / Lower Secondary,,2021-04-20,http://www.spxis.org/,https://connectedtot.com/find-a-cambridge-school/Details/st-pius-x-international-school/,2026-08-25
IA177,The Learning Curve International School,"Ca 7, 80Ft Road,2Nd Stage Vijayanagar,Mysore 570017,Karnataka,India",MYSURU,KARNATAKA,570017,board,Lower Secondary / Upper Secondary / Advanced,,2021-10-16,,https://connectedtot.com/find-a-cambridge-school/Details/the-learning-curve-international-school/,2026-08-25
IA181,Bhartiyam International School,"Rudrapur - Kiccha Road,Udham Singh Nagar,Rameshwarpur 263153,Uttarakhand,India",UDAM SINGH NAGAR,UTTARAKHAND,263153,board,Early Years,,2022-04-01,,https://connectedtot.com/find-a-cambridge-school/Details/bhartiyam-international-school/,2026-08-25
IA182,Oasis School,"6-27, Old Mumbai Hwy, Ambedkar Nagar, Shaikpet, Rai Durg, Hyderabad, Telangana 500104",RANGA REDDY,TELANGANA,500104,board,Primary / Lower Secondary,Day school,2021-10-07,http://www.oasisschoolonline.in/,https://connectedtot.com/find-a-cambridge-school/Details/oasis-school/,2026-08-25
IA183,The Premia Academy,"The Premia Academy, Pillar no :102, 501, Karwan Sahu Road, Attapur, Hyderabad -500008",HYDERABAD,TELANGANA,500008,board,Lower Secondary,Day school,2023-02-07,https://thepremiaacademy.com/,https://connectedtot.com/find-a-cambridge-school/Details/the-premia-academy/,2026-08-25
IA184,"The Indian Public School, Dindigul","SF NO.170/1A, 170/2A of Pallapatti Village, Palani main Road, Kottapatti post, Dindigul. Tamil Nadu - 642002",COIMBATORE,TAMIL NADU,642002,board,Primary,Day school,2022-11-03,http://www.tips-central.com/,https://connectedtot.com/find-a-cambridge-school/Details/the-indian-public-school-dindigul-1/,2026-08-25
IA189,The Harvee School,"261 A3, Engine Thottam, Amman Kovil Road, Kuniamuthur, Coimbatore, Tamil Nadu 641008",COIMBATORE,TAMIL NADU,641008,board,Early Years / Primary,Day school,2021-05-06,,https://connectedtot.com/find-a-cambridge-school/Details/the-harvee-school/,2026-08-25
IA190,"Indus Altum International School, Belagavi","Indus Altum International School, Belagavi Sy. No.30 Kattanabhavi Village, Hobli, Kakati, Belagavi, Karnataka 591143",BELAGAVI,KARNATAKA,591143,board,Early Years / Primary / Lower Secondary / Upper Secondary / Advanced,Fully residential,2021-07-21,https://iais.in/,https://connectedtot.com/find-a-cambridge-school/Details/indus-altum-international-school-belagavi/,2026-08-25
IA192,SR Prime School,"Hno:60-1-206/1 Battupally Road, Shyampet jagir, Hanamkonda Warangal-506003",HANUMAKONDA,TELANGANA,506003,board,Primary / Lower Secondary / Upper Secondary,Fully residential,2022-03-09,http://www.srprimeschool.com/,https://connectedtot.com/find-a-cambridge-school/Details/sr-prime-school/,2026-08-25
IA193,Candiidus International School,"Patancheru, Muthangi, Hyderabad, Telangana - 502300",SANGAREDDY,TELANGANA,502300,board,Early Years / Primary / Lower Secondary / Upper Secondary / Advanced,Day school,2022-02-10,https://candiidusschool.com/,https://connectedtot.com/find-a-cambridge-school/Details/candiidus-international-school/,2026-08-25
IA194,Pavna International School,"ALIGARH AGRA HIGHWAY, SASNI, HATHRAS, UTTAR PRADESH 204216, India",HATHRAS,UTTAR PRADESH,204216,board,Early Years / Primary / Lower Secondary / Upper Secondary / Advanced,Day-cum-boarding,2021-10-20,https://pavnaintlschool.com/,https://connectedtot.com/find-a-cambridge-school/Details/pavna-international-school/,2026-08-25
IA195,Mount Dios International School,"opp kala bhairava temple, simhachalam, Old Adavivaram, Visakhapatnam, Andhra Pradesh 530028",VISAKHAPATANAM,ANDHRA PRADESH,530028,board,Primary / Lower Secondary,Fully residential,2022-12-16,https://www.mountdios.com/,https://connectedtot.com/find-a-cambridge-school/Details/mount-dios-international-school/,2026-08-25
IA197,Mayo College Girls' School,"Mayo College Girls' School, Mayo Link Road, Ajmer , Rajasthan, India, 305007",AJMER,RAJASTHAN,305007,board,Lower Secondary / Upper Secondary / Advanced,Fully residential,2022-02-17,http://www.mcgs.ac.in/,https://connectedtot.com/find-a-cambridge-school/Details/mayo-college-girls-school/,2026-08-25
IA198,Hindusthan International School,"Hindusthan International School, City campus, Nava India, Coimbatore, Tamil Nadu, 641028",COIMBATORE,TAMIL NADU,641028,board,Early Years / Primary / Lower Secondary / Upper Secondary / Advanced,"Weekly boarding,Day school",2022-02-15,https://his.ac.in/,https://connectedtot.com/find-a-cambridge-school/Details/hindusthan-international-school/,2026-08-25
IA206,Shishukunj International School,"Bypass Road, Jhalaria, Indore - 452016",INDORE,MADHYA PRADESH,452016,board,Early Years,Day school,2022-03-11,http://www.shishukunj.in/,https://connectedtot.com/find-a-cambridge-school/Details/shishukunj-international-school/,2026-08-25
IA209,Delhi Public School Faridabad,"Delhi Public School,Sector 19 Faridabad , Haryana 121007",FARIDABAD,HARYANA,121007,board,Early Years / Primary / Lower Secondary / Upper Secondary,Day school,2022-01-27,,https://connectedtot.com/find-a-cambridge-school/Details/delhi-public-school-faridabad/,2026-08-25
IA210,International School,"8-1-300/1, old Mumbai Hwy, Shaikpet Flyover Rd, Filmnagar Junction, Hyderabad, Telangana, 500008",HYDERABAD,TELANGANA,500008,board,Primary / Lower Secondary / Upper Secondary / Advanced,Day school,2023-07-20,http://www.internationalschoolshaikpet.com/,https://connectedtot.com/find-a-cambridge-school/Details/international-school/,2026-08-25
IA211,Rawdat Al Quran Al Kareem,"Khatau Mansion, 95G/95K,Block No. 5, 1St Floor, Bhulabhai Desai Road,400026 Mumbai,India",MUMBAI,MAHARASHTRA,400026,board,Primary / Lower Secondary / Upper Secondary / Advanced,,2022-09-14,,https://connectedtot.com/find-a-cambridge-school/Details/rawdat-al-quran-al-kareem/,2026-08-25
IA212,Unicent International School,"APGO's Cooperative HSG Society, Hafeezpet, Hyderabad, Telangana 500049",MEDCHAL MALKAJGIRI,TELANGANA,500049,board,Early Years / Primary,Day school,2023-03-23,https://unicentinternational.in/,https://connectedtot.com/find-a-cambridge-school/Details/unicent-international-school/,2026-08-25
IA213,New Horizon International School,"1st Main Road, Byrathi Village, Bidarahalli, Hobli, Hennur Gardens, Bengaluru, Karnataka 560077",BENGALURU URBAN,KARNATAKA,560077,board,Lower Secondary,Day school,2023-10-10,https://newhorizoninternationalschool.in/,https://connectedtot.com/find-a-cambridge-school/Details/new-horizon-international-school/,2026-08-25
IA214,"Delhi Public School, Kp-V","Plot No 224 & 228 Knowledge Park - V,Greater Noida (West),Uttar Pradesh 203207,India",GAUTAM BUDDHA NAGAR,UTTAR PRADESH,203207,board,Primary / Lower Secondary,,2022-04-29,,https://connectedtot.com/find-a-cambridge-school/Details/delhi-public-school-kp-v/,2026-08-25
IA216,Sparsh Global School,"Hs 01, Sector 20,Greater Noida,Uttar Pradesh 201305,India",GAUTAM BUDDHA NAGAR,UTTAR PRADESH,201305,board,Early Years / Primary / Lower Secondary,,2023-06-30,,https://connectedtot.com/find-a-cambridge-school/Details/sparsh-global-school/,2026-08-25
IA217,Invictus International School,"Silver oak enclave, loharka road, Amritsar 143001",AMRITSAR,PUNJAB,143001,board,Early Years / Primary / Lower Secondary / Upper Secondary / Advanced,Day school,2022-03-08,http://invictusschool.edu.in/,https://connectedtot.com/find-a-cambridge-school/Details/invictus-international-school/,2026-08-25
IA219,St. Lawrence International School,"P1,2Nd Main,8Th Cross,Yadavagiri,Mysore 570020,Karnataka,India",MYSURU,KARNATAKA,570020,board,Primary / Lower Secondary / Upper Secondary,Day school,2022-09-09,https://stlawrenceinternationalmysore.com/,https://connectedtot.com/find-a-cambridge-school/Details/st-lawrence-international-school/,2026-08-25
IA225,"New Baldwin International School, T C Palya",,BENGALURU URBAN,KARNATAKA,,,,,,,https://connectedtot.com/find-a-cambridge-school/Details/new-baldwin-international-school-t-c-palya/,2026-08-25
IA227,Ambitus Kinder World,"Ambitus Kinder World Opp. Radisson Hotel, Gachibowli, Hyderabad.",HYDERABAD,TELANGANA,500032,india_post_directory,Early Years,Day school,2022-07-04,https://ambituskinderworld.com/contact-us.html,https://connectedtot.com/find-a-cambridge-school/Details/ambitus-kinder-world/,2026-08-25
IA228,"Delhi Public School, Udaipur","Bhuwana Pratapnagar Bypass,Shobhagpura,Udaipur,Rajasthan 313001,India",UDAIPUR,RAJASTHAN,313001,board,Early Years / Primary / Lower Secondary,,2022-04-12,,https://connectedtot.com/find-a-cambridge-school/Details/delhi-public-school-udaipur/,2026-08-25
IA229,Vasant Valley School,"Sector C, Vasant Kunj, New Delhi 110070",NEW DELHI,DELHI,110070,board,Upper Secondary / Advanced,Day school,2022-04-01,https://www.vasantvalley.org/,https://connectedtot.com/find-a-cambridge-school/Details/vasant-valley-school/,2026-08-25
IA232,"Hindustan International School, Karapakkam","Hindustan International School ,KCG Nagar , Rajiv Gandhi Salai , Karapakam , Chennai 600097, Tamil Nadu , India",CHENNAI,TAMIL NADU,600097,board,Early Years,Day school,2022-05-04,http://www.hindustanschools.in/,https://connectedtot.com/find-a-cambridge-school/Details/hindustan-international-school-karapakkam/,2026-08-25
IA233,"Hindustan International School, Padur","Hindustan International School,Padur,100 Veeraman Road, Dr Kcg Nagar, Chengalpathu Dist, Chennai -603103",CHENGALPATTU,TAMIL NADU,603103,board,Early Years,Day school,2022-05-04,https://hindustanpreschools.in/,https://connectedtot.com/find-a-cambridge-school/Details/hindustan-international-school-padur/,2026-08-25
IA234,Delhi International School Edge,"Sector-18,Dwarka,New Delhi,110075,India",SOUTH WEST,DELHI,110075,board,Early Years / Primary / Lower Secondary,,2022-04-29,,https://connectedtot.com/find-a-cambridge-school/Details/delhi-international-school-edge/,2026-08-25
IA236,Discoveri Oaks International School,"Survey No 610, Ramakrishnapurum,Pedda Amberpet,Hyderabad 501505,Telangana,India",RANGA REDDY,TELANGANA,501505,board,Primary / Lower Secondary,,2023-04-13,http://www.discoverioaks.org/,https://connectedtot.com/find-a-cambridge-school/Details/discoveri-oaks-international-school/,2026-08-25
IA237,Global Indian International School,"Global Indian International School, No 5,6,8, Whitefield Sarjapur Main Road, Gunjur Rd, Heggondahalli Village, Bengaluru, Karnataka 560087",BENGALURU RURAL,KARNATAKA,560087,board,Lower Secondary / Upper Secondary,Day school,2022-08-22,https://bangalore.globalindianschool.org/,https://connectedtot.com/find-a-cambridge-school/Details/global-indian-international-school/,2026-08-25
IA241,Delhi Public School Kollam,"Delhi Public School Kollam, Meeyyanoor, Kollam, Kerala - 691573",KOLLAM,KERALA,691573,board,Early Years,Day school,2022-06-08,http://www.dpskollam.com/,https://connectedtot.com/find-a-cambridge-school/Details/delhi-public-school-kollam/,2026-08-25
IA246,Seth Anandram Jaipuria School,"70, Cantonment,Kanpur 208004,Uttar Pradesh,India",KANPUR NAGAR,UTTAR PRADESH,208004,board,Primary / Lower Secondary,,2023-02-15,,https://connectedtot.com/find-a-cambridge-school/Details/seth-anandram-jaipuria-school-1/,2026-08-25
IA247,Sri Vidyaranya International School,"Sri Sharadadhamam, Velly View,Bandlaguda Jagir,Hyderabad 500086,Telangana,India",RANGA REDDY,TELANGANA,500086,board,Primary,,2023-08-21,,https://connectedtot.com/find-a-cambridge-school/Details/sri-vidyaranya-international-school/,2026-08-25
IA248,Vijaybhoomi Singapore International School-Junior College,"Village Jamrung,Tehsil, Karjat 410201, Maharashtra, India",RAIGAD,MAHARASHTRA,410201,board,Advanced,Fully residential,2023-05-31,https://wwistrichy.com/,https://connectedtot.com/find-a-cambridge-school/Details/vijaybhoomi-singapore-international-school-junior-college/,2026-08-25
IA249,"GD Goenka Public School, Lucknow","Sector B, Sushant Golf City,Shaheed Path,Lucknow,Uttar Pradesh 226030,India",LUCKNOW,UTTAR PRADESH,226030,board,Primary / Lower Secondary,,2023-01-05,,https://connectedtot.com/find-a-cambridge-school/Details/gd-goenka-public-school-lucknow/,2026-08-25
IA253,Lakshmipat Singhania Academy International,"12b Alipore Road,Kolkata 700027,West Bengal,India",KOLKATA,WEST BENGAL,700027,board,Lower Secondary,Day school,2022-12-09,http://lsainternational.net/,https://connectedtot.com/find-a-cambridge-school/Details/lakshmipat-singhania-academy-international/,2026-08-25
IA254,Seth Anandram Jaipuria School,"Sector 14 C, Vasundhara, Ghaziabad , 201012",GHAZIABAD,UTTAR PRADESH,201012,board,Primary / Lower Secondary,Day school,2022-11-08,https://jaipuriaghaziabad.edu.in/,https://connectedtot.com/find-a-cambridge-school/Details/seth-anandram-jaipuria-school/,2026-08-25
IA255,Oxford Presentation School,"KP Road, Qasba Baghat, Anantnag 192101",ANANTNAG,JAMMU AND KASHMIR,192101,board,Early Years,Day school,2023-04-03,http://www.oxfordpresentationschool.com/,https://connectedtot.com/find-a-cambridge-school/Details/oxford-presentation-school/,2026-08-25
IA260,KCA St. Francis International School,"Assisi Nagar,P.L. Lokhande Marg,Chembur,Mumbai,Maharashtra-400089",MUMBAI SUBURBAN,MAHARASHTRA,400089,board,Primary / Lower Secondary / Upper Secondary,Day school,2023-09-05,http://www.kcainternationalschool.in/,https://connectedtot.com/find-a-cambridge-school/Details/kca-st-francis-international-school/,2026-08-25
IA261,SRN International School,"SRN Marg, Ram Nagariya Road,Jagatpura,Jaipur,Rajasthan 302025,India",JAIPUR,RAJASTHAN,302025,board,Primary / Lower Secondary,Fully residential,2022-12-23,https://www.srninternational.org/,https://connectedtot.com/find-a-cambridge-school/Details/srn-international-school/,2026-08-25
IA263,"Billabong High International School, Pune","Sadesatara Nali, Malwadi Road,Survey No.170,Hadapsar,Maharashtra,411028,India",PUNE,MAHARASHTRA,411028,board,Lower Secondary,,2022-11-21,,https://connectedtot.com/find-a-cambridge-school/Details/billabong-high-international-school-pune/,2026-08-25
IA267,Delhi Public School Greater Noida,"Delhi Public School, Sector Gamma 2, Greater Noida, Uttar Pradesh 201308",GAUTAM BUDDHA NAGAR,UTTAR PRADESH,201308,board,Early Years,Day school,2022-09-11,http://www.dpsgrnoida.com/,https://connectedtot.com/find-a-cambridge-school/Details/delhi-public-school-greater-noida/,2026-08-25
IA268,Maharani Gayatri Devi Girls School,"Sawai Ram Singh Road, Ajmeri Gate, Jaipur, Rajasthan 302001, India",JAIPUR,RAJASTHAN,302001,board,Primary / Lower Secondary,Day school,2023-02-21,http://www.mgdschooljaipur.com/,https://connectedtot.com/find-a-cambridge-school/Details/maharani-gayatri-devi-girls-school/,2026-08-25
IA269,Amrutvahini's Nido International School,"Amrutvahini's Nido International School, Gunjalwadi Taluka Sangamner, Dist. Ahmednagar, Maharashtra 422605, India",AHMEDNAGAR,MAHARASHTRA,422605,board,Primary / Lower Secondary / Upper Secondary,Day school,2023-01-25,http://www.amrutvahininido.org/,https://connectedtot.com/find-a-cambridge-school/Details/amrutvahinis-nido-international-school/,2026-08-25
IA270,BEYOND 8 - ONLINE,"Nimble Kits Pvt Ltd,Plot 380, Wing Haven Gardens,Karanai,Chennai,600130,India",CHENGALPATTU,TAMIL NADU,600130,board,,,2023-11-24,,https://connectedtot.com/find-a-cambridge-school/Details/beyond-8-online/,2026-08-25
IA271,"The Indian Public School, Madurai","The Indian Public School Sivaganga Rd, Karuppayurani, Tamil Nadu 625020.",MADURAI,TAMIL NADU,625020,board,Early Years / Lower Secondary / Upper Secondary / Advanced,Day Boarding School,2023-08-30,https://tips-madurai.org/,https://connectedtot.com/find-a-cambridge-school/Details/the-indian-public-school-madurai/,2026-08-25
IA272,Little World Learning Centre,"573/3 Napier Town,Jabalpur,Madhya Pradesh 482001,India",JABALPUR,MADHYA PRADESH,482001,board,Early Years,Day school,2023-01-30,,https://connectedtot.com/find-a-cambridge-school/Details/little-world-learning-centre/,2026-08-25
IA273,Adani International School,"Opposite Belvedere Golf & Country Club,Shantigram Near Vaishnodevi Circle ,Sg Highway,Ahmedabad 382 421,Gujarat,India",AHMADABAD,GUJARAT,382421,board,Lower Secondary,,2023-12-05,,https://connectedtot.com/find-a-cambridge-school/Details/adani-international-school/,2026-08-25
IA274,"Sunbeam International, Varuna","Arazi No. 904, Bheem Nagar, Central Jail Road, Sikraul, Varanasi-221002, Uttar Pradesh., Varanasi, Uttar Pradesh, 221002",VARANASI,UTTAR PRADESH,221002,board,Primary / Lower Secondary / Upper Secondary,"Day school,Day-cum-boarding",2022-06-12,https://sunbeamschools.com/school/siv,https://connectedtot.com/find-a-cambridge-school/Details/sunbeam-international-varuna/,2026-08-25
IA275,SelaQui International School,"Chakrata Road, Dehradun-248011, INDIA",DEHRADUN,UTTARAKHAND,248011,board,Lower Secondary / Upper Secondary / Advanced,Fully residential,2023-02-15,https://www.selaqui.org/,https://connectedtot.com/find-a-cambridge-school/Details/selaqui-international-school/,2026-08-25
IA276,Chettinad Hari Shree Vidyalayam,"The Junior Campus: 162, School Road, Rajah Annamalaipuram, Chennai – 600028. The Senior Campus No:20, Srinivasa Avenue Road, Rajah Annamalaipuram, Chennai – 600028.",CHENNAI,TAMIL NADU,600028,board,Early Years / Primary,Day school,2023-01-05,https://www.harishree.org/,https://connectedtot.com/find-a-cambridge-school/Details/chettinad-hari-shree-vidyalayam/,2026-08-25
IA278,Mayoor School Jaipur,"ITS-1, EPIP, Sitapura, Jaipur, Rajasthan 302022, India",JAIPUR,RAJASTHAN,302022,board,Primary / Lower Secondary,Weekly boarding,2023-03-07,http://www.mayoorschooljaipur.org/,https://connectedtot.com/find-a-cambridge-school/Details/mayoor-school-jaipur/,2026-08-25
IA279,"K.R. Mangalam World School, GK-II","S-Block, Greater Kailash-Ii,New Delhi 110048,India",SOUTH,DELHI,110048,board,Early Years / Primary / Lower Secondary,,2022-11-30,,https://connectedtot.com/find-a-cambridge-school/Details/k-r-mangalam-world-school-gk-ii/,2026-08-25
IA282,"Sanjay Ghodawat International School, Belgaum","Shivganga Skating Rink,Om Nagar, Khasbag,Belgaum,Karnataka 590003,India",BELAGAVI,KARNATAKA,590003,board,Primary / Lower Secondary / Upper Secondary,Day school,2023-03-06,http://sgischoolbelagavi.in/,https://connectedtot.com/find-a-cambridge-school/Details/sanjay-ghodawat-international-school-belgaum/,2026-08-25
IA283,Milton Billabong International School,"64/A, Chenganmal Kayar Main Road, Next to Senthavalli Amman Temple, No 22 Thaiyur Village, Kelambakkam, Tamil Nadu 603103",CHENGALPATTU,TAMIL NADU,603103,board,Primary / Lower Secondary / Upper Secondary / Advanced,Day school,2023-02-21,https://www.miltonkelambakkam.com/,https://connectedtot.com/find-a-cambridge-school/Details/milton-billabong-international-school/,2026-08-25
IA284,"Wisdom Wealth International School, Trichy","S F No. 218/1, 223/2, 3rd Sector, Morais City, Trichy, Tamil Nadu 62007, India",TIRUCHIRAPPALLI,TAMIL NADU,,,Primary / Lower Secondary / Upper Secondary,Day school,2023-12-20,http://wwistrichy.com/,https://connectedtot.com/find-a-cambridge-school/Details/wisdom-wealth-international-school-trichy/,2026-08-25
IA288,Summer Fields International School,"Kailash Colony, New Delhi 110048, Delhi, India",SOUTH,DELHI,110048,board,Early Years / Primary / Lower Secondary / Upper Secondary / Advanced,Day school,2022-12-15,https://shorturl.at/kzNU8,https://connectedtot.com/find-a-cambridge-school/Details/summer-fields-school/,2026-08-25
IA290,Vellore International Residential School,"Vellore International Residential School (VIRS) Kayar, Near Kelambakkam, Off OMR, Chennai - 603 110.",CHENGALPATTU,TAMIL NADU,603110,board,Upper Secondary,Fully residential,2023-06-02,https://vischennai.ac.in/,https://connectedtot.com/find-a-cambridge-school/Details/vellore-international-residential-school/,2026-08-25
IA293,People's Public School,"Ayodhya Bypass Rd, Peoples Campus, Bhanpur, Bhopal, Madhya Pradesh 462037",BHOPAL,MADHYA PRADESH,462037,board,Early Years / Lower Secondary / Upper Secondary / Advanced,Weekly boarding,2023-08-02,https://peoplespublicschool.com/,https://connectedtot.com/find-a-cambridge-school/Details/peoples-public-school/,2026-08-25
IA294,Triveni School,"100,101 Ponnagaram compound, Opp Madura Coats, Arapalayam, Madurai 625016, Tamilnadu.",MADURAI,TAMIL NADU,625016,board,Primary / Lower Secondary,Day school,2024-03-06,https://trivenischool.edu.in/,https://connectedtot.com/find-a-cambridge-school/Details/triveni-school/,2026-08-25
IA295,Abacus Montessori School,"3 Thirumalai Nagar Annexe,Iii Main Road, Perungudi,Chennai 600096,Tamil Nadu,India",CHENNAI,TAMIL NADU,600096,board,Early Years / Primary / Lower Secondary,,2023-04-11,http://www.abacusnow.com/,https://connectedtot.com/find-a-cambridge-school/Details/abacus-montessori-school/,2026-08-25
IA299,"Delhi Public School, R.K. Puram","Sector-Xii, R.K.Puram,New Delhi 110022,India",NEW DELHI,DELHI,110022,board,Early Years / Primary / Lower Secondary,,2023-03-07,,https://connectedtot.com/find-a-cambridge-school/Details/delhi-public-school-r-k-puram/,2026-08-25
IA301,Delhi Public School Bulandshahr,"Delhi Public School, Yamunapuram, Bulandshahr, U.P. 203001",BULANDSHAHR,UTTAR PRADESH,203001,board,Primary,Day school,2023-02-17,http://www.%20dpsbulandshahr.com/,https://connectedtot.com/find-a-cambridge-school/Details/delhi-public-school-bulandshahr/,2026-08-25
IA302,Gen Alpha Education,"Rajaji Nagar, Bangalore, Karnataka-560010",BENGALURU URBAN,KARNATAKA,560010,board,Primary / Lower Secondary,Day school,2023-06-20,http://www.genalphaedu.com/,https://connectedtot.com/find-a-cambridge-school/Details/gen-alpha-education/,2026-08-25
IA304,Mowgli's Land,"Khsara No. 10/4/08/13,Gram Bawadiya Kala,Tehsil - Huzur, Bhopal District,462016 Madhya Pradesh,India",BHOPAL,MADHYA PRADESH,462016,board,Early Years,Day school,2023-06-03,https://mowglisland.com/,https://connectedtot.com/find-a-cambridge-school/Details/mowglis-land/,2026-08-25
IA305,Ravindra Bharathi's Scotspine School,"NEAR NAVATA TRANSPORT, KANURU, VIJAYAWADA, ANDHRA PRADESH - 520007",NTR,ANDHRA PRADESH,520007,board,Early Years / Primary,Day school,2023-06-26,https://scotspine.in/,https://connectedtot.com/find-a-cambridge-school/Details/ravindra-bharathis-scotspine-school/,2026-08-25
IA306,"Delhi Public School, Dwarka","Phase-I, Sector -3,Dwarka,New Delhi 110078,India",SOUTH WEST,DELHI,110078,board,Early Years / Primary,Day school,2023-03-22,,https://connectedtot.com/find-a-cambridge-school/Details/delhi-public-school-dwarka/,2026-08-25
IA307,The Aryan International School,"Amra Bypass, Nh-2,Varanasi - Kolkata G.T. Road,Village - Akhari, P.O.- Kuruhua,Varanasi 221010,Uttar Pradesh, India",VARANASI,UTTAR PRADESH,221010,board,Primary,Day school,2023-07-06,,https://connectedtot.com/find-a-cambridge-school/Details/the-aryan-international-school/,2026-08-25
IA309,Adarsh School,"Near ITI CROSSING , Karnal, Haryana, 132001",KARNAL,HARYANA,132001,board,Early Years / Primary / Lower Secondary,Day school,2023-04-26,https://apskarnal.com/,https://connectedtot.com/find-a-cambridge-school/Details/adarsh-school/,2026-08-25
IA313,DiYES International School,"DiYES International School, Anchalikonam, Ayira PO Parassala, Trivandrum, Kerala - 695502",THIRUVANANTHAPURAM,KERALA,695502,board,Early Years / Primary,Day school,2023-03-30,http://www.diyesinternational.edu.in/,https://connectedtot.com/find-a-cambridge-school/Details/diyes-international-school/,2026-08-25
IA314,Adamas World School,"Adamas Knowledge City,Barasat - Barrackpore Road,P.O. - Jagannathpur,District - 24 Parganas (North),Kolkata 700126, West Bengal,India",24 PARAGANAS NORTH,WEST BENGAL,700126,board,Primary,,2023-02-21,http://www.adamasworldschool.org/,https://connectedtot.com/find-a-cambridge-school/Details/adamas-world-school/,2026-08-25
IA317,The Learning Centre,"Kottara Cross,Bejai Kapikad Road, Bejai,Mangalore 575004,Karnataka,India",DAKSHINA KANNADA,KARNATAKA,575004,board,Primary / Lower Secondary,,2023-06-29,http://elcindia.org/,https://connectedtot.com/find-a-cambridge-school/Details/the-learning-centre/,2026-08-25
IA318,Gyandan Global School,"Opp. Head Post Office, Raghu Marg, Nagli Circle, Indra Colony, Alwar, Rajasthan 301001",ALWAR,RAJASTHAN,301001,board,Primary,Day school,2023-07-10,http://gyandanschool.org/,https://connectedtot.com/find-a-cambridge-school/Details/gyandan-global-school/,2026-08-25
IA319,The Yenepoya School,"The Yenepoya School, Jeppinamogaru, NH 66, NearvJeppinamogaru bus stand, Mangaluru, Karnataka 575009",DAKSHINA KANNADA,KARNATAKA,575009,board,Primary / Lower Secondary,Day school,2023-07-13,http://www.theyenepoyaschool.com/,https://connectedtot.com/find-a-cambridge-school/Details/the-yenepoya-school/,2026-08-25
IA320,"Edify World School, Attapur","Survey No. 15, Upperpally Village, Attapur, Rajendranagar mandal, Hyderabad, Telangana 500048",RANGA REDDY,TELANGANA,500048,board,Lower Secondary / Upper Secondary,Day school,2023-07-17,https://edifyworldschoolattapur.com/,https://connectedtot.com/find-a-cambridge-school/Details/edify-world-school-attapur/,2026-08-25
IA321,SPK Jain Futuristic Academy,"Plot II A/14, Action Area II,Street Number 374,Kolkata, West Bengal 700156,India",24 PARAGANAS NORTH,WEST BENGAL,700156,board,Primary,Day school,2023-05-04,https://jainfuturisticacademy.com/,https://connectedtot.com/find-a-cambridge-school/Details/spk-jain-futuristic-academy/,2026-08-25
IA322,Bluebells School International,"Kailash, New Delhi-110048",SOUTH,DELHI,110048,board,Primary / Lower Secondary,Day school,2023-06-15,http://www.bluebellsinternational.com/,https://connectedtot.com/find-a-cambridge-school/Details/bluebells-school-international/,2026-08-25
IA325,Cochin International School,"Cochin International School, 18/431A, Vayanashala Chemmalapady Road, Pukkattupady, Malayidamthuruth P.O, Ernakulam 683561",ERNAKULAM,KERALA,683561,board,Lower Secondary / Upper Secondary,Day school,2024-03-01,https://cochins.org/,https://connectedtot.com/find-a-cambridge-school/Details/cochin-international-school/,2026-08-25
IA326,Veranda International School,"No 42, Habibullah Road, Gangai Karai Puram, T. Nagar, Chennai, Tamil Nadu - 600017",CHENNAI,TAMIL NADU,600017,board,Primary,Day school,2023-05-22,http://www.verandascho0l.com/,https://connectedtot.com/find-a-cambridge-school/Details/veranda-international-school/,2026-08-25
IA327,Springdays International School,"NH-48,CHENNAI-BENGALURU HIGHWAY,ERAIVANKADU, VELLORE -632104",VELLORE,TAMIL NADU,632104,board,Lower Secondary / Upper Secondary,Day school,2024-04-16,http://www.springdaysinternational.com/,https://connectedtot.com/find-a-cambridge-school/Details/springdays-international-school/,2026-08-25
IA328,The NEST School,"363, Arcot Road, NSK Salai, Kodambakkam, Chennai-600024.",CHENNAI,TAMIL NADU,600024,board,Lower Secondary / Upper Secondary / Advanced,Day school,2023-06-21,http://www.thenest.school/,https://connectedtot.com/find-a-cambridge-school/Details/the-nest-school/,2026-08-25
IA331,Delhi Public School TajCity,"DPS TajCity, 125, Kundol, Fatehabad Road, Agra, Uttarpradesh",AGRA,UTTAR PRADESH,283111,india_post_directory,Early Years / Primary / Lower Secondary,Day school,2023-06-02,https://dpstajcity.in/,https://connectedtot.com/find-a-cambridge-school/Details/delhi-public-school-tajcity/,2026-08-25
IA337,"Inventure Academy, Yeshwanthpur Campus","Prestige Jindal City,Tumkur Road,Bangalore 560073,Karnataka,India",BENGALURU URBAN,KARNATAKA,560073,board,Early Years / Primary / Lower Secondary,,2023-07-12,https://www.inventureacademy.com/yeshwanthpur-campus/,https://connectedtot.com/find-a-cambridge-school/Details/inventure-academy-yeshwanthpur-campus/,2026-08-25
IA338,Colours Innovation Academy,"survey 31/11, Indira school road, Tathawade, Pune, Maharashtra, 411057",PUNE,MAHARASHTRA,411057,board,Lower Secondary / Upper Secondary,Day school,2023-10-03,https://www.coloursinnovationacademy.org/,https://connectedtot.com/find-a-cambridge-school/Details/colours-innovation-academy/,2026-08-25
IA342,RP Goenka International School,"34/1/1 Diamond Harbour Road Kolkata - 700027, West Bengal India",KOLKATA,WEST BENGAL,700027,board,Early Years / Lower Secondary / Upper Secondary,Day school,2023-05-22,,https://connectedtot.com/find-a-cambridge-school/Details/rp-goenka-international-school/,2026-08-25
IA345,"Harrow International School, Bengaluru","Harrow International School Bengaluru, Opp DC Office, National Highway 207, Doddaballapur Main Rd, Devanahalli, Bengaluru, Karnataka 562110",BENGALURU RURAL,KARNATAKA,562110,board,Lower Secondary / Upper Secondary / Advanced,Fully residential,2023-08-24,https://harrowbengaluru.in/,https://connectedtot.com/find-a-cambridge-school/Details/harrow-international-school-bengaluru/,2026-08-25
IA346,The Shishya Jigyasa Academy,"134/1 UTANAHALLI MAIN ROAD, VIDYANAGAR CROSS ROAD, BANGALORE 562 157",BENGALURU URBAN,KARNATAKA,562157,board,Primary / Lower Secondary / Upper Secondary,Day school,2023-07-26,https://shishyajigyasa.in/,https://connectedtot.com/find-a-cambridge-school/Details/the-shishya-jigyasa-academy/,2026-08-25
IA347,"Ambitus World School, Bangalore","SY 72/2, Near Electronic City, Chandapura, Bendiganahalli",BENGALURU URBAN,KARNATAKA,562107,same_school_other_board,Early Years / Primary,Day school,2023-06-30,https://www.ambitusworldschool.com/bengaluru/,https://connectedtot.com/find-a-cambridge-school/Details/ambitus-world-school-bangalore/,2026-08-25
IA349,Anand Singapore International School,"Madanandapuram, Mugalivakkam Road, Porur, Chennai, PIN 600116 – India.",CHENNAI,TAMIL NADU,600116,board,Primary / Lower Secondary / Upper Secondary,Day school,2024-01-30,https://asis.education/,https://connectedtot.com/find-a-cambridge-school/Details/anand-singapore-international-school/,2026-08-25
IA350,"Meru International School, Tellapur","F7C6+2W, beside My Home Tridasa, Tellapur, Hyderabad, Telangana 502032",SANGAREDDY,TELANGANA,502032,board,Early Years / Primary / Lower Secondary,Day school,2023-07-18,https://meruinternationalschool.com/international-school-tellapur/,https://connectedtot.com/find-a-cambridge-school/Details/meru-international-school-tellapur/,2026-08-25
IA355,GRG Modern Scholars,"GRG Modern Scholars, Tex Park Road, Civil Aerodrome Post, Nehru Nagar West, Coimbatore, Tamil Nadu 641014",COIMBATORE,TAMIL NADU,641014,board,Early Years / Primary / Lower Secondary,Day school,,https://grgms.ac.in/,https://connectedtot.com/find-a-cambridge-school/Details/grg-modern-scholars-2/,2026-08-25
IA356,Rahul College of Education,"Shree L.R.,Tiwari Educational Campus,Mira Road E. Thane,Mumbai 401107,India",THANE,MAHARASHTRA,401107,board,,,2023-08-03,,https://connectedtot.com/find-a-cambridge-school/Details/rahul-college-of-education/,2026-08-25
IA358,GoSchool,"C/o Catamount Education Pvt Ltd, Bandbox House 2nd Floor ADP, League Plot 254-D Dr Annie Besant, Road Worli Mumbai, Maharashtra - 400030",MUMBAI,MAHARASHTRA,400030,board,Lower Secondary / Upper Secondary / Advanced,Day school,2023-09-14,https://go-school.in/,https://connectedtot.com/find-a-cambridge-school/Details/goschool/,2026-08-25
IA362,Auxilium International School,"2V83+HW4, Balaram Babu Khedekar Marg, Ram nagar, Wadala West, Wadala, Mumbai, Maharashtra 400031",MUMBAI,MAHARASHTRA,400031,board,Early Years / Primary,Day school,2024-02-21,http://www.auxiliuminternationalwadala.net/,https://connectedtot.com/find-a-cambridge-school/Details/auxilium-international-school/,2026-08-25
IA366,Universal Wisdom School,"UNIVERSAL WISDOM SCHOOL Plot No.18, S.No. 12/3 to 5 & 12 to 16,Near Mahalunge Police Station, Landmark Near The Orchid Hotel,Balewadi,Mahalunge, Pune 411045 ??",PUNE,MAHARASHTRA,411045,board,Early Years / Primary / Lower Secondary,Day school,2024-10-01,https://www.universalwisdomschool.in/,https://connectedtot.com/find-a-cambridge-school/Details/universal-wisdom-school/,2026-08-25
IA368,Sharda World School,"19 Km Mile Stone, Agra-Delhi Highway, Nh-19 Keetham, Agra 282007, Uttar Pradesh",AGRA,UTTAR PRADESH,282007,board,Primary / Lower Secondary,Fully residential,2023-11-03,http://www.sws.ac.in/,https://connectedtot.com/find-a-cambridge-school/Details/sharda-world-school/,2026-08-25
IA370,American Eduglobal School,"N.H.-9, Ghaziabad Hapur Road,Near Chhajarsi Toll Plaza Pilkhuwa, Distt. Hapur Pincode-245304",GHAZIABAD,UTTAR PRADESH,245304,board,Upper Secondary / Advanced,Day school,2024-01-23,https://aesghaziabad.com/,https://connectedtot.com/find-a-cambridge-school/Details/american-eduglobal-school/,2026-08-25
IA371,International School of London,"Dangarpora,Malla Bagh,Srinagar,Jammu And Kashmir 190006,India",SRINAGAR,JAMMU AND KASHMIR,190006,board,Early Years,,2023-12-04,,https://connectedtot.com/find-a-cambridge-school/Details/international-school-of-london/,2026-08-25
IA372,"Pallavi International School, Bachupally","Road No And Plot No. Survey No Are: 72/E/2,77, 73/ Ee/2,71/A,79/Aa/A And 79/A,Near Orr-Gc, Shambhipur Village,Bowrampet B.O. & P.O. Air Force Academy S.O.,Dist - Medchal Malkajgiri, Hyderabad,Telangana 500043,India",MEDCHAL MALKAJGIRI,TELANGANA,500043,board,Early Years / Primary / Lower Secondary,,2023-10-18,http://www.pisbachupally.org/,https://connectedtot.com/find-a-cambridge-school/Details/pallavi-international-school-bachupally/,2026-08-25
IA373,The Niranjana School,3/2 Manoramaganj Opp Lotus Garden School Indore 452001,INDORE,MADHYA PRADESH,452001,board,Early Years / Primary / Lower Secondary,Day school,2024-02-27,http://www.niranjanaschool.edu.in/,https://connectedtot.com/find-a-cambridge-school/Details/the-niranjana-school/,2026-08-25
IA377,Horeb Educational Academy,"Vision Campus, Muolhlum, Rengkai,Churachandpur,Manipur 795128,India",CHURACHANDPUR,MANIPUR,795128,board,,,2023-11-09,http://www.horebedu.in/,https://connectedtot.com/find-a-cambridge-school/Details/horeb-educational-academy/,2026-08-25
IA380,Pacific World School,"HS-2 Tech Zone-4 Near Ek Murti Chowk, Greater Noida West",GAUTAM BUDDHA NAGAR,UTTAR PRADESH,201306,same_school_other_board,Primary / Lower Secondary,Day school,2024-02-01,http://www.pacificworldschool.com/,https://connectedtot.com/find-a-cambridge-school/Details/pacific-world-school/,2026-08-25
IA382,Arbor International School,"Survey no.92, Botanical Garden Road, Kondapur, Hyderabad, Telangana,500084",HYDERABAD,TELANGANA,500084,board,Early Years / Primary,Day school,2024-03-25,http://www.arborinternationalschool.com/,https://connectedtot.com/find-a-cambridge-school/Details/arbor-international-school/,2026-08-25
IA383,British International School,"ITS-3, IT-Park, EPIP, Sitapura, Jaipur-302022",JAIPUR,RAJASTHAN,302022,board,Early Years,Day school,2024-08-07,https://www.bisjaipur.com/,https://connectedtot.com/find-a-cambridge-school/Details/british-international-school/,2026-08-25
IA396,NIHOC The International School,"Survey No 38, Kachavani Singaram, via Narapally Ghatkesar Mandal, Hyderabad, Telangana, 501301.",MEDCHAL MALKAJGIRI,TELANGANA,501301,board,Early Years / Primary / Lower Secondary,Day school,2023-11-03,http://www.nihoc.in/,https://connectedtot.com/find-a-cambridge-school/Details/nihoc-the-international-school/,2026-08-25
IA397,Greenvalley Kriyaalaya International School,"S.No: 309/2 & 3, Dhargha Road, Old Noor Talkies Thiruvalluvar Street, Chennai, Tamilnadu, India, 600043",CHENGALPATTU,TAMIL NADU,600043,board,Primary / Lower Secondary / Upper Secondary / Advanced,Day school,2024-02-22,http://www.kriyaalaya.com/,https://connectedtot.com/find-a-cambridge-school/Details/greenvalley-kriyaalaya-international-school/,2026-08-25
IA398,"The Indian Public School, Oragadam",,KANCHIPURAM,TAMIL NADU,602118,india_post_directory,,,2025-03-07,,https://connectedtot.com/find-a-cambridge-school/Details/the-indian-public-school-oragadam/,2026-08-25
IA403,City Montessori School Aliganj,"Sector - O, Aliganj,Lucknow,Uttar Pradesh 226024,India",LUCKNOW,UTTAR PRADESH,226024,board,Primary / Lower Secondary,,2022-05-30,,https://connectedtot.com/find-a-cambridge-school/Details/city-montessori-school-aliganj/,2026-08-25
IA405,Beyond 8 - Head Office,"C/O Hlc International School,Wing Haven Gardens,Karanai,Chennai - 600130,Tamil Nadu,India",CHENGALPATTU,TAMIL NADU,600130,board,,,2023-02-20,,https://connectedtot.com/find-a-cambridge-school/Details/beyond-8-head-office/,2026-08-25
IA409,"DPS International, Saket","Sector - 10. R.K. Puram,New Delhi 110022,India",NEW DELHI,DELHI,110022,board,Early Years / Primary,,2022-01-05,,https://connectedtot.com/find-a-cambridge-school/Details/dps-international-saket-1/,2026-08-25
IA410,DALIMSS SUNBEAM GLOBAL SCHOOL,"C-26/34-B-D, Ramkatora,Varanasi,Uttar Pradesh 221001,India",VARANASI,UTTAR PRADESH,221001,board,Primary / Lower Secondary,,2023-03-16,,https://connectedtot.com/find-a-cambridge-school/Details/dalimss-sunbeam-global-school/,2026-08-25
IA411,Welham Girls' School,"19 Municipal Road,Dalanwala,Dehradun 248001,Uttarakhand,India",DEHRADUN,UTTARAKHAND,248001,board,Lower Secondary,Fully residential,2023-03-10,https://www.welhamgirls.com/,https://connectedtot.com/find-a-cambridge-school/Details/welham-girls-school/,2026-08-25
IA412,The Aalam International School,"32, Kurumbapalayam Road,Kalapatti,Coimbatore,Tamil Nadu, India",COIMBATORE,TAMIL NADU,,,Lower Secondary / Upper Secondary / Advanced,Day school,2024-01-30,http://www.theaalam.org/,https://connectedtot.com/find-a-cambridge-school/Details/the-aalam-international-school/,2026-08-25
IA413,"JBCN International School, Chembur","Yogi towers, Chembur education Society, CTS number 1284, RC marg Chembur, Mumbai 400071",MUMBAI SUBURBAN,MAHARASHTRA,400071,board,Lower Secondary / Upper Secondary,Day school,2023-12-08,http://www.jbcnschool.edu.in/,https://connectedtot.com/find-a-cambridge-school/Details/jbcn-international-school-chembur/,2026-08-25
IA414,The Indian Public School Dindigul,"Pillayarnatham Road, Opposite Amman College, Dindigul, Tamil Nadu - 624301",DINDIGUL,TAMIL NADU,624301,board,Upper Secondary / Advanced,Day school,2024-01-31,https://tipsdindigul.com/,https://connectedtot.com/find-a-cambridge-school/Details/the-indian-public-school-dindigul/,2026-08-25
IA416,BEYOND 8,"C/O Hlc International School,Wing Haven Gardens Road,Sholinganallur, Karanai,Chennai 603103,Tamil Nadu,India",CHENGALPATTU,TAMIL NADU,603103,board,Upper Secondary / Advanced,,2023-11-24,,https://connectedtot.com/find-a-cambridge-school/Details/beyond-8/,2026-08-25
IA417,Strawberry Fields High School,"Strawberry Fields High School, Sector 26, Chandigarh -",CHANDIGARH,CHANDIGARH,160019,same_school_other_board,Lower Secondary,Day school,2024-03-26,http://www.strawberry%20fields%20high%20school.com/,https://connectedtot.com/find-a-cambridge-school/Details/strawberry-fields-high-school/,2026-08-25
IA418,Regency Public School,"64,STATION ROAD SITAPUR-261001,UTTAR PRADESH",SITAPUR,UTTAR PRADESH,261001,board,Early Years,Day school,2024-04-01,http://www.regencypublicschool.org/,https://connectedtot.com/find-a-cambridge-school/Details/regency-public-school/,2026-08-25
IA419,RPS International School Dharuhera,"V.P.O Maheshwari,Dharuhera - Bhiwadi Expressway,Teh Dharuhera Distt-Rewari,123106,India",REWARI,HARYANA,123106,board,Early Years / Primary / Lower Secondary,,2024-03-19,http://www.rpsinternationaldharuhera.com/,https://connectedtot.com/find-a-cambridge-school/Details/rps-international-school-dharuhera/,2026-08-25
IA423,"Chatrabhuj Narsee School, Amanora Park Town","Chatrabhuj Narsee School, Amanora Park Town. Hadapsar. Pune - 411028",PUNE,MAHARASHTRA,411028,board,Early Years / Primary / Lower Secondary / Upper Secondary,Day school,,http://www.cns.ac.in/,https://connectedtot.com/find-a-cambridge-school/Details/chatrabhuj-narsee-school-amanora-park-town-2/,2026-08-25
IA424,Aachi Global School,"No 320 Kamarajar Street (Padasalai),Ayanambakkam,Thiruvallur District,Tamilnadu 600095,India",THIRUVALLUR,TAMIL NADU,600095,board,Early Years / Primary / Lower Secondary / Upper Secondary,Day school,2023-11-21,https://aachiglobalschool.com/,https://connectedtot.com/find-a-cambridge-school/Details/aachi-global-school/,2026-08-25
IA425,"Delhi World Public School, Noida Extension","Plot No.40A, Kp V(5) Greater Noida,G.B. Nagar, Noida,Noida 201307,Uttar Pradesh,India",GAUTAM BUDDHA NAGAR,UTTAR PRADESH,201307,board,Early Years / Primary,,2023-12-20,,https://connectedtot.com/find-a-cambridge-school/Details/delhi-world-public-school-noida-extension/,2026-08-25
IA427,Advaita International School,"SF No. 65/1A3A, Subash School Road, Andipalayam, Tirupur - 641687",TIRUPPUR,TAMIL NADU,641687,board,Primary / Lower Secondary,Day school,2024-12-06,http://www.advaitaschool.in/,https://connectedtot.com/find-a-cambridge-school/Details/advaita-international-school/,2026-08-25
IA428,The Shanti Niketan International School,A- 252 Shastri Nagar Jodhpur Rajasthan 342008,JODHPUR,RAJASTHAN,342008,board,Early Years / Primary,Day school,2024-01-25,http://www.theshantiniketan.org/,https://connectedtot.com/find-a-cambridge-school/Details/the-shanti-niketan-international-school/,2026-08-25
IA429,Vyasa International School,"Sy.101/2,BEL North Gate,Vidyaranyapura,Bangalore -560097",BENGALURU URBAN,KARNATAKA,560097,board,Primary,Day school,2024-04-02,http://www.vyasainternationalschool.org/,https://connectedtot.com/find-a-cambridge-school/Details/vyasa-international-school/,2026-08-25
IA436,Jesus' Sacred Heart School,"Dx-1, South City,Ludhiana,Punjab 142027,India",LUDHIANA,PUNJAB,142027,board,Primary / Lower Secondary,,2024-04-30,,https://connectedtot.com/find-a-cambridge-school/Details/jesus-sacred-heart-school/,2026-08-25
IA438,BEYOND 8 - BANGALORE,"C/O Gopalan International School,Basavanagar, Seetharampalya - Hoodi Road,Seetharampalya, Hoodi, Bengaluru 560048",BENGALURU URBAN,KARNATAKA,560048,board,Upper Secondary / Advanced,,2024-01-19,,https://connectedtot.com/find-a-cambridge-school/Details/beyond-8-bangalore/,2026-08-25
IA440,Advita International School,"9-1-328, Beside Ambedkar Stadium, Opp Bhagath Singh Statue, Bhagathnagar, Karimnagar, Telangana 505001",KARIMNAGAR,TELANGANA,505001,board,Primary / Lower Secondary,Day school,,https://advitainternationalschool.com/,https://connectedtot.com/find-a-cambridge-school/Details/advita-international-school-2/,2026-08-25
IA441,Brainiacs International School,"5Th Floor, Industry House,Ht Parekh Marg,Churchgate,Mumbai,Maharashtra 400020,India",MUMBAI,MAHARASHTRA,400020,board,Lower Secondary / Upper Secondary,,2023-11-14,,https://connectedtot.com/find-a-cambridge-school/Details/brainiacs-international-school/,2026-08-25
IA442,Edumont World School,"Nabha-Patiala Road, Near Rohti Pul,Nabha,Punjab 147201,India",PATIALA,PUNJAB,147201,board,Early Years,,2024-04-10,,https://connectedtot.com/find-a-cambridge-school/Details/edumont-world-school/,2026-08-25
IA443,TATVA School,,CHENGALPATTU,TAMIL NADU,600127,board,,,2024-09-17,,https://connectedtot.com/find-a-cambridge-school/Details/tatva-school-1/,2026-08-25
IA444,Wellington College International Pune,,PUNE,MAHARASHTRA,,,,,2024-08-13,,https://connectedtot.com/find-a-cambridge-school/Details/wellington-college-international-pune/,2026-08-25
IA445,Pollocks Intelli School,,VISAKHAPATANAM,ANDHRA PRADESH,,,,,2025-03-26,,https://connectedtot.com/find-a-cambridge-school/Details/pollocks-intelli-school/,2026-08-25
IA446,Mini Minds by The Intelli School,"# 11-8-34, Plot No. 33, Road No. 3, Daspalla Layout, Visakhapatnam 530 003",VISAKHAPATANAM,ANDHRA PRADESH,530003,board,Early Years,Day school,,http://www.intellischool.in/,https://connectedtot.com/find-a-cambridge-school/Details/mini-minds-by-the-intelli-school-2/,2026-08-25
IA447,Lodha Oakwood School,"Lodha Oakwood School Lodha Oakwood School, off Eastern Freeway, near BKC, Wadala, Mumbai, Maharashtra 400022",MUMBAI,MAHARASHTRA,400022,board,Early Years / Primary / Lower Secondary / Upper Secondary / Advanced,Day school,2024-07-22,https://lodhaoakwoodschool.com/,https://connectedtot.com/find-a-cambridge-school/Details/lodha-oakwood-school/,2026-08-25
IA448,Kalvi Intercontinental School,"1/132, Nagari Main Road, Sholavandan, Madurai - 625234, Rayapuram, Tamil Nadu, 625234",MADURAI,TAMIL NADU,625234,board,Early Years / Primary / Lower Secondary,Day school,2025-03-24,https://kalvicambridgeschool.com/,https://connectedtot.com/find-a-cambridge-school/Details/kalvi-intercontinental-school/,2026-08-25
IA452,Allenhouse Public School Vrindavan,"HS 01, Sector 6C, Vrindavan Yojna, Telibagh, Lucknow",MATHURA,UTTAR PRADESH,,,Primary / Lower Secondary,Day school,2025-02-26,https://allenhouselucknow.com/Site/Home/210000001_210000001_Home,https://connectedtot.com/find-a-cambridge-school/Details/allenhouse-public-school-vrindavan/,2026-08-25
IA453,Allenhouse Public School Khalasi Line Kanpur,"10/441 Khalasi Lines, Kanpur, Kanpur, Uttar Pradesh, 208001",KANPUR NAGAR,UTTAR PRADESH,208001,board,Primary,Day school,2025-02-27,https://www.%20allenhousekhalasiline.com/,https://connectedtot.com/find-a-cambridge-school/Details/allenhouse-public-school-khalasi-line-kanpur/,2026-08-25
IA454,Delhi Public School Kalyanpur,,KANPUR NAGAR,UTTAR PRADESH,208017,india_post_directory,,,2024-07-18,,https://connectedtot.com/find-a-cambridge-school/Details/delhi-public-school-kalyanpur/,2026-08-25
IA455,Vidhyashram Global School,,JODHPUR,RAJASTHAN,,,,,2024-06-24,,https://connectedtot.com/find-a-cambridge-school/Details/vidhyashram-global-school/,2026-08-25
IA457,Learning Spaces International,"Survey 49, Narsanda Vadtal Road, Rajnagar 387345, Kheda District, Gujarat, India",KHEDA,GUJARAT,387345,board,Early Years,Day school,2024-08-14,https://www.learningspacesinternational.school/,https://connectedtot.com/find-a-cambridge-school/Details/learning-spaces-international/,2026-08-25
IA461,Brimming High International School,,KANCHIPURAM,TAMIL NADU,,,,,2025-03-18,,https://connectedtot.com/find-a-cambridge-school/Details/brimming-high-international-school/,2026-08-25
IA462,Stayqrious Neoschool,,BENGALURU URBAN,KARNATAKA,,,,,2024-05-28,,https://connectedtot.com/find-a-cambridge-school/Details/stayqrious-neoschool/,2026-08-25
IA465,Marian Global School,,CHIKKAMAGALURU,KARNATAKA,,,,,2025-03-25,,https://connectedtot.com/find-a-cambridge-school/Details/marian-global-school/,2026-08-25
IA466,Utpal Shanghvi Global School,,MUMBAI SUBURBAN,MAHARASHTRA,400103,same_school_other_board,,,2024-12-16,,https://connectedtot.com/find-a-cambridge-school/Details/utpal-shanghvi-global-school-1/,2026-08-25
IA467,Little World Learning Centre,"Little World Learning Centre, Tilwara, Pincode - 482003",JABALPUR,MADHYA PRADESH,482003,board,Primary,Day school,2023-01-30,https://littleworldlearningcentre.in/,https://connectedtot.com/find-a-cambridge-school/Details/little-world-learning-centre-2/,2026-08-25
IA470,Saviors Global School,,RAIGAD,MAHARASHTRA,,,,,2024-08-01,,https://connectedtot.com/find-a-cambridge-school/Details/saviors-global-school/,2026-08-25
IA472,RVS International Academy,,BENGALURU URBAN,KARNATAKA,,,,,2024-09-28,,https://connectedtot.com/find-a-cambridge-school/Details/rvs-international-academy/,2026-08-25
IA474,Akash International School,"Akash School Campus, Opp Kansumra Village Gate, Behind Madhav Bagh 5, Jamnagar 361006.",JAMNAGAR,GUJARAT,361006,board,Early Years / Primary / Lower Secondary,Day school,,http://vedantgroupofschools.com/,https://connectedtot.com/find-a-cambridge-school/Details/akash-international-school-3/,2026-08-25
IA475,Skill Stork International School,"#55-1-219, SVS Campus, Bheemaram, Hasanparthy(m), Hanamkonda, Warangal, Telangana State, India - 506015",HANUMAKONDA,TELANGANA,506015,board,Lower Secondary / Upper Secondary / Advanced,,2021-09-16,http://www.skillstork.org/,https://connectedtot.com/find-a-cambridge-school/Details/skill-stork-international-school/,2026-08-25
IA476,Shri Ram Global School,"Hs-03, Techzone -7,Greater Noida,Uttar Pradesh 203207,India",GAUTAM BUDDHA NAGAR,UTTAR PRADESH,203207,board,Early Years / Primary / Lower Secondary,,2023-03-14,,https://connectedtot.com/find-a-cambridge-school/Details/shri-ram-global-school/,2026-08-25
IA477,De Paul International Residential School,"BELAGOLA P.O., SRIRANGAPATNA- TALUK, MANDYA- DIST, KARNATAKA -571606",MANDYA,KARNATAKA,571606,board,Lower Secondary / Upper Secondary / Advanced,Day school,2024-04-23,http://www.dpirs.org/,https://connectedtot.com/find-a-cambridge-school/Details/de-paul-international-residential-school/,2026-08-25
IA478,Canara International School,"Canara international school,A.S.R.P road,kodialbail, Mangalore -575003",DAKSHINA KANNADA,KARNATAKA,575003,board,Primary / Lower Secondary,Day school,2024-04-29,https://canaraedu.org/,https://connectedtot.com/find-a-cambridge-school/Details/canara-international-school/,2026-08-25
IA481,Cambrian Hall,,DEHRADUN,UTTARAKHAND,248003,same_school_other_board,,,2024-09-06,,https://connectedtot.com/find-a-cambridge-school/Details/cambrian-hall/,2026-08-25
IA483,Sri Chaitanya School,"Plot No. 9 to 16, Opp Indian oil petrol pump, Miyapur X roads, Hyderabad, Telangana - 500049.",MEDCHAL MALKAJGIRI,TELANGANA,500049,board,Upper Secondary / Advanced,Day school,2025-04-02,https://www.futurepathways.in/miyapur,https://connectedtot.com/find-a-cambridge-school/Details/sri-chaitanya-school/,2026-08-25
IA485,Sri Hemkunt Senior Secondary School,,MOGA,PUNJAB,,,,,2024-11-19,,https://connectedtot.com/find-a-cambridge-school/Details/sri-hemkunt-senior-secondary-school/,2026-08-25
IA487,Scholars Ark International School,"Scholars Ark International School KVR Nagar, Mangalam Road, Tiruppur, Tamilnadu – 641 604, Tirupur, Tamil Nadu, 641604",TIRUPPUR,TAMIL NADU,641604,board,Primary / Lower Secondary,Day school,2025-02-03,https://scholars-ark.in/,https://connectedtot.com/find-a-cambridge-school/Details/scholars-ark-international-school/,2026-08-25
IA488,Excellencia Infinitum School,,RANGA REDDY,TELANGANA,,,,,2025-02-17,,https://connectedtot.com/find-a-cambridge-school/Details/excellencia-infinitum-school/,2026-08-25
IA490,Roots School Kota,"23, NAMRATA AWAS, BAJRANG NAGAR KOTA, Kota, Rajasthan, 324001",KOTA,RAJASTHAN,324001,board,Early Years,Day school,,http://www.rootsschools.com/,https://connectedtot.com/find-a-cambridge-school/Details/roots-school-kota-2/,2026-08-25
IA492,"Billabong High International School, Mulund",,MUMBAI SUBURBAN,MAHARASHTRA,,,,,2025-01-09,,https://connectedtot.com/find-a-cambridge-school/Details/billabong-high-international-school-mulund/,2026-08-25
IA495,Empyrean School,,RAIGAD,MAHARASHTRA,,,,,2024-11-19,,https://connectedtot.com/find-a-cambridge-school/Details/empyrean-school/,2026-08-25
IA497,Cedar Valley International School,,KHAMMAM,TELANGANA,,,,,2025-03-11,,https://connectedtot.com/find-a-cambridge-school/Details/cedar-valley-international-school/,2026-08-25
IA498,Delhi Public School Noida,,GAUTAM BUDDHA NAGAR,UTTAR PRADESH,201301,board,,,2025-02-12,,https://connectedtot.com/find-a-cambridge-school/Details/delhi-public-school-noida/,2026-08-25
IA499,Foundation World School - Illahi Bagh,"5R79+XP8, Rangpur, Illahi Bagh, Srinagar, Jammu and Kashmir 190024",SRINAGAR,JAMMU AND KASHMIR,190024,board,Primary,Day school,2024-12-09,http://www.fwsillahibagh.org/,https://connectedtot.com/find-a-cambridge-school/Details/foundation-world-school-illahi-bagh/,2026-08-25
IA502,B.R. Birla Public School,"Beyond CHB, Katariya Choukha, Gopal Bari, Jhanwar Rd, Green Park, Jodhpur, Rajasthan 342014",JODHPUR,RAJASTHAN,342014,board,Primary / Lower Secondary,Day-cum-boarding,2024-12-18,https://www.brbirlaschool.com/,https://connectedtot.com/find-a-cambridge-school/Details/cls-b-r-birla-public-school-jodhpur-ia502/,2026-08-25
IA503,Calico Global School,"17th road, Khar (W), Mumbai 400052, Mumbai, Maharashtra, 400052",MUMBAI SUBURBAN,MAHARASHTRA,400052,board,Primary,Day school,2025-01-03,https://www.calicoglobal.net/,https://connectedtot.com/find-a-cambridge-school/Details/calico-global-school/,2026-08-25
IA507,BVM GLOBAL SCHOOL,"BVM Global School, Bollineni Hillside, Perumbakkam Main Road, Nookampalayam. Pincode: 600126",CHENGALPATTU,TAMIL NADU,600126,board,Primary / Lower Secondary,Day school,2024-10-10,https://bvminternational.org/,https://connectedtot.com/find-a-cambridge-school/Details/bvm-global-cambridge-international-school/,2026-08-25
IA508,Shantiniketan International School,"Sr no- 704, Bowrampet, Near Bachupally, Hyderabad - 500016, Hyderabad, Telangana, 500016",HYDERABAD,TELANGANA,500016,board,Lower Secondary / Upper Secondary,Day school,2025-02-17,https://www.snis.org.in/,https://connectedtot.com/find-a-cambridge-school/Details/shantiniketan-international-school-1/,2026-08-25
IA513,Green Land Convent School,"New Subhash Nagar, Basti Jodhewal Ludhiana",LUDHIANA,PUNJAB,141007,india_post_directory,Early Years / Primary / Lower Secondary,Day school,2025-03-10,https://www.greenlandsubhashnagar.com/home.aspx,https://connectedtot.com/find-a-cambridge-school/Details/green-land-convent-school/,2026-08-25
IA514,LOKHAA School,,TIRUPPUR,TAMIL NADU,,,,,,,https://connectedtot.com/find-a-cambridge-school/Details/lokhaa-school/,2026-08-25
IA516,Sharanalaya Montessori School,,CHENNAI,TAMIL NADU,,,,,2025-02-20,,https://connectedtot.com/find-a-cambridge-school/Details/sharanalaya-montessori-school/,2026-08-25
IA517,Delhi Public School,,GURUGRAM,HARYANA,122001,board,,,2025-04-10,,https://connectedtot.com/find-a-cambridge-school/Details/delhi-public-school-18/,2026-08-25
IA519,Aspire Heritage School,"KP Bagh, across Mehjoor Bridge, Srinagar 190008",SRINAGAR,JAMMU AND KASHMIR,190008,board,Primary,Day school,2025-01-08,https://www.aspireheritage.org/home,https://connectedtot.com/find-a-cambridge-school/Details/aspire-heritage-school/,2026-08-25
IA520,Delhi World Public School,,RANGA REDDY,TELANGANA,500070,board,,,2024-06-21,,https://connectedtot.com/find-a-cambridge-school/Details/delhi-world-public-school-1/,2026-08-25
IA522,Modern Vidya Niketan Aravali Hills,,FARIDABAD,HARYANA,,,,,2025-01-09,,https://connectedtot.com/find-a-cambridge-school/Details/modern-vidya-niketan-aravali-hills/,2026-08-25
IA523,"Modern Vidya Niketan, Sector 88",,FARIDABAD,HARYANA,,,,,2025-01-09,,https://connectedtot.com/find-a-cambridge-school/Details/modern-vidya-niketan-sector-88/,2026-08-25
IA524,Apollo International School,,AHMADABAD,GUJARAT,380015,board,,,2025-02-05,,https://connectedtot.com/find-a-cambridge-school/Details/apollo-international-school/,2026-08-25
IA525,Ivy World Play School Ludhiana,,LUDHIANA,PUNJAB,,,,,2025-02-18,,https://connectedtot.com/find-a-cambridge-school/Details/ivy-world-play-school-ludhiana/,2026-08-25
IA526,Campion International School,,,MAHARASHTRA,,,,,2025-03-26,,https://connectedtot.com/find-a-cambridge-school/Details/campion-international-school-1/,2026-08-25
IA527,The Little Legends Montessori,Opposite Nathu Sweets Model Town Yamuna Nagar 135001,YAMUNANAGAR,HARYANA,135001,board,Early Years,Day school,2025-03-05,https://littlelegendsmontessori.com/,https://connectedtot.com/find-a-cambridge-school/Details/the-little-legends-montessori/,2026-08-25
IA528,Ivy World Play School,,JALANDHAR,PUNJAB,144003,board,,,2025-02-18,,https://connectedtot.com/find-a-cambridge-school/Details/ivy-world-play-school-1/,2026-08-25
IA529,Thomas Baptista International School,"Mahatma Gandhi Rd, Opposite Our Lady of Grace Cathedral, Papdy, Vasai (W) 401207",PALGHAR,MAHARASHTRA,401207,board,Early Years / Primary,Day school,2025-03-11,https://www.thomasbaptistainternationalschool.in/home,https://connectedtot.com/find-a-cambridge-school/Details/thomas-baptista-international-school/,2026-08-25
IA530,IBW Home Schooling,,THRISSUR,KERALA,680001,board,,,2025-04-01,,https://connectedtot.com/find-a-cambridge-school/Details/ibw-home-schooling/,2026-08-25
IA532,Delhi Public School Abohar,"National Highway-15, Sri Ganganagar Road, Abohar 152116",FAZILKA,PUNJAB,152116,board,Early Years / Primary / Lower Secondary,Day school,2025-02-17,http://www.dps.edu.in/,https://connectedtot.com/find-a-cambridge-school/Details/delhi-public-school-abohar/,2026-08-25
IA533,Kothari International School,"Survey No 54, Fountain road, Down Town, Kharadi , Pune -411014",PUNE,MAHARASHTRA,411014,board,Primary,Day school,2025-06-18,https://www.kispune.com/cambridge/,https://connectedtot.com/find-a-cambridge-school/Details/kothari-international-school-1/,2026-08-25
IA534,Coorg Signature Academy,,KODAGU,KARNATAKA,,,,,,,https://connectedtot.com/find-a-cambridge-school/Details/coorg-signature-academy/,2026-08-25
IA535,"SNBP World School, Handewadi",,PUNE,MAHARASHTRA,,,,,2025-03-27,,https://connectedtot.com/find-a-cambridge-school/Details/snbp-world-school-handewadi/,2026-08-25
IA537,Tenbroeck Academy,"Tenbroeck academy, BP Wadia Rd, Basavanagudi, Bengaluru, Karnataka 560004",BENGALURU URBAN,KARNATAKA,560004,board,Lower Secondary,Day school,2025-05-23,https://www.tenbroeckacademy.com/,https://connectedtot.com/find-a-cambridge-school/Details/tenbroeck-academy/,2026-08-25
IA543,Birla Open Minds School,,KARIMNAGAR,TELANGANA,505001,same_school_other_board,,,,,https://connectedtot.com/find-a-cambridge-school/Details/birla-open-minds-school/,2026-08-25
IA545,The Indian Heights School,,SOUTH WEST,DELHI,,,,,,,https://connectedtot.com/find-a-cambridge-school/Details/the-indian-heights-school/,2026-08-25
IA546,Aravali International School,,FARIDABAD,HARYANA,,,,,,,https://connectedtot.com/find-a-cambridge-school/Details/aravali-international-school-1/,2026-08-25
IA549,"Slate - The School, Tirupati",,CHITTOOR,ANDHRA PRADESH,,,,,,,https://connectedtot.com/find-a-cambridge-school/Details/slate-the-school-tirupati/,2026-08-25
IA551,"Slate The School, Bowrampet",,MEDCHAL MALKAJGIRI,TELANGANA,500043,india_post_directory,,,,,https://connectedtot.com/find-a-cambridge-school/Details/slate-the-school-bowrampet/,2026-08-25
IA552,"Slate The School, Gannavaram",,KRISHNA,ANDHRA PRADESH,521101,india_post_directory,,,,,https://connectedtot.com/find-a-cambridge-school/Details/slate-the-school-gannavaram/,2026-08-25
IA554,The Sanskriti School Lucknow,THE SANSKRITI SCHOOL LUCKNOW C G CITY CHAK GANJARIA NEAR BHARAT RATNA SHRI ATAL BIHARI VAJPAYEE EKANA CRICKET STADIUM LUCKNOW 226002,LUCKNOW,UTTAR PRADESH,226002,board,Lower Secondary / Upper Secondary / Advanced,Day school,2025-05-23,https://www.thesanskriti.edu.in/,https://connectedtot.com/find-a-cambridge-school/Details/the-sanskriti-school-lucknow/,2026-08-25
IA555,Geetanjali International School,"3PGQ+3M, Bengaluru, Karnataka 562129, Bengaluru, Karnataka 560049",BENGALURU RURAL,KARNATAKA,562129,board,Early Years / Primary,Day school,2025-05-29,https://www.geetanjaliinternationalschool.com/,https://connectedtot.com/find-a-cambridge-school/Details/geetanjali-international-school/,2026-08-25
IA557,The Learning Centre,,DAKSHINA KANNADA,KARNATAKA,575003,board,,,,,https://connectedtot.com/find-a-cambridge-school/Details/the-learning-centre-1/,2026-08-25
IA558,Bunts Sangha's Arathi Shetty International School,,MUMBAI SUBURBAN,MAHARASHTRA,,,,,,,https://connectedtot.com/find-a-cambridge-school/Details/bunts-sanghas-arathi-shetty-international-school/,2026-08-25
IA560,Sacred Heart International School,"S V ROAD, SANTACRUZ WEST, MUMBAI 400054",MUMBAI SUBURBAN,MAHARASHTRA,400054,board,Primary / Lower Secondary,Day school,2025-03-11,http://www.sacredheartintl.org/,https://connectedtot.com/find-a-cambridge-school/Details/sacred-heart-international-school/,2026-08-25
IA561,Bihani Children's Academy,"Sri Ganganagar, Sri Ganganagar, Rajasthan, 335001",GANGANAGAR,RAJASTHAN,335001,board,Lower Secondary / Upper Secondary / Advanced,Day school,2025-07-22,https://www.bihanichildrensacademy.com/,https://connectedtot.com/find-a-cambridge-school/Details/bihani-childrens-academy/,2026-08-25
IA563,GM SANGANI Junior School,"Near Madhapar D-Mart, Opp. Madhapar Post Office.Jamnagar Road. Madhapar, Rajkot, Rajkot, Gujarat, 360006",RAJKOT,GUJARAT,360006,board,Early Years,,2025-12-11,https://gmsangani.in/,https://connectedtot.com/find-a-cambridge-school/Details/gm-sangani-junior-school/,2026-08-25
IA565,Billabong High International School Erode,,ERODE,TAMIL NADU,,,,,,,https://connectedtot.com/find-a-cambridge-school/Details/billabong-high-international-school-erode/,2026-08-25
IA567,Githanjali The Global School,"1-110/A/72, Raghavendra Nagar, Raghavendra Colony, Kondapur, Telangana 500084",HYDERABAD,TELANGANA,500084,board,Early Years / Primary / Lower Secondary,Day school,2025-05-29,https://www.githanjalitheglobalschool.com/,https://connectedtot.com/find-a-cambridge-school/Details/githanjali-the-global-school/,2026-08-25
IA569,Delhi Public International School,,DHAR,MADHYA PRADESH,454552,board,,,,,https://connectedtot.com/find-a-cambridge-school/Details/delhi-public-international-school/,2026-08-25
IA573,Reindeer International School,"SNo. 44/1A2,2A21B1, Kiliyur Village, Near Yercaud Lake, Yercaud, Salem District, Tamil Nadu, India. Pin: 636602., Salem, Tamil Nadu, 636602",SALEM,TAMIL NADU,636602,board,Primary / Lower Secondary,"Fully residential,Weekly boarding",2025-11-20,https://reindeerschools.com/,https://connectedtot.com/find-a-cambridge-school/Details/reindeer-international-school/,2026-08-25
IA577,SLIS Curious Cubs,"Office no 17th , Podium 2, Rosa Manhattan Kavesar, Hiranandani Estate, Thane West, Maharashtra 400607, India, Mumbai, Maharashtra, 400607",THANE,MAHARASHTRA,400607,board,Early Years,Day school,2026-02-23,http://www.curiouscubs.net.in/,https://connectedtot.com/find-a-cambridge-school/Details/slis-curious-cubs/,2026-08-25
IA578,Dhruv Global School,"Abnave Nagar, Kondhwa-Undri-Saswad Rd, Handewadi, Pune, Maharashtra 411060, Pune, Maharashtra, 411060",PUNE,MAHARASHTRA,411060,board,Primary,Day school,2025-07-04,https://www.dhruv.edu.in/,https://connectedtot.com/find-a-cambridge-school/Details/dhruv-global-school/,2026-08-25
IA580,Redwood High International School,,MUMBAI SUBURBAN,MAHARASHTRA,,,,,,,https://connectedtot.com/find-a-cambridge-school/Details/redwood-high-international-school/,2026-08-25
IA586,Ananta Veda International School,"Kangayam Rd, KNS Subramaniam Nagar, Amarjothi Garden, Tiruppur, Tamil Nadu 641604, Tirupur, Tamil Nadu, 641604",TIRUPPUR,TAMIL NADU,641604,board,Lower Secondary / Upper Secondary,Day school,2025-07-04,https://www.anantaveda.in/,https://connectedtot.com/find-a-cambridge-school/Details/ananta-veda-international-school/,2026-08-25
IA593,GIG International School,"NO.93/2, CHOKKASANDRA, HUSKUR MAIN ROAD, SARJAPURA HOBLI, ANEKAL TALUK, Bengaluru, Karnataka, 560099",BENGALURU URBAN,KARNATAKA,560099,board,Primary,Day school,2025-06-23,https://mygigis.org/cambridge/gallery/,https://connectedtot.com/find-a-cambridge-school/Details/gig-international-school/,2026-08-25
IA594,Wisfield International School,"National Highway 45, Pazhaveli, Chengalpattu, Tamil Nadu - 603111, Chengalpattu, Tamil Nadu, 603111",CHENGALPATTU,TAMIL NADU,603111,board,Early Years / Primary,Day school,2025-07-24,https://wisfieldschool.com/,https://connectedtot.com/find-a-cambridge-school/Details/wisfield-international-school/,2026-08-25
IA601,Bramhapriya World School,,PUNE,MAHARASHTRA,,,,,,,https://connectedtot.com/find-a-cambridge-school/Details/bramhapriya-world-school/,2026-08-25
IA602,Stanes Anglo Indian Higher Secondary School,,COIMBATORE,TAMIL NADU,,,,,2024-08-14,,https://connectedtot.com/find-a-cambridge-school/Details/stanes-anglo-indian-higher-secondary-school/,2026-08-25
IA606,Naavi Early Years,"99, Inner Circle, Dodsworth Layout, Bangalore, Bengaluru, Karnataka, 560066",BENGALURU URBAN,KARNATAKA,560066,board,Early Years,Day school,2025-07-03,https://www.naaviearlyyears.edu.in/,https://connectedtot.com/find-a-cambridge-school/Details/naavi-early-years/,2026-08-25
IA611,Roots School,"31, SYDNEY STREET, RAWATHBHATA MAIN ROAD, SHREENATHPURAM -E, KOTA, Kota, Rajasthan, 324010",KOTA,RAJASTHAN,324010,board,Primary,Day school,2025-07-31,https://www.rootsschools.com/,https://connectedtot.com/find-a-cambridge-school/Details/roots-school/,2026-08-25
IA615,NEXT School,"Next School,Off Devidayal Road ,Mulund West, Mumbai, Maharashtra, 400080",MUMBAI SUBURBAN,MAHARASHTRA,400080,board,Upper Secondary,Day school,2025-10-30,https://www.nextschool.org/,https://connectedtot.com/find-a-cambridge-school/Details/next-school/,2026-08-25
IA616,Tapas Progressive School,"213, Cavalry Chapel Road, Bengaluru, Karnataka, 560082",BENGALURU URBAN,KARNATAKA,560082,board,Primary / Lower Secondary,Day school,2025-11-26,https://tapaseducation.com/,https://connectedtot.com/find-a-cambridge-school/Details/tapas-progressive-school/,2026-08-25
IA620,Geethanjali High School,"1-2-147/7,Old Kothagudem Rd, Suthar Basthi ,Goutham nagar, SCB Nagar, Kothagudem, Telangana 507118, Telangana, Andhra Pradesh, 507118",BHADRADRI KOTHAGUDEM,TELANGANA,507118,board,Early Years / Primary / Lower Secondary,Day school,2026-04-09,https://ghscambridge.com/,https://connectedtot.com/find-a-cambridge-school/Details/geethanjali-high-school/,2026-08-25
IA621,Edify World School Bileshivale,"Edify World School, Survey No. 146, Avalahalli Road, Kalkere Village, Bangalore 562149, Bangalore, Karnataka, 562149",BENGALURU URBAN,KARNATAKA,562149,board,Lower Secondary,Day school,2026-01-16,https://edifyworldschoolbileshivale.com/,https://connectedtot.com/find-a-cambridge-school/Details/edify-world-school-bileshivale/,2026-08-25
IA640,Glendale International School,"3-109 Gopannapally,Nallagandla,Osman Nagar,Hyderabad,Telangana 500075,India",RANGA REDDY,TELANGANA,500075,board,Primary / Lower Secondary / Upper Secondary,,2022-03-01,,https://connectedtot.com/find-a-cambridge-school/Details/glendale-international-school/,2026-08-25
IA642,Gyananda School For Girls,"Gyananda School For Girls, 49 Subhash Road, Near Race Course, Dehradun-248001",DEHRADUN,UTTARAKHAND,248001,board,Primary / Lower Secondary,Day school,2020-07-29,http://www.gyanandadoon.org/,https://connectedtot.com/find-a-cambridge-school/Details/gyananda-school-for-girls/,2026-08-25
IA643,Delhi Public Primary School,"A-21 1st Extension, Kamla Nehru Nagar, Jodhpur, Rajasthan",JODHPUR,RAJASTHAN,,,Primary / Lower Secondary,Day school,2020-07-15,http://www.dpsjodhpur.co.in/,https://connectedtot.com/find-a-cambridge-school/Details/delhi-public-primary-school/,2026-08-25
IA644,"OES International School, Vashi","Plot No, 149, Juhu Gaon Khadi Rd, Juhu Nagar, Sector 12, Vashi, Navi Mumbai, Maharashtra 400703",THANE,MAHARASHTRA,400703,board,Primary / Lower Secondary / Upper Secondary,Day school,2020-07-22,http://oesis.edu.in/,https://connectedtot.com/find-a-cambridge-school/Details/oes-international-school-vashi/,2026-08-25
IA645,Valistus International School,"C/O Chalasani Education Trust, Sy 96/2 , Seegehalli, Bengaluru East, Bidarahalli Hobli,Whitefield Hoskote Main Road, Kannamangala Post,Bengaluru, Karnataka 560067,India",BENGALURU RURAL,KARNATAKA,560067,board,Primary / Lower Secondary / Upper Secondary,,2021-02-25,http://www.valistus.in/,https://connectedtot.com/find-a-cambridge-school/Details/valistus-international-school/,2026-08-25
IA647,Ivy World School,"Hoshiarpur Road, Rama Mandi, Jalandhar - 144007",JALANDHAR,PUNJAB,144007,board,Primary,Day school,2020-07-21,https://ivyworldschool.in/,https://connectedtot.com/find-a-cambridge-school/Details/ivy-world-school/,2026-08-25
IA648,Yellow Train School,"Mudalipalayam, Arasur, Tamil Nadu, 641407",COIMBATORE,TAMIL NADU,641407,board,Upper Secondary / Advanced,Day school,2023-06-02,http://www.yellowtrainschool.com/,https://connectedtot.com/find-a-cambridge-school/Details/yellow-train-school/,2026-08-25
IA651,Teoler Unbounded,"Teoler Unbounded, Sukhija Vihar, Maharana Pratap Marg, Near Rangoli Gardens, Jaipur - 302041",JAIPUR,RAJASTHAN,302041,board,Primary / Lower Secondary / Upper Secondary,Day school,2021-05-11,http://unbounded.teoler.com/,https://connectedtot.com/find-a-cambridge-school/Details/teoler-unbounded/,2026-08-25
IA652,Learners International School,"48 B Knowledge Park III, Greater Noida, Gautam Budh Nagar,Uttar Pradesh",GAUTAM BUDDHA NAGAR,UTTAR PRADESH,201308,same_school_other_board,Lower Secondary / Upper Secondary,,2021-06-01,https://learners-international.com/,https://connectedtot.com/find-a-cambridge-school/Details/learners-international-school/,2026-08-25
IA654,Aachi Global School Anna Nagar,"No.53A, Church Street, Thangam Colony, Anna Nagar West, Chennai 600040",CHENNAI,TAMIL NADU,600040,board,Early Years / Primary,Day school,2020-07-20,http://www.aachiglobalschool.com/,https://connectedtot.com/find-a-cambridge-school/Details/aachi-global-school-anna-nagar/,2026-08-25
IA656,VIP's International School,,HYDERABAD,TELANGANA,,,,,2024-06-21,,https://connectedtot.com/find-a-cambridge-school/Details/vips-international-school-1/,2026-08-25
IA658,"The Hyderabad Public School, Begumpet","Begumpet S.P.Road, Hyderabad, Telangana, India",HYDERABAD,TELANGANA,500016,same_school_other_board,Lower Secondary / Upper Secondary,Day school,2021-02-08,https://hpsbegumpet.org.in/,https://connectedtot.com/find-a-cambridge-school/Details/the-hyderabad-public-school-begumpet/,2026-08-25
IA659,Prometheus School,"I-7, Jaypee Wishtown, Sector 131, Noida 201304",GAUTAM BUDDHA NAGAR,UTTAR PRADESH,201304,board,Upper Secondary / Advanced,Day school,2020-07-28,https://prometheusschool.com/,https://connectedtot.com/find-a-cambridge-school/Details/prometheus-school/,2026-08-25
IA660,Doon International School,"Doon International School, Verka Bypass, Amritsar, 143001",AMRITSAR,PUNJAB,143001,board,Primary,Day school,2024-11-13,https://doonamritsar.com/,https://connectedtot.com/find-a-cambridge-school/Details/doon-international-school-1/,2026-08-25
IA662,AIMEE International School,"24-7-4/1, Ward No 24, Opp Varunika Paradise Apts, Prathuru, Mangalagiri Tadepalli Mun Corporation 522501",GUNTUR,ANDHRA PRADESH,522501,board,Primary / Lower Secondary,Day school,2021-07-19,http://schoolaimee.in/,https://connectedtot.com/find-a-cambridge-school/Details/aimee-international-school/,2026-08-25
IA663,"Velammal Global School, Mambakkam","Unit of Learnvel Pvt Ltd, Medavakkam, Mambakkam Main Road, Polachery, Mambakkam Chennai - 600127, Tamil Nadu, India",CHENGALPATTU,TAMIL NADU,600127,board,Early Years / Primary / Lower Secondary / Upper Secondary / Advanced,,2021-04-14,http://www.velammalglobal.edu.in/,https://connectedtot.com/find-a-cambridge-school/Details/velammal-global-school-mambakkam/,2026-08-25
IA664,Vidya Niketan School,"No. 30 Kempapura,Hebbal,Bangalore 560024,Karnataka,India",BENGALURU URBAN,KARNATAKA,560024,board,Lower Secondary / Upper Secondary,,2021-02-10,,https://connectedtot.com/find-a-cambridge-school/Details/vidya-niketan-school/,2026-08-25
IA668,Alma Mater School,"Khasra No. 103/5, 103/6, 103/7, 103/9, 103/10, Village Boranada, Tehsil - Luni, Jodhpur, Rajasthan, India",JODHPUR,RAJASTHAN,342012,india_post_directory,Primary / Lower Secondary / Upper Secondary / Advanced,Day school,2021-03-16,http://www.almamater.education/,https://connectedtot.com/find-a-cambridge-school/Details/alma-mater-school/,2026-08-25
IA670,The Bharath Academy,"Blueberry Hills, Yeyyady Road, Mangalore 575008, Karnataka, India",DAKSHINA KANNADA,KARNATAKA,575008,board,Primary / Lower Secondary / Upper Secondary / Advanced,Day school,2021-10-08,https://thebharathacademy.org/,https://connectedtot.com/find-a-cambridge-school/Details/the-bharath-academy/,2026-08-25
IA673,The Creator International School,"Near DurgaShakti Foods Pvt. Ltd., Sajanpuri, KHAMGAON , District Buldhana, Maharashtra, India 444303",BULDHANA,MAHARASHTRA,444303,board,Lower Secondary / Upper Secondary / Advanced,Day school,2021-05-06,http://www.the-creator.net/,https://connectedtot.com/find-a-cambridge-school/Details/the-creator-international-school/,2026-08-25
IA681,The Origami Concept School,"Pnp Educational Trust,283A Avinashi Road Anna Nagar,Peelamedu, Coimbatore 641004,Tamil Nadu,India",COIMBATORE,TAMIL NADU,641004,board,Early Years / Primary / Lower Secondary,,2022-04-05,http://www.origamischool.in/,https://connectedtot.com/find-a-cambridge-school/Details/the-origami-concept-school/,2026-08-25
IA683,Lil Pallikkoodam,"774, Avinashi Road, Next to Audi Car Showroom, Coimbatore - 641018",COIMBATORE,TAMIL NADU,641018,board,Early Years,Day school,2021-05-19,http://www.lilpallikkoodam.com/,https://connectedtot.com/find-a-cambridge-school/Details/lil-pallikkoodam/,2026-08-25
IA684,Caledonian International School,"Defence Road, Mamun, Pathankot 145001",PATHANKOT,PUNJAB,145001,board,Lower Secondary / Upper Secondary / Advanced,Weekly boarding,2023-03-31,http://www.caledonianinternational.com/,https://connectedtot.com/find-a-cambridge-school/Details/caledonian-international-school/,2026-08-25
IA685,Eva World School,"Next To Tmc Bio-Diversity Park, Behind Hypercity Mall, Anand Nagar, Kasarvadavali,Ghodbunder Road, Thane West,Maharashtra 400615,India",THANE,MAHARASHTRA,400615,board,Lower Secondary / Upper Secondary,,2021-09-21,,https://connectedtot.com/find-a-cambridge-school/Details/eva-world-school/,2026-08-25
IA687,"Delhi Public School, Bhopal","Near Neelbad Crossing, Bhadbhada Road, Bhopal - 462044, Madhya Pradesh, India",BHOPAL,MADHYA PRADESH,462044,board,Early Years,,2021-10-20,https://dpsbhopal.org/,https://connectedtot.com/find-a-cambridge-school/Details/delhi-public-school-bhopal/,2026-08-25
IA688,Anan International School,"14/283/1 Sitra Road,Kalapatti,Coimbatore 641048,Tamil Nadu,India",COIMBATORE,TAMIL NADU,641048,board,Primary,Day school,2021-12-03,https://aisigcse.com/,https://connectedtot.com/find-a-cambridge-school/Details/anan-international-school/,2026-08-25
IA689,Surya The Global School,"Survey No 308 & 307,Kousalya Marg Colony,Miyapur Road, Bachupally,Telangana 500090,India",MEDCHAL MALKAJGIRI,TELANGANA,500090,board,Primary / Lower Secondary,,2022-03-16,,https://connectedtot.com/find-a-cambridge-school/Details/surya-the-global-school/,2026-08-25
IA691,Basil Woods International School,"159/2, Gunjur - Mugalur Rd, Halasahalli, Bengaluru, Karnataka 560087",BENGALURU RURAL,KARNATAKA,560087,board,Early Years / Primary / Lower Secondary / Upper Secondary / Advanced,Day school,2022-05-19,https://basilwoodsinternational.in/,https://connectedtot.com/find-a-cambridge-school/Details/basil-woods-international-school/,2026-08-25
IA692,Apple Global School,"Nr. Sarvottam Hotel, Sarkhej-Sanand Road, Telav, Ahmedabad, Gujarat 382210, India",AHMADABAD,GUJARAT,382210,board,Primary / Lower Secondary,Day school,2022-01-18,http://www.appleglobal.in/,https://connectedtot.com/find-a-cambridge-school/Details/apple-global-school/,2026-08-25
IA695,Bangalore Steiner School,"Sy 451, Lakshminarayanapura Kodiyala-Karenahalli Bidadi Hobli Ramanagara District 562109",RAMANAGARA,KARNATAKA,562109,board,Upper Secondary / Advanced,Day school,2022-05-19,https://www.bangaloresteinerschool.org/,https://connectedtot.com/find-a-cambridge-school/Details/bangalore-steiner-school/,2026-08-25
IA696,Shamrock International School,"SHAMROCK SCHOOL RS NO 271/3, OPP PVP SIDDARTHA ENGINEERING COLLEGE, KANURU, PENAMALURU MANDAL ANDHRA PRADESH,KRISHNA, 520007 (M: ), Vijayawada, Andhra Pradesh, 520007",NTR,ANDHRA PRADESH,520007,board,Early Years / Primary / Lower Secondary / Upper Secondary / Advanced,Day school,2022-06-27,https://shamrockinternationalschool.com/,https://connectedtot.com/find-a-cambridge-school/Details/shamrock-international-school/,2026-08-25
IA697,"Pallavi International School, Gandipet Campus",,RANGA REDDY,TELANGANA,500075,india_post_directory,,,2022-11-02,,https://connectedtot.com/find-a-cambridge-school/Details/pallavi-international-school-gandipet-campus/,2026-08-25
IA698,The Oberai School of Integrated Studies (The Oasis Junior),"2- A, Racecourse Road,Dehradun,Uttarakhand 248001,India",DEHRADUN,UTTARAKHAND,248001,board,Early Years,,2022-04-20,,https://connectedtot.com/find-a-cambridge-school/Details/the-oberai-school-of-integrated-studies-the-oasis-junior/,2026-08-25
IA699,DPS Nadergul,"Survey No:469/1, Opp. to Noble PG college for women, Nadergul, Rangareddy District, Hyderabad, Telangana - 501510",RANGA REDDY,TELANGANA,501510,board,Early Years / Primary,Day school,2022-11-04,http://www.dpsnadergul.in/,https://connectedtot.com/find-a-cambridge-school/Details/dps-nadergul/,2026-08-25
IA700,Delhi Public School Mahendra Hills,"Plot No 2,3,4,6,7,9,10 & 32/A, Survey No 74/9, Mahendra Hills, East Marredpally, Hyderabad, Telangana 500026",HYDERABAD,TELANGANA,500026,board,Early Years / Primary,Day school,2022-10-27,https://www.dpsmahendrahills.in/,https://connectedtot.com/find-a-cambridge-school/Details/delhi-public-school-mahendra-hills/,2026-08-25
IA701,"SV High School, Arumbakkam","1&2 Vinayagapuram 3rd Street (Extension) Arumbakkam, Chennai 600106, Chennai, Tamil Nadu, 600106",CHENNAI,TAMIL NADU,600106,board,Primary / Lower Secondary / Upper Secondary / Advanced,Day school,2022-07-15,https://svhigh.ac.in/,https://connectedtot.com/find-a-cambridge-school/Details/sv-high-school-arumbakkam/,2026-08-25
IA702,21K School,"Door 1, Adarsh Opus, ClayWorks Opus, Unit No. 32, W 76, Campbell Rd, above Lifestyle, Austin Town, Bengaluru, Karnataka 560047",BENGALURU URBAN,KARNATAKA,560047,board,Primary / Lower Secondary / Upper Secondary / Advanced,Day school,2022-03-01,http://www.21kschool.com/,https://connectedtot.com/find-a-cambridge-school/Details/21k-school/,2026-08-25
IA704,Mondrian High,"1, Keshav Vihar, GMS Road, Dehradun, Dehradun, Uttarakhand, 248001",DEHRADUN,UTTARAKHAND,248001,board,Lower Secondary / Upper Secondary / Advanced,Day school,2022-06-07,http://www.mondrianhigh.com/,https://connectedtot.com/find-a-cambridge-school/Details/mondrian-high/,2026-08-25
IA706,MPS L.K. Waghji International,"Laxmi Narayan Road,Matunga Central Railway, Opposite Flamingo Hall,Matunga (East),Mumbai 400019,Maharashtra,India",MUMBAI,MAHARASHTRA,400019,board,Primary,,,,https://connectedtot.com/find-a-cambridge-school/Details/mps-l-k-waghji-international/,2026-08-25
IA707,Wellsprings Academy,"Sy No 146/1,2,3 Mugalur Village, Sarjapura - Chikka Thirupathi Main Road, Anekal Taluk, Bengaluru, Karnataka- 562125",BENGALURU URBAN,KARNATAKA,562125,board,Early Years / Primary / Lower Secondary,Day school,2023-06-22,https://wellspringsacademy.in/,https://connectedtot.com/find-a-cambridge-school/Details/wellsprings-academy/,2026-08-25
IA709,"Eva World School, Venus",,MUMBAI SUBURBAN,MAHARASHTRA,,,,,2025-03-20,,https://connectedtot.com/find-a-cambridge-school/Details/eva-world-school-venus/,2026-08-25
IA710,Northfield International School,"H.No:8-95/2, BMR Towers, Devarayamjal, Shameerpet, Medchal-Malkajgiri, Hyderabad, Telangana, 500078",MEDCHAL MALKAJGIRI,TELANGANA,500078,board,Primary / Lower Secondary,Day school,2026-01-12,http://northfieldschools.in/,https://connectedtot.com/find-a-cambridge-school/Details/northfield-international-school/,2026-08-25
IA713,Edify World School,"Edify World School,Anantapur, Sy. No. 85,86 and 87, National Highway, Anantapur, Andhra Pradesh, India, Anatapur, Andhra Pradesh, 515731",ANANTAPUR,ANDHRA PRADESH,515731,board,Lower Secondary,Day-cum-boarding,2026-01-26,https://edifyworldschoolanantapur.com/wp-content/uploads/2026/03/Website-Banner-1.jpeg,https://connectedtot.com/find-a-cambridge-school/Details/edify-world-school/,2026-08-25
IA715,Vanguard Academy,"Dr NGP, Vanguard Academy, 270/1C & 286/1A, Kalapatti Main Road, Coimbatore, Tamil Nadu, 641048",COIMBATORE,TAMIL NADU,641048,board,Primary / Lower Secondary,Day school,2026-07-01,https://www.ngpvanguard.com/lovable-uploads/051c4cd6-6742-4e5c-b2dd-7a6cf5add796.png,https://connectedtot.com/find-a-cambridge-school/Details/vanguard-academy/,2026-08-25
IA718,Pramila Memorial Advanced School,"AB 8/23 , DESHBANDHUNAGAR, BAGUIATI, KOLKATA - 700059, Kolkata, West Bengal, 700059",24 PARAGANAS NORTH,WEST BENGAL,700059,board,Primary,Day school,2026-03-10,https://www.pramilamemorial.org/,https://connectedtot.com/find-a-cambridge-school/Details/pramila-memorial-advanced-school/,2026-08-25
IA724,Chaman Bhartiya School,"Bhartiya City, Thanisandra Main Road, Bangalore, Karnataka, 560064",BENGALURU URBAN,KARNATAKA,560064,board,Advanced,Day school,2026-02-25,https://www.chamanbhartiya.com/,https://connectedtot.com/find-a-cambridge-school/Details/chaman-bhartiya-school/,2026-08-25
IA729,Kaintal School Sr.,"Kaintal Global School, near Adwala Pir, Sanaur Road, Patiala, Punjab, 147103",PATIALA,PUNJAB,147103,board,Early Years / Primary / Lower Secondary,Day school,2025-10-29,https://kaintalglobalschool.com/,https://connectedtot.com/find-a-cambridge-school/Details/kaintal-school-sr/,2026-08-25
IA730,Sri Seshaas International public School,"C/o The Seshaas Educational Learning Foundation,Yercaud Foothills, Kondappanaickenpatti, Salem - 636008",SALEM,TAMIL NADU,636008,board,Early Years,Day school,2024-10-23,http://www.seshaasschool.com/,https://connectedtot.com/find-a-cambridge-school/Details/sri-seshaas-international-public-school/,2026-08-25
IA735,Anubhav School,"Anubhav School, Moti Devati, Near Kolat Gaam, Ahmedabad, Ahmedabad, Gujarat, 382110",AHMADABAD,GUJARAT,382110,board,Primary,Day school,2025-12-08,https://www.anubhavschool.in/,https://connectedtot.com/find-a-cambridge-school/Details/anubhav-school/,2026-08-25
IA738,Phoenix Next High School,"El Paso, near Wisdom Hospital and Bal Bhawan, La Campala Colony, Miramar, Panaji, Goa 403001, Panjim, Goa, 403001",NORTH GOA,GOA,403001,board,Primary,Day school,2026-05-12,https://www.phoenixnextschools.com/,https://connectedtot.com/find-a-cambridge-school/Details/phoenix-next-high-school/,2026-08-25
IA745,"Shrewsbury International School, India","Shrewsbury International School India, JSWS Education Park, Mugaliyachap, Bhopal, Madhya Pradesh, 462044",BHOPAL,MADHYA PRADESH,462044,board,Lower Secondary / Upper Secondary / Advanced,Fully residential,2026-01-21,http://www.shrewsburyindia.in/,https://connectedtot.com/find-a-cambridge-school/Details/shrewsbury-international-school-india/,2026-08-25
IA755,Nature World School,"Gut No. 32, Nakshatrawadi, Paithan Road, Aurangabad (Ch. Sambhaji Nagar), Maharastra , India, Aurangabad, Maharashtra, 431005",AURANGABAD,MAHARASHTRA,431005,board,Primary,Day school,2026-03-27,https://www.naturesworldschool.com/,https://connectedtot.com/find-a-cambridge-school/Details/nature-world-school/,2026-08-25
IA780,City Montessori School Rajajipuram,"Sector 1 F- Block, Opposite To Talkatora Thana, Rajajipuram,Lucknow, 226017,Uttar Pradesh,India",LUCKNOW,UTTAR PRADESH,226017,board,Primary / Lower Secondary,Day school,2022-04-26,,https://connectedtot.com/find-a-cambridge-school/Details/city-montessori-school-rajajipuram/,2026-08-25
IA799,Vivek High School,Vivek High School Sector-38B Chandigarh 160036,CHANDIGARH,CHANDIGARH,160036,board,Primary / Lower Secondary / Upper Secondary / Advanced,Day school,2022-04-13,https://vivekhighschool.edu.in/,https://connectedtot.com/find-a-cambridge-school/Details/vivek-high-school/,2026-08-25
IA800,DCM Young Entrepreneurs School,,LUDHIANA,PUNJAB,141012,same_school_other_board,,,2023-03-09,,https://connectedtot.com/find-a-cambridge-school/Details/dcm-young-entrepreneurs-school/,2026-08-25
IA801,Dass And Brown World School,,FIROZEPUR,PUNJAB,,,,,2023-04-03,,https://connectedtot.com/find-a-cambridge-school/Details/dass-and-brown-world-school/,2026-08-25
IA802,K12 Schools,"603, ILD Trade Centre, Sector 47, Sohna Road, Gurugram– 122018, Haryana",GURUGRAM,HARYANA,122018,board,Primary / Lower Secondary,Day school,2022-08-11,https://k12onlineschools.com/,https://connectedtot.com/find-a-cambridge-school/Details/k12-schools/,2026-08-25
IA804,Kairos International School,,RANGA REDDY,TELANGANA,,,,,2022-11-16,,https://connectedtot.com/find-a-cambridge-school/Details/kairos-international-school-1/,2026-08-25
IA805,Delhi Public School Vasant Kunj,"Sector C Pocket 5, Delhi Public School, Vasant Kunj,New Delhi, 110070,Delhi,India",NEW DELHI,DELHI,110070,board,Early Years / Primary,Day school,2023-07-03,,https://connectedtot.com/find-a-cambridge-school/Details/delhi-public-school-vasant-kunj/,2026-08-25
IA808,The Chintels School,"Near Singhpur, Chauraha, Kalyanpur, Kanpur, Uttar Pradesh 208017",KANPUR NAGAR,UTTAR PRADESH,208017,board,Primary / Lower Secondary,Day school,2023-03-14,https://chintelskalyanpur.com/,https://connectedtot.com/find-a-cambridge-school/Details/the-chintels-school/,2026-08-25
IA809,Shikha Academy,"Shikha Academy. C.T.S No. 60 - B & 60, Shree Chintamani Parswanath Sumer Nagar Jain Mandir Marg, Near Sumer Nagar fly over bridge, Borivalu W, Mumbai, Maharashtra 400092, India",MUMBAI SUBURBAN,MAHARASHTRA,400092,board,Lower Secondary / Upper Secondary / Advanced,Day school,2023-06-21,http://www.shikhaacademy.org/,https://connectedtot.com/find-a-cambridge-school/Details/shikha-academy/,2026-08-25
IA814,Oysters International School,"Oysters International School, Ahead of Orient Hill View, Elina Living Rd, Mohammed Wadi, Pune, Maharashtra 411060",PUNE,MAHARASHTRA,411060,board,Lower Secondary / Upper Secondary,Day school,2024-07-23,http://www.oystersinternationalschool.com/,https://connectedtot.com/find-a-cambridge-school/Details/oysters-international-school/,2026-08-25
IA817,IES Public School,"IES Public School,IES Campus, Main road Kalkheda, Ratibad Road, Bhopal MP 462044",BHOPAL,MADHYA PRADESH,462044,board,Early Years / Primary,Day school,2024-03-14,http://www.iespublicschool.ac.in/,https://connectedtot.com/find-a-cambridge-school/Details/ies-public-school/,2026-08-25
IA819,Aurinko Academy,"The Aurinko Trust,No 91, Parappana Agrahara,Electronic City,Bangalore 560100,Karnataka, India",BENGALURU URBAN,KARNATAKA,560100,board,Primary / Lower Secondary,Day school,2023-04-12,https://www.aurinkoacademy.com/,https://connectedtot.com/find-a-cambridge-school/Details/aurinko-academy/,2026-08-25
IA820,Uttam School For Girls,"B- Block Shastri Nagar,Ghaziabad 201002,Uttar Pradesh,India",GHAZIABAD,UTTAR PRADESH,201002,board,Early Years / Primary / Lower Secondary,,2024-01-18,,https://connectedtot.com/find-a-cambridge-school/Details/uttam-school-for-girls/,2026-08-25
IA821,United World Academy,"Sy No. 1/1 and 62, Chikkawadayerapura,Sarjapur Hobali, Anekal Taluk,Bangalore - 560087, Karnataka",BENGALURU RURAL,KARNATAKA,560087,board,Early Years / Primary / Lower Secondary / Upper Secondary / Advanced,Day school,2024-02-01,https://uwa.edu.in/,https://connectedtot.com/find-a-cambridge-school/Details/united-world-academy/,2026-08-25
IA822,Sarvottam International School,"Plot No. 6,Tech Zone-Iv,Greater Noida West,Uttar Pradesh 201306,India",GAUTAM BUDDHA NAGAR,UTTAR PRADESH,201306,board,Early Years / Primary,,2024-05-10,,https://connectedtot.com/find-a-cambridge-school/Details/sarvottam-international-school/,2026-08-25
IA823,Mayoor School Kids Llp,"SECTOR-126, EXPRESSWAY, NOIDA - 201304",GAUTAM BUDDHA NAGAR,UTTAR PRADESH,201304,board,Primary,Day school,2024-03-12,http://www.mayoornoida.net/,https://connectedtot.com/find-a-cambridge-school/Details/mayoor-school-kids-llp/,2026-08-25
IA824,Sunbeam World School,"36/75 Punjabi Bagh West,New Delhi,Delhi 110026,India",WEST,DELHI,110026,board,Primary / Lower Secondary,,2024-04-18,,https://connectedtot.com/find-a-cambridge-school/Details/sunbeam-world-school/,2026-08-25
IA825,BGS High,"Bgs Heath & Education Trust Survey No 66/5,Sahasra Deepika Road, Lakshmipura,Sakalavara Village, Off Bannerghatta Road,Bengaluru, 560083,Karnataka, India",BENGALURU URBAN,KARNATAKA,560083,board,Early Years / Primary / Lower Secondary,,2024-02-09,http://www.bgshigh.com/,https://connectedtot.com/find-a-cambridge-school/Details/bgs-high/,2026-08-25
IA826,Chettinad Hari Shree Vidyalayam,"Chettinad Hari Shree Vidyalayam, 52/1, Ashok Nagar West, Koundampalayam, Coimbatore 641030",COIMBATORE,TAMIL NADU,641030,board,Early Years / Primary / Lower Secondary,Day school,2024-04-11,https://www.harishreecbe.org/,https://connectedtot.com/find-a-cambridge-school/Details/chettinad-hari-shree-vidyalayam-1/,2026-08-25
IA827,The Himalayan School,,GAUTAM BUDDHA NAGAR,UTTAR PRADESH,,,,,2024-05-16,,https://connectedtot.com/find-a-cambridge-school/Details/the-himalayan-school/,2026-08-25
IA830,Ompee Global School,"Sector 1, IMT, Manesar,Gurgaon, 122050, Haryana",GURUGRAM,HARYANA,122050,board,Primary / Lower Secondary,Day-cum-boarding,2024-09-12,http://www.ompeeglobalschool.com/,https://connectedtot.com/find-a-cambridge-school/Details/ompee-global-school/,2026-08-25
IA831,Maharaja Sawai Man Singh Vidyalaya,,JAIPUR,RAJASTHAN,,,,,2024-10-02,,https://connectedtot.com/find-a-cambridge-school/Details/maharaja-sawai-man-singh-vidyalaya/,2026-08-25
IA837,Sagehill Boarding School,"No. 683/1, Damal, Chennai - Bangalore Highway, Kanchepuram, Tamil Nadu, 631551",KANCHIPURAM,TAMIL NADU,631551,board,Primary / Lower Secondary,Day-cum-boarding,2026-06-18,https://sagehill.in/,https://connectedtot.com/find-a-cambridge-school/Details/sagehill-boarding-school/,2026-08-25
IA889,Spectrum Northern Lights School,"18A, Kothari Layout, Trichy Road, Coimbatore",COIMBATORE,TAMIL NADU,,,Primary / Lower Secondary,Day school,2024-07-31,http://www.spectrumnls.com/,https://connectedtot.com/find-a-cambridge-school/Details/spectrum-northern-lights-school/,2026-08-25
IA890,Orchids Central School of Excellence,"C-27, Shastri Nagar, Jodhpur - 342003, Jodhpur, Rajasthan, 342003",JODHPUR,RAJASTHAN,342003,board,Early Years / Primary / Lower Secondary,Day school,2025-07-31,https://static.wixstatic.com/media/9eb61f_82c2766a90bd40afbac8171dfba64b2c~mv2.jpg,https://connectedtot.com/find-a-cambridge-school/Details/orchids-central-school-of-excellence/,2026-08-25
IA891,Ankuram Patashala,"Ankuram Patashala,1081 post office road, Neelambur,Coimbatore 62",COIMBATORE,TAMIL NADU,641062,india_post_directory,Early Years,Day school,2024-05-13,http://www.ankurampatashala.com/,https://connectedtot.com/find-a-cambridge-school/Details/ankuram-patashala/,2026-08-25
IA892,The Sixth Element School,"Southern Peripheral Rd, behind Tata Primanti Club, Dhani, Sector 72, Gurugram, Haryana 122001",GURUGRAM,HARYANA,122001,board,Early Years,Day school,2024-04-08,https://www.sixthelement.edu.in/,https://connectedtot.com/find-a-cambridge-school/Details/the-sixth-element-school/,2026-08-25
IA897,Oranges International School,"329 Ilyas Colony, Near Shubh Labh Tower, Khajrana,Madhya Pradesh,India",INDORE,MADHYA PRADESH,,,Primary / Lower Secondary,,2024-05-13,http://www.orangesinternational.com/,https://connectedtot.com/find-a-cambridge-school/Details/oranges-international-school/,2026-08-25
IA899,Bees and Cubs,,MUMBAI SUBURBAN,MAHARASHTRA,,,,,2024-08-16,,https://connectedtot.com/find-a-cambridge-school/Details/bees-and-cubs/,2026-08-25
IA901,Delhi Public School,"Near Karna Lake, NH - 1, Karnal, Haryana 132001",KARNAL,HARYANA,132001,board,Early Years / Primary,Day school,2024-11-08,https://www.dpskarnal.com/,https://connectedtot.com/find-a-cambridge-school/Details/cls-delhi-public-school-karnal-ia901/,2026-08-25
IA910,St. Mary's International School,,MUMBAI SUBURBAN,MAHARASHTRA,400049,board,,,2024-11-26,,https://connectedtot.com/find-a-cambridge-school/Details/st-marys-international-school/,2026-08-25
IA911,Rayat Bahra International School - Hoshiarpur,"Rayat Bahra International School V.P.O, Bohan, Punjab 146001",HOSHIARPUR,PUNJAB,146001,board,Early Years / Primary,Day school,2024-08-09,https://rayatbahraschool.com/,https://connectedtot.com/find-a-cambridge-school/Details/rayat-bahra-international-school-hoshiarpur/,2026-08-25
IA912,British Laureate School Mohali,"Opposite Rayat Bahra University Mohali Chandigarh-Ropar NH 205, Greater Mohali, Punjab 140103",S.A.S Nagar,PUNJAB,140103,board,Early Years / Primary / Lower Secondary,Day school,2024-08-13,https://blsmohali.com/,https://connectedtot.com/find-a-cambridge-school/Details/british-laureate-school-mohali/,2026-08-25
IA913,"Meridian School, Chengicherla - Uppal",,MEDCHAL MALKAJGIRI,TELANGANA,,,,,2025-03-20,,https://connectedtot.com/find-a-cambridge-school/Details/meridian-school-chengicherla-uppal/,2026-08-25
IA918,"City Montessori School, Golf City",,LUCKNOW,UTTAR PRADESH,,,,,2024-10-22,,https://connectedtot.com/find-a-cambridge-school/Details/city-montessori-school-golf-city/,2026-08-25
IA919,CMS Cambridge International,"Vishal Khand 2, GOMTINAGAR 1, lucknow",LUCKNOW,UTTAR PRADESH,226010,india_post_directory,Primary,Day school,,https://www.cmseducation.org/campuses/gomtinagar1/,https://connectedtot.com/find-a-cambridge-school/Details/cms-cambridge-international-2/,2026-08-25
IA920,Kapol Global Academy,"CTS - 101 B, Mahavir Nagar, Near Kamla Vihar Sports Club, Kandivali West 400067, Mumbai, Maharashtra, 400067",MUMBAI SUBURBAN,MAHARASHTRA,400067,board,Early Years / Primary,Day school,2024-12-04,http://kapolglobalacademy.com/,https://connectedtot.com/find-a-cambridge-school/Details/kapol-global-academy/,2026-08-25
IA921,Abode School,,HYDERABAD,TELANGANA,,,,,,,https://connectedtot.com/find-a-cambridge-school/Details/abode-school/,2026-08-25
IA922,"Heartfulness International School, Kanha Campus",,MAHABUBNAGAR,TELANGANA,,,,,2025-02-03,,https://connectedtot.com/find-a-cambridge-school/Details/heartfulness-international-school-kanha-campus/,2026-08-25
IA923,BCM World School,"Basant Vihar, Urban Estate Dugri, Jawaddi Taksal, Ludhiana, Punjab 141006",LUDHIANA,PUNJAB,141006,board,Early Years / Primary,Day school,2025-03-05,https://www.bcmworldschool.org/,https://connectedtot.com/find-a-cambridge-school/Details/bcm-world-school/,2026-08-25
IA924,Divine Santo Nino International School,"Divine Santo Nino International School, Neminath Nagar, Near Sai Baba Mandir, Behind D K Motors Achole Cross Road Nallasopara East - 401209",PALGHAR,MAHARASHTRA,401209,board,Primary / Lower Secondary,Day school,2025-01-29,https://divinesantonino.in/,https://connectedtot.com/find-a-cambridge-school/Details/divine-santo-nino-international-school/,2026-08-25
IA925,"Sanjay Ghodawat International School, Pune",,KOLHAPUR,MAHARASHTRA,,,,,2024-12-23,,https://connectedtot.com/find-a-cambridge-school/Details/sanjay-ghodawat-international-school-pune/,2026-08-25
IA926,Royal Global School,"Royal Global School Betkuchi, NH - 37, Guwahati - 35, Assam",KAMRUP METRO,ASSAM,781035,india_post_directory,Early Years / Primary,Day-cum-boarding,,http://rgs.edu.in/,https://connectedtot.com/find-a-cambridge-school/Details/royal-global-school/,2026-08-25
IA927,Delhi Public School Mathura Road,,NEW DELHI,DELHI,,,,,2025-02-13,,https://connectedtot.com/find-a-cambridge-school/Details/delhi-public-school-mathura-road/,2026-08-25
IA928,Linton Hall School,"Linton Hall School, Rajbagh, Srinagar, 190008",SRINAGAR,JAMMU AND KASHMIR,190008,board,Early Years,Day school,2025-02-06,http://www.lintonhallschool.com/,https://connectedtot.com/find-a-cambridge-school/Details/linton-hall-school/,2026-08-25
IA929,St. Paul's International School,,S.A.S Nagar,PUNJAB,160062,board,,,,,https://connectedtot.com/find-a-cambridge-school/Details/st-pauls-international-school/,2026-08-25
IA931,Floreto World School,"Floreto World School, Jaipur Bikaner National Highway Palwas Road Crossing Sikar Rajasthan 332001",SIKAR,RAJASTHAN,332001,board,Early Years / Primary,Day school,2025-02-25,https://www%20floretoworldschool.com/,https://connectedtot.com/find-a-cambridge-school/Details/floreto-world-school/,2026-08-25
IA933,The Sagar School,,ALWAR,RAJASTHAN,,,,,2025-03-14,,https://connectedtot.com/find-a-cambridge-school/Details/the-sagar-school/,2026-08-25
IA934,Subodh Global School,"Dhankia Road, Ajmer Road, near Bad ke Balaji, Jaipur, Rajasthan 302026",JAIPUR,RAJASTHAN,302026,board,Primary / Lower Secondary,Day-cum-boarding,2025-03-20,https://www.subodhglobalschool.org/,https://connectedtot.com/find-a-cambridge-school/Details/subodh-global-school/,2026-08-25
IA935,Neelan Global Pre K School,,CHENGALPATTU,TAMIL NADU,,,,,2025-03-25,,https://connectedtot.com/find-a-cambridge-school/Details/neelan-global-pre-k-school/,2026-08-25
IA936,upEducators,,PUNE,MAHARASHTRA,411006,board,,,2025-01-24,,https://connectedtot.com/find-a-cambridge-school/Details/upeducators/,2026-08-25
IA937,BVM GLOBAL SCHOOL,"BVM Global School Hullahalli Village Near Mylsandra Gate, 40/2 & 41/2 Electronic City Campus, Bengaluru Karnataka, 560083 India",BENGALURU URBAN,KARNATAKA,560083,board,Primary,Day school,2024-12-20,https://bengaluru.bvmglobal.org/,https://connectedtot.com/find-a-cambridge-school/Details/bvm-global-school/,2026-08-25
IA938,CLS Pathania Public School IA938,,ROHTAK,HARYANA,124001,board,,,2025-02-11,,https://connectedtot.com/find-a-cambridge-school/Details/cls-pathania-public-school-ia938/,2026-08-25
IA939,Dass & Brown Experiential Learning School,"MDC, Sector 6 (Near It Park - Chandigarh), Panchkula, Haryana, 134114",PANCHKULA,HARYANA,134114,board,Primary / Lower Secondary / Upper Secondary / Advanced,Day school,2025-07-31,https://www.dassandbrownschool.com/,https://connectedtot.com/find-a-cambridge-school/Details/dass-brown-experiential-learning-school/,2026-08-25
IA941,"Dalimss Sunbeam School, Sigra",,VARANASI,UTTAR PRADESH,221010,india_post_directory,,,2025-03-31,,https://connectedtot.com/find-a-cambridge-school/Details/dalimss-sunbeam-school-sigra/,2026-08-25
IA947,Gitanjali High School,"Survey No, 710 Mandal, Bowrampet, Dundigal, Hyderabad, Telangana 500043, Hyderabad, Telangana, 500043",MEDCHAL MALKAJGIRI,TELANGANA,500043,board,Early Years / Primary,Day school,2025-05-21,https://gisbowrampet.com/,https://connectedtot.com/find-a-cambridge-school/Details/gitanjali-high-school/,2026-08-25
IA948,National Public School,"NPS - National Public School, Nehru Outer Ring Rd, near Narsing, Puppalguda, Hyderabad, Telangana 500089",RANGA REDDY,TELANGANA,500089,board,Early Years / Primary,Day school,2025-05-21,https://www.npshyderabad.com/,https://connectedtot.com/find-a-cambridge-school/Details/national-public-school-2/,2026-08-25
IA949,Delhi Public School,"1/12 SECTOR 1 VARDAN KHAND, GOMTI NAGAR, LUCKNOW",LUCKNOW,UTTAR PRADESH,226010,india_post_directory,Primary,Day school,2025-04-28,https://www.dpsgnext.com/,https://connectedtot.com/find-a-cambridge-school/Details/delhi-public-school-gomti-nagar-extension-lucknow/,2026-08-25
IA950,"Slate The School, Vijayawada",,NTR,ANDHRA PRADESH,,,,,,,https://connectedtot.com/find-a-cambridge-school/Details/slate-the-school-vijayawada/,2026-08-25
IA951,Linden Montessori,"18 NCPR, Layout Doddenkundi, Mahadevapura, Bangalore, Karnataka - 560048, Bangalore, Karnataka, 560048",BENGALURU URBAN,KARNATAKA,560048,board,Primary,Day school,2025-11-19,https://lindenmontessori.com/,https://connectedtot.com/find-a-cambridge-school/Details/linden-montessori/,2026-08-25
IA959,Edify World School Whitefield,"EDIFY WORLD SCHOOL WHITEFIELD ,KANNAMANGALA LAKE ,BANGALORE, Bangalore, Karnataka, 560067",BENGALURU RURAL,KARNATAKA,560067,board,Lower Secondary,Day school,2026-01-16,http://edifyworldschoolwhitefield.com/,https://connectedtot.com/find-a-cambridge-school/Details/edify-world-school-whitefield/,2026-08-25
IN006,The Galaxy School - Wadi,"Near Bhalodia Farm, Off. Jamnagar Rajkot Highway, PO Taraghadi, TA Paddhari, Rajkot 360110",RAJKOT,GUJARAT,360110,board,Primary / Lower Secondary / Upper Secondary / Advanced,Day school,2015-08-27,http://wadi.tges.org/,https://connectedtot.com/find-a-cambridge-school/Details/the-galaxy-school-wadi/,2026-08-25
IN013,Canadian International School,"4 & 20 Machenahalli, Yelahanka,Bangalore,560 064,India",BENGALURU URBAN,KARNATAKA,560064,board,Primary / Lower Secondary / Upper Secondary,,2008-08-29,,https://connectedtot.com/find-a-cambridge-school/Details/canadian-international-school/,2026-08-25
IN015,"Sri Sankara Global Academy, Pammal","First Cross Street,Sankara Nagar, Pammal, Chennai, Tamil Nadu",CHENGALPATTU,TAMIL NADU,600075,india_post_directory,Primary / Lower Secondary / Upper Secondary / Advanced,Day school,2015-07-20,http://www.ssgacie.edu.in/,https://connectedtot.com/find-a-cambridge-school/Details/sri-sankara-global-academy-pammal/,2026-08-25
IN016,Lucky International School,"Sector 8, Kuri Bhagtasani, Jodhpur, Rajasthan 342005",JODHPUR,RAJASTHAN,342005,board,Lower Secondary / Upper Secondary / Advanced,Day school,2015-07-31,http://www.luckyinternationalschool.org/,https://connectedtot.com/find-a-cambridge-school/Details/lucky-international-school/,2026-08-25
IN018,Crimson Anisha Global School,"Life Republic Township, Marunji, Marunji – Kasarsai Road, 411057",PUNE,MAHARASHTRA,411057,board,Primary / Lower Secondary / Upper Secondary / Advanced,Day school,2015-07-28,https://cagschool.com/,https://connectedtot.com/find-a-cambridge-school/Details/crimson-anisha-global-school/,2026-08-25
IN019,Saint Msg Glorious International School,Sirsa 125055,SIRSA,HARYANA,125055,board,Lower Secondary / Upper Secondary / Advanced,Day-cum-boarding,2015-10-05,http://www.saintmsgis.com/,https://connectedtot.com/find-a-cambridge-school/Details/saint-msg-glorious-international-school/,2026-08-25
IN020,"City Montessori School, Lucknow","1/07, Vardan Khand,Gomti Nagar Extension,Lucknow - 226010,Uttar Pradesh,India",LUCKNOW,UTTAR PRADESH,226010,board,Primary / Lower Secondary / Upper Secondary / Advanced,Day school,2015-10-12,https://cmseducation.org/cambridge/,https://connectedtot.com/find-a-cambridge-school/Details/city-montessori-school-lucknow/,2026-08-25
IN023,"CS Academy, Kovaipudur","262, VLB Engineering College Road,Kovaipudur,Coimbatore, Tamil Nadu,641042",COIMBATORE,TAMIL NADU,641042,board,Primary / Lower Secondary / Upper Secondary / Advanced,Weekly boarding,2016-03-03,https://csacademy.in/,https://connectedtot.com/find-a-cambridge-school/Details/cs-academy-kovaipudur/,2026-08-25
IN024,Oasis Educational Institute,"House No 38 Gogji Bagh,Srinagar ,Jammu and Kashmir, India",SRINAGAR,JAMMU AND KASHMIR,,,Early Years / Primary,Day school,2016-01-07,http://www.oasissgr.in/,https://connectedtot.com/find-a-cambridge-school/Details/oasis-educational-institute/,2026-08-25
IN026,The Gaudium School,"The Gaudium School Kollur Campus: Survey No 25/A, Velimela Village RC Puram Mandal Sanga Reddy District Hyderabad 502300.",SANGAREDDY,TELANGANA,502300,board,Lower Secondary / Upper Secondary,Day school,2016-06-04,http://www.thegaudium.com/,https://connectedtot.com/find-a-cambridge-school/Details/the-gaudium-school/,2026-08-25
IN029,St. Stanislaus International School,"65 Ramdas Nayak Marg (Hill Road),Bandra West,Mumbai,Maharashtra, India",MUMBAI SUBURBAN,MAHARASHTRA,400050,india_post_directory,Primary / Lower Secondary / Upper Secondary,Day school,2016-04-14,,https://connectedtot.com/find-a-cambridge-school/Details/st-stanislaus-international-school/,2026-08-25
IN034,Amity Global School,"Amity Global School, Main Sector Road 4, Sector 46, Gurgaon (122002), India",GURUGRAM,HARYANA,122002,board,Lower Secondary / Upper Secondary,Day school,2009-04-22,https://amityglobalschoolgurgaon.com/,https://connectedtot.com/find-a-cambridge-school/Details/amity-global-school/,2026-08-25
IN036,Step By Step School,"Step By Step School, Plot A-10, Sector - 132, Taj Expressway, Noida - 201303",GAUTAM BUDDHA NAGAR,UTTAR PRADESH,201303,board,Upper Secondary,Day school,2009-02-13,https://stepbystep.school/,https://connectedtot.com/find-a-cambridge-school/Details/step-by-step-school/,2026-08-25
IN037,SMT PS Shivashankarappa English Residential School,"Bea, Pssem Residential School,Tholahunse Davangere,577002,Karnataka,India",DAVANGERE,KARNATAKA,577002,board,,,2009-02-09,,https://connectedtot.com/find-a-cambridge-school/Details/smt-ps-shivashankarappa-english-residential-school/,2026-08-25
IN039,APL Global School,"No. 697/3,Anand Nagar Main Road,Thoraipakkam,Chennai 600097, India",CHENNAI,TAMIL NADU,600097,board,Lower Secondary / Upper Secondary / Advanced,Day school,2009-01-13,http://www.aplglobalschool.com/,https://connectedtot.com/find-a-cambridge-school/Details/apl-global-school/,2026-08-25
IN073,Oakridge International School,"C/O Oakridge Educational Society,Near Nh-16, Maharaja Pet Junction,Tagarapuvalasa,Visakhapatnam - 531162,Andhra Pradesh,India",VIZIANAGARAM,ANDHRA PRADESH,531162,board,Primary / Lower Secondary / Upper Secondary,,2008-12-12,,https://connectedtot.com/find-a-cambridge-school/Details/oakridge-international-school-2/,2026-08-25
IN074,Mahatma Gandhi International School,"Krupashankar Joshi Marg, kalyan Society, Mithakhali, Navrangpura, Ahmedabad, Gujarat",AHMADABAD,GUJARAT,,,Primary / Lower Secondary,Day school,2008-12-10,https://www.mgis.in/,https://connectedtot.com/find-a-cambridge-school/Details/mahatma-gandhi-international-school/,2026-08-25
IN075,Prabhavati Padamshi Soni International Junior College,"East West Road No. 3, JVPD Scheme, Juhu, Mumbai – 400049",MUMBAI SUBURBAN,MAHARASHTRA,400049,board,Advanced,Day school,2008-09-18,https://ppsijc.org/,https://connectedtot.com/find-a-cambridge-school/Details/prabhavati-padamshi-soni-international-junior-college/,2026-08-25
IN076,Ajmera Global School,"Yogi Nagar, Eksar Road, Borivali - West, Mumbai 400092",MUMBAI SUBURBAN,MAHARASHTRA,400092,board,Lower Secondary / Upper Secondary / Advanced,Day school,2008-10-13,http://www.ajmeraglobalschool.com/,https://connectedtot.com/find-a-cambridge-school/Details/ajmera-global-school/,2026-08-25
IN077,"Jankidevi Public School, Jaipur","Sector No.19,Pratapnagar, Sanganer,Jaipur,Rajasthan,302 033,India",JAIPUR,RAJASTHAN,302033,board,Primary / Lower Secondary / Upper Secondary / Advanced,,2009-01-13,,https://connectedtot.com/find-a-cambridge-school/Details/jankidevi-public-school-jaipur/,2026-08-25
IN078,Centre For Learning,"Varadenahalli,Bachenahatti Post,Magadi Taluk,Ramanagara District,Karnataka 562120,India",RAMANAGARA,KARNATAKA,562120,board,Upper Secondary / Advanced,,2008-10-03,,https://connectedtot.com/find-a-cambridge-school/Details/centre-for-learning/,2026-08-25
IN080,Kiit International School,"Campus - 9 At / Po Kiit,Patia,Bhubaneswar, Orissa,India",KHORDHA,ODISHA,751024,india_post_directory,Upper Secondary,Fully residential,2008-10-30,http://www.kiitis.ac.in/,https://connectedtot.com/find-a-cambridge-school/Details/kiit-international-school/,2026-08-25
IN081,Thakur School of Global Education,"Zagdu Singh Charitable Trust T/A,C.T.S. No. 1299, Shivaji Road,Off. M.G.Road,Kandivali (W),Mumbai 400067, India",MUMBAI SUBURBAN,MAHARASHTRA,400067,board,Primary / Lower Secondary / Upper Secondary / Advanced,Day school,2008-11-27,,https://connectedtot.com/find-a-cambridge-school/Details/thakur-school-of-global-education/,2026-08-25
IN084,Bright Start Fellowship International School,"Fellowship Society Campus,August Kranti Maidan,Gowalia Tank,Mumbai 400 036,India",,MAHARASHTRA,400036,board,Primary / Lower Secondary / Upper Secondary / Advanced,,2009-01-13,,https://connectedtot.com/find-a-cambridge-school/Details/bright-start-fellowship-international-school/,2026-08-25
IN085,"Podar International School, Seawood","Plot No. 30, Sector 36,Seawood,Nerul (W),Navi Mumbai, India",THANE,MAHARASHTRA,400706,same_school_other_board,Primary / Lower Secondary / Upper Secondary / Advanced,Day school,2009-03-27,,https://connectedtot.com/find-a-cambridge-school/Details/podar-international-school-seawood/,2026-08-25
IN086,Kasiga School,"Village Purukul,Off Dehradun Mussorie Highway,Dehradun, 248009,Uttarakhand,India",DEHRADUN,UTTARAKHAND,248009,board,Lower Secondary / Upper Secondary / Advanced,,2009-04-07,,https://connectedtot.com/find-a-cambridge-school/Details/kasiga-school/,2026-08-25
IN087,"Cambridge International School, Dasuya","Cambridge International School, Hazipur Road Dasuya",HOSHIARPUR,PUNJAB,,,Upper Secondary / Advanced,Day school,2009-04-22,http://www.cisdasuya.com/,https://connectedtot.com/find-a-cambridge-school/Details/cambridge-international-school-dasuya/,2026-08-25
IN088,CHIREC International,"Survey No. 73, Sudarshan Nagar, Serilingampally, Hyderabad -500133",MEDCHAL MALKAJGIRI,TELANGANA,500133,board,Primary / Lower Secondary / Upper Secondary,Day school,2009-04-30,https://www.chirec.ac.in/,https://connectedtot.com/find-a-cambridge-school/Details/chirec-international/,2026-08-25
IN089,"Velammal Global School, Puzhal","46, Ambattur-Redhills Road, Puzhal, Chennai, Tamil Nadu - 600066, India",CHENNAI,TAMIL NADU,600066,board,Primary / Lower Secondary / Upper Secondary / Advanced,,2015-08-07,https://velammal.org/global-puzhal/,https://connectedtot.com/find-a-cambridge-school/Details/velammal-global-school-puzhal/,2026-08-25
IN091,Laxmi Global School,"POST BAG 15, PO SARIGAM, PIN -396155, DISTRICT-VALSAD, TALUKA- UMBERGAON, GUJARAT, INDIA",VALSAD,GUJARAT,396155,board,Primary / Lower Secondary / Upper Secondary / Advanced,Day school,2010-07-27,http://lgs.laxmi.edu.in/,https://connectedtot.com/find-a-cambridge-school/Details/laxmi-global-school/,2026-08-25
IN094,Foundation World School,"Foundation World School, Mamath, Budgam – 191111",Budgam,JAMMU AND KASHMIR,191111,board,Primary / Lower Secondary / Upper Secondary / Advanced,Day school,2015-04-12,https://foundationworldschool.com/,https://connectedtot.com/find-a-cambridge-school/Details/foundation-world-school/,2026-08-25
IN096,Amulakh Amichand International School,"76-A,Rafi Ahmed Kidwai Road,Next To Sndt College,Matunga, Mumbai - 400019,Maharashtra,India",MUMBAI,MAHARASHTRA,400019,board,Primary / Lower Secondary / Upper Secondary,,2015-11-20,,https://connectedtot.com/find-a-cambridge-school/Details/amulakh-amichand-international-school/,2026-08-25
IN097,"Chirec International School, Gachibowli","Chirec International School,1 - 55 / 12, Chirec Avenue,Kondapur, Kothaguda,Hyderabad - 500 084,India",HYDERABAD,TELANGANA,500084,board,Primary,,2016-01-14,,https://connectedtot.com/find-a-cambridge-school/Details/chirec-international-school-gachibowli/,2026-08-25
IN099,Satpuda Valley School,"Itarsi Road, Sonaghati, Betul, Madhya Pradesh",BETUL,MADHYA PRADESH,,,Early Years / Primary / Lower Secondary / Upper Secondary / Advanced,Day school,2016-12-06,,https://connectedtot.com/find-a-cambridge-school/Details/satpuda-valley-school/,2026-08-25
IN101,Mussoorie International School,"Srinagar Estate,Near Polo Ground,Mussoorie 248 179,Uttaranchal,India",DEHRADUN,UTTARAKHAND,248179,board,Upper Secondary / Advanced,,2005-08-23,,https://connectedtot.com/find-a-cambridge-school/Details/mussoorie-international-school/,2026-08-25
IN102,Good Shepherd International School,"Good Shepherd Knowledge Village, M Palada P.O., Ootacamund, The Nilgiris, Tamil Nadu, India",THE NILGIRIS,TAMIL NADU,643004,same_school_other_board,Lower Secondary / Upper Secondary,Fully residential,2001-12-17,http://www.gsis.ac.in/,https://connectedtot.com/find-a-cambridge-school/Details/good-shepherd-international-school/,2026-08-25
IN103,Ujwal Trust (Mallya Aditi International School),"Ujwal Trust Mallya Aditi Int. School,Post Box No 6427,Yelahanka New Town,Bangalore - 560106,Karnataka, India",BENGALURU URBAN,KARNATAKA,560106,board,Upper Secondary / Advanced,,2001-12-14,,https://connectedtot.com/find-a-cambridge-school/Details/ujwal-trust-mallya-aditi-international-school/,2026-08-25
IN105,Hebron School,"Lushington Hall, Ootacamandalum, Tamil Nadu, India, 643001",THE NILGIRIS,TAMIL NADU,643001,board,Upper Secondary / Advanced,Fully residential,2001-12-18,http://www.hebronooty.org/,https://connectedtot.com/find-a-cambridge-school/Details/hebron-school/,2026-08-25
IN109,National Academy for Learning,"3Rd Cross, 3Rd Block, 3Rd Stage,Basaveshwarnagar,Bangalore 560079",BENGALURU URBAN,KARNATAKA,560079,board,Upper Secondary / Advanced,Day school,2010-11-25,http://www.nafl.in/,https://connectedtot.com/find-a-cambridge-school/Details/national-academy-for-learning/,2026-08-25
IN119,Heritage International Xperiential School,"Heritage International Xperiential School, HIXS Middle & Senior Campus, Heritage Avenue, near Sec 58, Gurugram - 122102",GURUGRAM,HARYANA,122102,board,Lower Secondary / Upper Secondary,Day school,2016-03-17,https://hixs.org/,https://connectedtot.com/find-a-cambridge-school/Details/heritage-international-xperiential-school/,2026-08-25
IN125,"The British School, New Delhi","Dr Jose P Rizal Marg,Chanaykapuri,New Delhi,110 021,India",NEW DELHI,DELHI,110021,board,Primary / Lower Secondary / Upper Secondary,,2001-11-13,,https://connectedtot.com/find-a-cambridge-school/Details/the-british-school-new-delhi/,2026-08-25
IN137,Avasara Leadership Institute,"Lavale Village, Pune - 412115",PUNE,MAHARASHTRA,412115,board,Lower Secondary / Upper Secondary / Advanced,Day school,2016-03-09,https://avasara.in/,https://connectedtot.com/find-a-cambridge-school/Details/avasara-leadership-institute/,2026-08-25
IN138,School Of Excellence,"wadhwan kothariya highway near 66 Kv substation, behingd Pandit Nathulal ji vyas technical campus",SURENDRANAGAR,GUJARAT,363030,india_post_directory,Primary / Lower Secondary / Upper Secondary / Advanced,Day school,2016-04-25,http://schoolofexcellence.ac.in/,https://connectedtot.com/find-a-cambridge-school/Details/school-of-excellence/,2026-08-25
IN139,Indirapuram Public School,"Indirapuram Public School6, Nyay Khand 1, Indirapuram, Ghaziabad, Ghaziabad, Uttar Pradesh, 201014",GHAZIABAD,UTTAR PRADESH,201014,board,Primary / Lower Secondary / Upper Secondary / Advanced,Day school,2016-01-09,http://www.ipsindirapuramncr.com/,https://connectedtot.com/find-a-cambridge-school/Details/indirapuram-public-school/,2026-08-25
IN141,American Education Society,"Am. Ed. Soc., Bombay Cambridge School,Rabindranath Tagore Marg, Opp Sahar Rd,An Dheri East, Mumbai,400099,Maharashtra,India",MUMBAI SUBURBAN,MAHARASHTRA,400099,board,,,2017-04-25,,https://connectedtot.com/find-a-cambridge-school/Details/american-education-society/,2026-08-25
IN143,Doon International School - Riverside Campus,"Pondha, 4 Km From Nanda Ki Chowki towards Petroleum University, Dehradun - 248007, Uttarakhand, India",DEHRADUN,UTTARAKHAND,248007,board,Primary / Lower Secondary,Fully residential,2022-10-11,http://www.disriverside.com/,https://connectedtot.com/find-a-cambridge-school/Details/doon-international-school-riverside-campus/,2026-08-25
IN146,KGT International School,"Yashwant Bhavan, Pandurang Budhkar Marg, Century Mills, Lower Parel, Mumbai, Maharashtra 400013",MUMBAI,MAHARASHTRA,400013,board,Primary / Lower Secondary / Upper Secondary,Day school,2017-03-09,http://kgti.edu.in/,https://connectedtot.com/find-a-cambridge-school/Details/kgt-international-school/,2026-08-25
IN148,"Alpha International School, Sembakkam","No 151, Tambaram Velachery Main Road,Sembakkam, Chennai,Tamil Nadu,India",CHENGALPATTU,TAMIL NADU,,,Primary,Day school,2017-06-02,https://alphagroup.edu/international/,https://connectedtot.com/find-a-cambridge-school/Details/alpha-international-school-sembakkam/,2026-08-25
IN149,Vishwa Vidyapeeth,"Vishwa Vidyapeeth, Sy No 65, Singanayakanahalli, Doddaballapur Road, Yelahanka, Bengaluru, Karnataka, India 560064",BENGALURU URBAN,KARNATAKA,560064,board,Primary / Lower Secondary / Upper Secondary,Day school,2017-02-08,https://cambridge.vishwavidyapeeth.edu.in/,https://connectedtot.com/find-a-cambridge-school/Details/vishwa-vidyapeeth/,2026-08-25
IN153,The Shriram Millennium School,"Plot S- 1, Sector 135, Noida, Off Greater Noida Expressway, Uttar Pradesh, 201301",GAUTAM BUDDHA NAGAR,UTTAR PRADESH,201301,board,Lower Secondary / Upper Secondary,Day school,2017-01-23,http://www.tsms.org.in/,https://connectedtot.com/find-a-cambridge-school/Details/the-shriram-millennium-school/,2026-08-25
IN158,Sri Prakash Vidyaniketan,"50-19-9/1, TPT COLONY, SEETHAMMADHARA, VISAKHAPATNAM 530013.",VISAKHAPATANAM,ANDHRA PRADESH,530013,board,Primary / Lower Secondary,Day school,2018-03-26,http://www.sriprakashschools.com/,https://connectedtot.com/find-a-cambridge-school/Details/sri-prakash-vidyaniketan/,2026-08-25
IN159,Gobindgarh Public School,"GT, Mandi Gobindgarh, Punjab.",FATEHGARH SAHIB,PUNJAB,,,Primary / Lower Secondary / Upper Secondary,Day school,2017-03-30,http://www.gpsgobindgarh.in/,https://connectedtot.com/find-a-cambridge-school/Details/gobindgarh-public-school/,2026-08-25
IN161,Seedling Modern International Academy,"Ashok Marg,Mahaveer Nagar-Ii,Durgapura,Jaipur - 302018,Rajasthan,India",JAIPUR,RAJASTHAN,302018,board,Primary / Lower Secondary,,2017-03-20,,https://connectedtot.com/find-a-cambridge-school/Details/seedling-modern-international-academy/,2026-08-25
IN167,Maharaja Agarsain Public School,"Maharaja Agarsain Public SchoDr Bhim Rao Ambedkar Marg, Near MAJOR DHYAN CHAND SPORTS COMPLEX, Ashok Vihar IV,Delhi, 110052, India",NORTH WEST,DELHI,110052,board,Primary / Lower Secondary / Upper Secondary / Advanced,Day school,2017-04-27,,https://connectedtot.com/find-a-cambridge-school/Details/maharaja-agarsain-public-school/,2026-08-25
IN168,Sacred Heart Convent International School,"P.O. Box 370, Sarabha Nagar, Ludhiana - 141001, Punjab, India",LUDHIANA,PUNJAB,141001,board,Primary / Lower Secondary / Upper Secondary / Advanced,Day school,2017-04-26,https://sacredheartconventinternationalschool.com/,https://connectedtot.com/find-a-cambridge-school/Details/sacred-heart-convent-international-school/,2026-08-25
IN169,BCM ARYA INTERNATIONAL SCHOOL,"Model Town, Shastri Nagar, Ludhiana - 141002, Punjab, India",LUDHIANA,PUNJAB,141002,board,Early Years / Primary / Lower Secondary / Upper Secondary / Advanced,,2017-05-04,,https://connectedtot.com/find-a-cambridge-school/Details/bcm-arya-international-school/,2026-08-25
IN171,The Northstar School,"Kasturbadham, Rajkot-Bhavnagar, Highway, Rajkot, Gujarat 360020",RAJKOT,GUJARAT,360020,board,Lower Secondary / Upper Secondary / Advanced,Day school,2016-10-01,https://northstar.edu.in/,https://connectedtot.com/find-a-cambridge-school/Details/the-northstar-school/,2026-08-25
IN172,King's College India,"A1, Sector 5, Rohtak, Haryana, 124001",ROHTAK,HARYANA,124001,board,Primary / Lower Secondary / Upper Secondary / Advanced,Weekly boarding,2017-03-31,https://www.kingscollegeindia.in/,https://connectedtot.com/find-a-cambridge-school/Details/kings-college-india/,2026-08-25
IN173,Nehru World School,"E Block, Shastri Nagar, Ghaziabad, 201002, Uttar Pradesh, India",GHAZIABAD,UTTAR PRADESH,201002,board,Primary / Lower Secondary / Upper Secondary,Day school,2017-03-30,http://www.nehruworldschool.com/,https://connectedtot.com/find-a-cambridge-school/Details/nehru-world-school/,2026-08-25
IN174,Delhi Public School Nacharam,"Plot No. 44, 42 A,Behind Nacharam Telephone Exchange,Nacharam, Uppal Mandal, Medchal District Telangana 500076,India",MEDCHAL MALKAJGIRI,TELANGANA,500076,board,Early Years / Primary / Lower Secondary / Upper Secondary / Advanced,,2017-05-12,https://www.dpsnacharam.in/cambridge/,https://connectedtot.com/find-a-cambridge-school/Details/delhi-public-school-nacharam/,2026-08-25
IN175,C P Goenka International School,"C P Goenka International School,Behind Mapple Hotel,Ubale Nagar,Wagholi,Pune 412207",PUNE,MAHARASHTRA,412207,board,Lower Secondary / Upper Secondary / Advanced,Day school,2017-11-08,https://www.cpgoenkainternationalschool.com/international-school-in-pune/,https://connectedtot.com/find-a-cambridge-school/Details/c-p-goenka-international-school/,2026-08-25
IN176,Paradise School Goa,"Paradise School Goa, Risila Maison, HNO 319/A, Lopes Waddo, Canca Verla, Bardez, GOA 403510",NORTH GOA,GOA,403510,board,Primary / Lower Secondary / Upper Secondary / Advanced,Day school,2017-02-10,https://paradiseschoolgoa.com/,https://connectedtot.com/find-a-cambridge-school/Details/paradise-school-goa/,2026-08-25
IN179,Delhi Public School Bangalore East,"Survey No.43/1B&45 Sulikunte Village, Dommasandra Post,Sarjapura Road,Bangalore East,Karnataka - 562125,India",BENGALURU URBAN,KARNATAKA,562125,board,Primary / Lower Secondary / Upper Secondary / Advanced,Day school,2017-06-13,https://east.dpsbangalore.edu.in/,https://connectedtot.com/find-a-cambridge-school/Details/delhi-public-school-bangalore-east/,2026-08-25
IN183,Chanakya The Global School for Intellectuals,"Shiragaon, New Satpati Road, Complex Name,Palghar West,Maharashtra - 401404,India",PALGHAR,MAHARASHTRA,401404,board,Primary,Day school,2017-07-06,https://www.chanakyatheglobalschool.com/,https://connectedtot.com/find-a-cambridge-school/Details/chanakya-the-global-school-for-intellectuals/,2026-08-25
IN185,"Podar ORT International School, Worli","PODAR-ORT School Building 68, Worli Hill Estate, Worli, Mumbai, Maharashtra 400018",MUMBAI,MAHARASHTRA,400018,board,Upper Secondary,Day school,2017-11-02,https://podarworli.org/,https://connectedtot.com/find-a-cambridge-school/Details/podar-ort-international-school-worli/,2026-08-25
IN186,Mahatma Global Gateway,"Mahatma Global Gateway - CIE , Sivaganga Road , Veerapanjan, Madurai- 625020",MADURAI,TAMIL NADU,625020,board,Early Years / Primary / Lower Secondary / Upper Secondary / Advanced,Day school,2018-05-04,https://mahatmaschools.com/,https://connectedtot.com/find-a-cambridge-school/Details/mahatma-global-gateway/,2026-08-25
IN189,Epistemo Vikas Leadership School,"Plot #B4, Nallagandla Residential Complex, HUDA Layout, Aparna Cyber Life Opposite Lane, Nallagandla, Serilingampally, Hyderabad, Telangana-500019",RANGA REDDY,TELANGANA,500019,board,Primary / Lower Secondary / Upper Secondary,Day school,2018-01-31,http://www.epistemo.in/,https://connectedtot.com/find-a-cambridge-school/Details/epistemo-vikas-leadership-school/,2026-08-25
IN190,Shantiniketan International School,"35-25, GK colony, Neredmet, Secunderabad,- 500056",HYDERABAD,TELANGANA,500056,board,Lower Secondary / Upper Secondary / Advanced,Day school,2018-02-07,http://www.snis.org.in/,https://connectedtot.com/find-a-cambridge-school/Details/shantiniketan-international-school/,2026-08-25
IN192,Solitaire Global Schools,"Sri Sai Janachitanya Colony,Golden Heights Colony,Upparpally,Hyderabad,Telangana 500030,India",RANGA REDDY,TELANGANA,500030,board,Early Years / Lower Secondary / Upper Secondary / Advanced,,2018-02-05,https://www.solitaireglobalschools.com/campuses/attapur-campus/,https://connectedtot.com/find-a-cambridge-school/Details/solitaire-global-schools/,2026-08-25
IN194,"DNV International Academy, Pennagaram","DNV Nagar, Dharmapuri-636701, Tamil Nadu, India.",DHARMAPURI,TAMIL NADU,636701,board,Primary / Lower Secondary / Upper Secondary,Day school,2018-05-25,http://www.dnvina.com/,https://connectedtot.com/find-a-cambridge-school/Details/dnv-international-academy-pennagaram/,2026-08-25
IN196,SNBP World School,"Cis Education Sp. Z O.O T/A,Sr. No. 29/2, Off. Pimple Saudagar - Rahatani Link Road,Pune - 411017,Maharashtra,India",PUNE,MAHARASHTRA,411017,board,Primary / Lower Secondary / Upper Secondary / Advanced,,2018-02-19,,https://connectedtot.com/find-a-cambridge-school/Details/snbp-world-school/,2026-08-25
IN197,JS Global School,"No.1, Lake View Road, ( Opp to Ponniyamman Kovil, Old Mahabalipuram Rd, Sholinganallur, Chennai, Tamil Nadu 600119",CHENNAI,TAMIL NADU,600119,board,Primary / Lower Secondary / Upper Secondary / Advanced,Day school,2018-08-02,https://jsglobalschool.org/,https://connectedtot.com/find-a-cambridge-school/Details/js-global-school/,2026-08-25
IN198,Chettinad Sarvalokaa Education International School,"Inside Chettinad Health City, Kelambakkam 603103, Chennai, India",CHENGALPATTU,TAMIL NADU,603103,board,Early Years / Primary / Lower Secondary / Upper Secondary / Advanced,Fully residential,2018-10-09,http://www.sarvalokaa.org/,https://connectedtot.com/find-a-cambridge-school/Details/chettinad-sarvalokaa-education-international-school/,2026-08-25
IN201,IIS World School,"Kshipra Path,Opp V.T. Road,Mansarovar,Jaipur - 302 020,India",JAIPUR,RAJASTHAN,302020,board,Primary / Lower Secondary / Upper Secondary,Day school,2001-10-25,http://www.iisjaipur.org/,https://connectedtot.com/find-a-cambridge-school/Details/india-international-school/,2026-08-25
IN214,Modern High School International,"78 Syed Amir Ali Avenue,Kolkata,West Bengal, India",KOLKATA,WEST BENGAL,700019,same_school_other_board,Lower Secondary / Upper Secondary,,2020-04-29,https://mhsi.edu.in/,https://connectedtot.com/find-a-cambridge-school/Details/modern-high-school-international/,2026-08-25
IN217,"Calcutta New School Society, The Cambridge School","7/1A Satyendranath Majumder Sarani,(formerly Manoharpukur Road),Kolkata 700026,India",KOLKATA,WEST BENGAL,700026,board,Upper Secondary / Advanced,Day school,2006-01-30,http://www.thecambridgeschool.ac.in/,https://connectedtot.com/find-a-cambridge-school/Details/calcutta-new-school-society-the-cambridge-school/,2026-08-25
IN218,Calcutta International School Society,"724 Anandpur,Kolkatta,West Bengal,India",KOLKATA,WEST BENGAL,700107,same_school_other_board,Primary / Lower Secondary / Upper Secondary / Advanced,Day school,2011-02-18,http://www.calcuttais.edu.in/,https://connectedtot.com/find-a-cambridge-school/Details/calcutta-international-school-society/,2026-08-25
IN232,Goldcrest International School,"Plot No - 59, Sector 29, Vashi, Navi Mumbai, Maharashtra, India - 400703",THANE,MAHARASHTRA,400703,board,Lower Secondary / Upper Secondary,Day school,2015-07-07,,https://connectedtot.com/find-a-cambridge-school/Details/goldcrest-international-school/,2026-08-25
IN234,Belvedere Spring School,"New Link Road, near Oshiwara metro station, oshiwara, Mumbai 400102.",MUMBAI SUBURBAN,MAHARASHTRA,400102,board,Lower Secondary / Upper Secondary,Day school,2016-06-03,http://www.belvederespringschool.in/,https://connectedtot.com/find-a-cambridge-school/Details/belvedere-spring-school/,2026-08-25
IN236,Zaytun International Academy,"Rawali - Near Rawali Bridge,Upper Ganga Canal Rd, Mussoorie,Ghaziabad,201002,Uttar Pradesh,India",GHAZIABAD,UTTAR PRADESH,201002,board,Primary / Lower Secondary,,2016-09-07,,https://connectedtot.com/find-a-cambridge-school/Details/zaytun-international-academy/,2026-08-25
IN237,Ekya School - JP Nagar,"No. 16, 6Th B Main Rd, (Near Sai Baba Temple), Jp Nagar 3Rd Phase,Bangalore,560078,Karnataka,India",BENGALURU URBAN,KARNATAKA,560078,board,Lower Secondary / Upper Secondary,,2016-10-04,,https://connectedtot.com/find-a-cambridge-school/Details/ekya-school-jp-nagar/,2026-08-25
IN238,Delhi Public School Bangalore North,"Survey No. 35/1A, Sathanur Village,Jala Hobli, Bagalur Post,Bangalore North 562149,Karnataka,India",BENGALURU URBAN,KARNATAKA,562149,board,Primary / Lower Secondary / Upper Secondary / Advanced,Day school,2017-06-07,https://north.dpsbangalore.edu.in/,https://connectedtot.com/find-a-cambridge-school/Details/delhi-public-school-bangalore-north/,2026-08-25
IN239,World One School,"kondapur, hyderabad, 500084",HYDERABAD,TELANGANA,500084,board,Early Years / Primary / Lower Secondary,Day school,2018-07-10,https://worldoneschool.org/,https://connectedtot.com/find-a-cambridge-school/Details/world-one-school/,2026-08-25
IN240,Pragnya Montessori School,"Plot No 45-50, Vishnu Priya Enclve, OPP INCOIS, Pragathi Nagar, hyderabad - 500090",MEDCHAL MALKAJGIRI,TELANGANA,500090,board,Lower Secondary / Upper Secondary,Day school,2019-03-15,http://www.pragnyamontessori.com/,https://connectedtot.com/find-a-cambridge-school/Details/pragnya-montessori-school/,2026-08-25
IN241,Elpro International School,"Elpro Compound,Chinchwad Gaon,Pune,Maharashtra,India 411033",PUNE,MAHARASHTRA,411033,board,Primary / Lower Secondary / Upper Secondary,,2018-08-02,,https://connectedtot.com/find-a-cambridge-school/Details/elpro-international-school/,2026-08-25
IN242,Mount Carmel International School,"Station Road, Agresan chowk, Akola 444001, Maharashtra, India",AKOLA,MAHARASHTRA,444001,board,Primary / Lower Secondary / Upper Secondary,Day school,2018-08-30,http://mountcarmelinternationalschoolakola.com/,https://connectedtot.com/find-a-cambridge-school/Details/mount-carmel-international-school/,2026-08-25
IN243,Suchitra Academy,"Suchitra Junction, Qutubullapur Mandal, Hyderabad, Telangana 500067",MEDCHAL MALKAJGIRI,TELANGANA,500067,board,Primary / Lower Secondary,Day school,2019-01-09,https://suchitra.in/,https://connectedtot.com/find-a-cambridge-school/Details/suchitra-academy/,2026-08-25
IN244,Oak Valley International School,"Vuda Colony, Pedagatyada, Gajuwaka, Visakhapatnam, 530026.",VISAKHAPATANAM,ANDHRA PRADESH,530026,board,Primary / Lower Secondary / Upper Secondary,Day school,2018-10-19,https://oakvalleyvizag.com/,https://connectedtot.com/find-a-cambridge-school/Details/oak-valley-international-school/,2026-08-25
IN246,Kulachi Hansraj Model School,"Ashok Vihar, Phase III,Delhi 110052,India",NORTH WEST,DELHI,110052,board,Primary / Lower Secondary / Upper Secondary,Day school,2018-11-30,http://khms.ac.in/,https://connectedtot.com/find-a-cambridge-school/Details/kulachi-hansraj-model-school/,2026-08-25
IN250,Aquinas International School,"Rosary Church Campus, M.G. Road,Goregoan West,Mumbai,Maharashtra 400104,India",MUMBAI SUBURBAN,MAHARASHTRA,400104,board,Primary / Lower Secondary,,2019-05-20,,https://connectedtot.com/find-a-cambridge-school/Details/aquinas-international-school/,2026-08-25
IN251,Rustomjee Cambridge International School,"Plot PS 209, Off. Narangi Bypass Rd, Opp. Avenue H, Global Ciy, Virar (W)",PALGHAR,MAHARASHTRA,401303,india_post_directory,Upper Secondary,Day school,2019-01-14,,https://connectedtot.com/find-a-cambridge-school/Details/rustomjee-cambridge-international-school-1/,2026-08-25
IN253,Kunskapsskolan International School,"KUNSKAPSSKOLAN INTERNATIONAL, GUL FARM COMPLEX, ADJACENT TO SECTOR 70A, GURUGRAM, HARYANA 122004",GURUGRAM,HARYANA,122004,board,Early Years / Primary / Lower Secondary / Upper Secondary / Advanced,Day school,2018-09-13,https://ked.edu.in/international/,https://connectedtot.com/find-a-cambridge-school/Details/kunskapsskolan-international-school/,2026-08-25
IN264,Little Angels' International School,"CS No. 6 Part, Shastri Lane, Behind Manav Seva Sangh Hall, Sion, Mumbai, Maharashtra 400022",MUMBAI,MAHARASHTRA,400022,board,Early Years / Primary / Lower Secondary,Day school,2023-01-03,https://littleangels-sion.in/lais/,https://connectedtot.com/find-a-cambridge-school/Details/little-angels-international-school/,2026-08-25
IN268,The Levelfield School,"C/O Levelfield School,Husnabad, Suri, Birbhum,Suri,West Bengal,India,731101",BIRBHUM,WEST BENGAL,731101,board,Upper Secondary / Advanced,,2016-03-17,,https://connectedtot.com/find-a-cambridge-school/Details/the-levelfield-school/,2026-08-25
IN270,"GGN International School, Chromepet","No 1 Naidu Shop Road, Radha Nagar, Chromepet -44",CHENGALPATTU,TAMIL NADU,600044,india_post_directory,Primary / Lower Secondary / Upper Secondary,Day school,2016-11-15,http://www.ggnis.in/,https://connectedtot.com/find-a-cambridge-school/Details/ggn-international-school-chromepet/,2026-08-25
IN272,R N Shah International School,R N Shah International School,MUMBAI SUBURBAN,MAHARASHTRA,,,Primary / Lower Secondary / Upper Secondary / Advanced,Day school,2017-03-31,http://www.rnsis.edu.in/,https://connectedtot.com/find-a-cambridge-school/Details/r-n-shah-international-school/,2026-08-25
IN273,Neerja Modi School,"Paanch Batti Circle, Near Park Plaza, Ratanda, Jodhpur, 342001",JODHPUR,RAJASTHAN,342001,board,Upper Secondary,Day school,2017-03-24,http://www.nmsjodhpur.org/,https://connectedtot.com/find-a-cambridge-school/Details/neerja-modi-school/,2026-08-25
IN276,Sanskar School,"117-121 ,Vishwamitra Marg, Defence Colony, Sirsi Road, Jaipur 302021, Rajasthan",JAIPUR,RAJASTHAN,302021,board,Lower Secondary / Upper Secondary,Day school,2017-10-02,http://www.sanskarjpr.com/,https://connectedtot.com/find-a-cambridge-school/Details/sanskar-school/,2026-08-25
IN278,The Ardee School,"Yasho Bhawan,New Friends Colony,New Delhi 110025,India",South East,DELHI,110025,board,Primary / Lower Secondary / Upper Secondary / Advanced,,2017-12-15,http://www.theardeeschool.com/,https://connectedtot.com/find-a-cambridge-school/Details/the-ardee-school/,2026-08-25
IN281,Hopetown Girls' School,"Hopetown Girls' School, Rajawala Road, PO Selaqui, Dehradun 248011, Uttarakhand, India",DEHRADUN,UTTARAKHAND,248011,board,Lower Secondary / Upper Secondary / Advanced,Fully residential,2022-04-01,http://www.hopetown.in/,https://connectedtot.com/find-a-cambridge-school/Details/hopetown-girls-school/,2026-08-25
IN283,Birla Open Minds International School,"Survey No 192 & 193 Outer Ring Road Gachibowli, Kollur, Hyderabad, Telangana 502300",SANGAREDDY,TELANGANA,502300,board,Primary / Lower Secondary / Upper Secondary,Day school,2018-01-31,https://www.openminds-hyderabad.com/,https://connectedtot.com/find-a-cambridge-school/Details/birla-open-minds-international-school/,2026-08-25
IN286,Creative School,"# 83,84, L.G.Lake Dew,Bilishivale Village, Doddagubbi Post,Bangalore,Karnataka,India",BENGALURU URBAN,KARNATAKA,560077,india_post_directory,Primary / Lower Secondary / Upper Secondary / Advanced,Weekly boarding,2018-03-05,,https://connectedtot.com/find-a-cambridge-school/Details/creative-school/,2026-08-25
IN290,The Plenum School,"Bagthan, District Sirmaur, Nahan 173001, Himachal Pradesh, India",SIRMAUR,HIMACHAL PRADESH,173001,board,Upper Secondary / Advanced,Fully residential,2018-09-28,http://www.theplenumschool.edu.in/,https://connectedtot.com/find-a-cambridge-school/Details/the-plenum-school/,2026-08-25
IN291,"Devamatha CMI International School, Thangaloor","Devamatha Cmi International School, Thangaloor P. O, Thrissur, Kerala - 680596",THRISSUR,KERALA,680596,board,Primary / Lower Secondary / Upper Secondary / Advanced,Day school,2018-01-06,http://www.idevamatha.com/,https://connectedtot.com/find-a-cambridge-school/Details/devamatha-cmi-international-school-thangaloor/,2026-08-25
IN292,Aravali International School Sector-81,"Block D, Sector 81, Faridabad, Haryana 121001, India",FARIDABAD,HARYANA,121001,board,Primary,Day school,2018-05-25,http://www.aravali.edu.in/,https://connectedtot.com/find-a-cambridge-school/Details/aravali-international-school-sector-81/,2026-08-25
IN293,Meru International School,"Sy. No. 97, P) & 98, Patancheru - Chandanagar Rd, adjacent to MY HOME JEWEL, Hafeezpet, Madeenaguda, Hyderabad, Telangana 500049",MEDCHAL MALKAJGIRI,TELANGANA,500049,board,Early Years / Primary / Lower Secondary / Upper Secondary / Advanced,Day school,2018-10-15,https://meruinternationalschool.com/,https://connectedtot.com/find-a-cambridge-school/Details/meru-international-school/,2026-08-25
IN296,Baldwin International School,"14, Hosur Rd,Richmond Town,Bangalore,560025 Karnataka,India",BENGALURU URBAN,KARNATAKA,560025,board,Primary / Lower Secondary / Upper Secondary / Advanced,,2018-05-22,,https://connectedtot.com/find-a-cambridge-school/Details/baldwin-international-school/,2026-08-25
IN297,"Darbari Lal DAV Model School, Pitampura","DLDAV Model School, ND Block Pitampura, New Delhi",NORTH WEST,DELHI,,,Primary / Lower Secondary,Day school,2018-11-28,,https://connectedtot.com/find-a-cambridge-school/Details/darbari-lal-dav-model-school-pitampura/,2026-08-25
IN298,"DAV Public School,Pushpanjali Enclave","Pitampura New Delhi,Delhi 110034,India",NORTH WEST,DELHI,110034,board,Primary / Lower Secondary,,2018-11-05,https://davpushpanjali.in/,https://connectedtot.com/find-a-cambridge-school/Details/dav-public-schoolpushpanjali-enclave/,2026-08-25
IN299,The Cathedral And John Connon School,"6 Purushottamdas Thakurdas Marg, Mumbai, Maharashtra 400001, India",MUMBAI,MAHARASHTRA,400001,board,Upper Secondary,Day school,2018-11-15,https://cathedral-school.com/,https://connectedtot.com/find-a-cambridge-school/Details/the-cathedral-and-john-connon-school/,2026-08-25
IN307,Surya Varsani Academy,"Surya Village, Near Sanatorium, Bhuj-Mundra Highway Tehsil Bhuj, Sedata, Gujarat 370427",KACHCHH,GUJARAT,370427,board,Upper Secondary / Advanced,Fully residential,2018-04-07,https://sva.school/,https://connectedtot.com/find-a-cambridge-school/Details/surya-varsani-academy/,2026-08-25
IN308,Dreamtime Learning,"Plot 505, Road No. 22, Jubilee Hills, Hyderabad, Telangana 500033",HYDERABAD,TELANGANA,500033,board,Primary / Lower Secondary,Day school,2023-01-13,http://www.dreamtimelearningschool.com/,https://connectedtot.com/find-a-cambridge-school/Details/dreamtime-learning/,2026-08-25
IN309,"Sishya, Adyar","Kit Thomas Educational Society,2 Padmanabha Nagar,2Nd Street, Adyar,Chennai 600020,India",CHENNAI,TAMIL NADU,600020,board,Early Years,,2023-05-11,,https://connectedtot.com/find-a-cambridge-school/Details/sishya-adyar/,2026-08-25
IN330,The Home School,"628/2C1B, 629/2B1, 629/2B3, Rakkiyapalayam, Kangeyam Road, Vijayapuram Post., Tirupur - 641606, Tamil Nadu",TIRUPPUR,TAMIL NADU,641606,board,Primary / Lower Secondary / Upper Secondary / Advanced,Weekly boarding,2019-03-01,http://www.thehomeschool.ac.in/,https://connectedtot.com/find-a-cambridge-school/Details/the-home-school/,2026-08-25
IN331,Presidency Indo International School,"Thane Bhiwandi Bypass Highway, Elkunde, Bhiwandi, Dist. Thane, Maharashtra, India 421302",THANE,MAHARASHTRA,421302,board,Lower Secondary / Upper Secondary,Day school,2021-10-25,http://www.presidencyschools.in/,https://connectedtot.com/find-a-cambridge-school/Details/presidency-indo-international-school/,2026-08-25
IN334,The Indian Public School,"TIPS Chennai No. 50/51, First Main Road, Perungudi Industrial Estate, Perungudi, Chennai – 600 096.",CHENNAI,TAMIL NADU,600096,board,Upper Secondary / Advanced,Day school,2014-06-02,http://tipsglobal.org/,https://connectedtot.com/find-a-cambridge-school/Details/the-indian-public-school-7/,2026-08-25
IN336,Seedling - The World School,"Prattappura, Sapettiya, Udaipur- 313001, Rajasthan",UDAIPUR,RAJASTHAN,313001,board,Primary / Lower Secondary / Upper Secondary / Advanced,Day school,2016-04-12,https://www.seedlingudaipur.org/,https://connectedtot.com/find-a-cambridge-school/Details/seedling-the-world-school/,2026-08-25
IN337,Heritage Girls School,"Heritage Girls School NH 8, Ekling ji, Udaipur (Rajasthan) 313202",RAJSAMAND,RAJASTHAN,313202,board,Upper Secondary / Advanced,Fully residential,2016-04-11,https://www.heritagegirlsschool.com/,https://connectedtot.com/find-a-cambridge-school/Details/heritage-girls-school/,2026-08-25
IN338,"The Rajas International School, Kurichy","Kurichy, Sachovothamapuram PO, Mandiram Kavala, PIN 686578",KOTTAYAM,KERALA,686578,board,Lower Secondary / Upper Secondary / Advanced,Day school,2017-01-31,http://www.tris.in/,https://connectedtot.com/find-a-cambridge-school/Details/the-rajas-international-school-kurichy/,2026-08-25
IN339,PNC Cognitio School,"#33, Srb Campus, Opp. Srb Gardenia, Kumbena Agarahara, Kadugodi (P), Bengaluru, Karnataka, 560067",BENGALURU RURAL,KARNATAKA,560067,board,Early Years / Primary / Lower Secondary / Upper Secondary / Advanced,,2017-03-09,https://www.pnccs.edu.in/,https://connectedtot.com/find-a-cambridge-school/Details/pnc-cognitio-school/,2026-08-25
IN358,Renaissance School,"Alipur Gijhauri, Meerut Road, Bulandshahr 203001",BULANDSHAHR,UTTAR PRADESH,203001,board,Primary,Day school,2017-03-10,http://renaissance-bsr.com/,https://connectedtot.com/find-a-cambridge-school/Details/renaissance-school/,2026-08-25
IN359,Ashoka Global Academy,"Arjun Nagar, Off Gangapur Road,Chandsi,Nasik,Maharashtra 422013,India",NASHIK,MAHARASHTRA,422013,board,Primary / Lower Secondary / Upper Secondary / Advanced,Day school,2017-10-10,,https://connectedtot.com/find-a-cambridge-school/Details/ashoka-global-academy/,2026-08-25
IN360,SVB's International School Dombivli,"Sankara Nagar, Kalyan-Shil Road, Opp. DNS Bank, Sonarpada,Dombivli (East), Thane 421203, Maharashtra",THANE,MAHARASHTRA,421203,board,Upper Secondary,Day school,2019-05-13,http://www.svbinternational.org/,https://connectedtot.com/find-a-cambridge-school/Details/svbs-international-school-dombivli/,2026-08-25
IN362,SAAMAR International Islamic School,"THANISANDRA MAIN ROAD, RAMA KRISHNA HEGDE NAGAR, BANGALORE - 560077",BENGALURU URBAN,KARNATAKA,560077,board,Upper Secondary,Day school,2015-03-31,http://www.saamar.com/,https://connectedtot.com/find-a-cambridge-school/Details/saamar-international-islamic-school/,2026-08-25
IN363,New Baldwin International Residential School,"Budigere Cross-Mandur Road Old Madras Road, Bangalore - 560049",BENGALURU RURAL,KARNATAKA,560049,board,Primary / Lower Secondary / Upper Secondary,Fully residential,2011-01-31,https://www.newbaldwingroupofinstitutions.org/Mandoor/,https://connectedtot.com/find-a-cambridge-school/Details/new-baldwin-international-residential-school/,2026-08-25
IN369,City International School,"439 B/060, Balaganj Hardoi Road,Lucknow",LUCKNOW,UTTAR PRADESH,,,Primary / Lower Secondary,Day school,2016-12-14,http://www.ciseducation.org/,https://connectedtot.com/find-a-cambridge-school/Details/city-international-school/,2026-08-25
IN373,Aljamea-tus-Saifiyah,"The Saifee Foundation, Aljamea-Tus-Saifiyah, Gate No.3, Cts No.1280(Pt), Hasanat School,Shivaji Nagar, Church Road, Marol, Andheri East,Mumbai, Maharashtra 400059,India",MUMBAI SUBURBAN,MAHARASHTRA,400059,board,Upper Secondary / Advanced,,2017-06-19,,https://connectedtot.com/find-a-cambridge-school/Details/aljamea-tus-saifiyah/,2026-08-25
IN374,St Willibrord International School,"Arvind Park , Kurgaon Tarapur road,Boisar west 401504",PALGHAR,MAHARASHTRA,401504,board,Upper Secondary,Day school,2017-06-26,http://boisar.stwillibrord.com/,https://connectedtot.com/find-a-cambridge-school/Details/st-willibrord-international-school/,2026-08-25
IN377,Keystone School,"Sy no:340, Puppalaguda, Financial District, Nanakramguda, Hyderabad, Telangana, India 500032.",HYDERABAD,TELANGANA,500032,board,Primary / Lower Secondary / Upper Secondary / Advanced,Day school,2017-11-05,https://www.keystoneeducation.in/,https://connectedtot.com/find-a-cambridge-school/Details/keystone-school/,2026-08-25
IN401,The Emerald Heights Foundation School,,INDORE,MADHYA PRADESH,,,,,2024-09-20,,https://connectedtot.com/find-a-cambridge-school/Details/the-emerald-heights-foundation-school/,2026-08-25
IN405,Dhirubhai Ambani International School,"SCL 5, G Block,Bandra Kurla Complex,Bandra (East), Mumbai, 400051,India",MUMBAI SUBURBAN,MAHARASHTRA,400051,board,Lower Secondary / Upper Secondary,Day school,2003-03-26,,https://connectedtot.com/find-a-cambridge-school/Details/dhirubhai-ambani-international-school/,2026-08-25
IN409,"DPS International, Saket","P-37, M.B. Road, Sector 6,Pushp Vihar Saket,New Delhi, 110017,India",SOUTH,DELHI,110017,board,Lower Secondary / Upper Secondary / Advanced,,2005-08-23,,https://connectedtot.com/find-a-cambridge-school/Details/dps-international-saket/,2026-08-25
IN411,G.D. Goenka World School,"G. D. Goenka Education City, Sohna-Gurgaon Road, Sohna-122103, Haryana, India.",NUH,HARYANA,122103,board,Lower Secondary / Upper Secondary / Advanced,Fully residential,2005-08-23,https://gdgws.gdgoenka.com/,https://connectedtot.com/find-a-cambridge-school/Details/g-d-goenka-world-school/,2026-08-25
IN416,"Trivandrum International School, Edakode","C/O Kenton Educational Society, Korani, Edacode PO., Thiruvananthapuram, Kerala 695104, India",THIRUVANANTHAPURAM,KERALA,695104,board,Upper Secondary / Advanced,Day-cum-Boarding,2005-04-21,http://www.trins.org/,https://connectedtot.com/find-a-cambridge-school/Details/trivandrum-international-school-edakode/,2026-08-25
IN417,Ahmedabad International School,"C/O. J.N. Education Society, Judges Bungalow Road, Bodakdev,Ahmedabad, Gujarat 380015,India",AHMADABAD,GUJARAT,380015,board,Lower Secondary / Upper Secondary / Advanced,Day school,2004-06-10,http://aischool.net/,https://connectedtot.com/find-a-cambridge-school/Details/ahmedabad-international-school/,2026-08-25
IN418,Navrachana International School,"Vasna -Bhayali Road , Bhayali Vadodara , 391410, Gujarat ,India",VADODARA,GUJARAT,391410,board,Upper Secondary,Day school,2005-08-23,http://www.nisvib.in/,https://connectedtot.com/find-a-cambridge-school/Details/navrachana-international-school/,2026-08-25
IN420,Podar International School,"Saraswati Road, Santacruz West, Mumbai, Maharashtra 400054",MUMBAI SUBURBAN,MAHARASHTRA,400054,board,Primary / Lower Secondary / Upper Secondary / Advanced,,2005-08-23,https://podarinternationalschool.com/,https://connectedtot.com/find-a-cambridge-school/Details/podar-international-school/,2026-08-25
IN421,Sarala Birla Academy,"Jigni Road,Bannerghatta,Bangalore 560083,Karnataka,India",BENGALURU URBAN,KARNATAKA,560083,board,Upper Secondary,Fully residential,2005-01-24,https://saralabirlaacademy.org/,https://connectedtot.com/find-a-cambridge-school/Details/sarala-birla-academy/,2026-08-25
IN422,Pinnacle High International School (Unit - SBIS Trust),"Sbis Trust T/A,Sunder Lane, Orlem,Malad (W),Mumbai - 400064,Maharashtra,India",MUMBAI SUBURBAN,MAHARASHTRA,400064,board,Primary / Lower Secondary / Upper Secondary / Advanced,,2005-01-20,,https://connectedtot.com/find-a-cambridge-school/Details/pinnacle-high-international-school-unit-sbis-trust/,2026-08-25
IN426,"VIBGYOR HIGH, Goregaon","Motilal Nagar, 1, Shrirang Sabde Marg, off Link Road, Goregaon West, Mumbai, Maharashtra 400104",MUMBAI SUBURBAN,MAHARASHTRA,400104,board,Primary / Lower Secondary / Upper Secondary / Advanced,Day school,2005-08-23,https://www.vibgyorhigh.com/school/mumbai/cambridge/goregaon-west,https://connectedtot.com/find-a-cambridge-school/Details/vibgyor-high-goregaon/,2026-08-25
IN427,"Kothari International School, Noida","B-279, Sector-50, Noida, UP",GAUTAM BUDDHA NAGAR,UTTAR PRADESH,201301,same_school_other_board,Primary / Lower Secondary / Upper Secondary / Advanced,Day school,2014-06-04,https://www.kotharicambridgeschool.edu.in/,https://connectedtot.com/find-a-cambridge-school/Details/kothari-international-school-noida/,2026-08-25
IN434,JG International School,"JG Campus of Excellence, Off Sola Road, Ahmedabad-380061, Gujarat, India",AHMADABAD,GUJARAT,380061,board,Primary / Lower Secondary / Upper Secondary / Advanced,Day school,2006-06-02,https://www.jginternationalschool.in/,https://connectedtot.com/find-a-cambridge-school/Details/jg-international-school/,2026-08-25
IN435,Wisdom High International School,"Wisdom High International School, NASHIK, Behind JIT, Govardhan, Gangapur Rd, Nashik, Maharashtra 422222",NASHIK,MAHARASHTRA,422222,board,Primary / Lower Secondary / Upper Secondary / Advanced,Day school,2006-11-17,https://www.whis.edu.in/,https://connectedtot.com/find-a-cambridge-school/Details/wisdom-high-international-school/,2026-08-25
IN438,Dwarkibai Gangadhar Khetan International School,"Krishna Realties, Behind Sunder Nagar, Off S. V. Road & Link Road, Malad West, Mumbai - 400064",MUMBAI SUBURBAN,MAHARASHTRA,400064,board,Primary / Lower Secondary / Upper Secondary,Day school,2006-11-01,https://dgkhetan.edu.in/,https://connectedtot.com/find-a-cambridge-school/Details/dwarkibai-gangadhar-khetan-international-school/,2026-08-25
IN439,Gateway The Complete School,"Gateway The Complete School, no 43, Nedunchezin Street, Rajiv Gandhi Salai, Shollingallur, Chennai , Tamil Nadu",CHENNAI,TAMIL NADU,,,Early Years / Primary / Lower Secondary / Upper Secondary / Advanced,Day school,2006-11-28,http://gateway%20schools.edu.in/,https://connectedtot.com/find-a-cambridge-school/Details/gateway-the-complete-school/,2026-08-25
IN441,The Universal School,"Plot No. 17 B, Tilak Road,Opposite Lions Garden,Ghatkopar (East),Mumbai - 400 077,Maharashtra, India",MUMBAI SUBURBAN,MAHARASHTRA,400077,board,Primary / Lower Secondary / Upper Secondary / Advanced,Day school,2006-10-01,,https://connectedtot.com/find-a-cambridge-school/Details/the-universal-school-1/,2026-08-25
IN442,"Billabong High International School, Juhu","Ajivasan Compound, Juhu road, Opp. Lido Towers, Next to SNDT University",MUMBAI SUBURBAN,MAHARASHTRA,400049,india_post_directory,Early Years / Primary / Lower Secondary / Upper Secondary / Advanced,Day school,2005-12-14,https://www.billabonghighschool.com/igcse-school-juhu-santacruz-mumbai/,https://connectedtot.com/find-a-cambridge-school/Details/billabong-high-international-school-juhu/,2026-08-25
IN443,Kanakia International School (IGCSE),"Indralok Phase 6,Near Shalom Hospital,Bhayander East, Mira - Bhayander,Maharashtra, India",PALGHAR,MAHARASHTRA,401105,india_post_directory,Early Years / Primary / Lower Secondary / Upper Secondary / Advanced,Day school,2007-04-20,https://rbkei.org/our-schools/kanakia-international-school-igcse-bhayandar/,https://connectedtot.com/find-a-cambridge-school/Details/kanakia-international-school-chembur-mumbai-1/,2026-08-25
IN446,Suncity School,"Suncity Township, Sector – 54 Gurgaon -122002, Haryana",GURUGRAM,HARYANA,122002,board,Upper Secondary,Day school,2006-08-03,https://www.suncityschool.in/suncity-international-school/,https://connectedtot.com/find-a-cambridge-school/Details/suncity-school/,2026-08-25
IN447,Sancta Maria International School Faridabad,"Sancta Maria International School Sector - 93, Faridabad, Haryana - 121002",FARIDABAD,HARYANA,121002,board,Lower Secondary / Upper Secondary,Fully residential,2005-11-24,https://sanctamaria.co.in/,https://connectedtot.com/find-a-cambridge-school/Details/sancta-maria-international-school-faridabad/,2026-08-25
IN448,Scottish High International School,"Block G, Sushant Lok 2, Sector 57, Gurugram, Haryana 122011",GURUGRAM,HARYANA,122011,board,Lower Secondary / Upper Secondary,Day Boarding School,2006-04-01,http://www.scottishigh.com/,https://connectedtot.com/find-a-cambridge-school/Details/scottish-high-international-school/,2026-08-25
IN449,Oasis International School,"Survey No. 90/2,Kadusonnappanahalli,Bidarahalli Hobli,Bangalore East Taluk, India",BENGALURU URBAN,KARNATAKA,,,Lower Secondary / Upper Secondary / Advanced,Day school,2005-11-14,http://www.oasisintschool.net/,https://connectedtot.com/find-a-cambridge-school/Details/oasis-international-school/,2026-08-25
IN456,Sri Mayapur International School,"Bhakti Siddhanta Saraswati Marg, Sridham Mayapur, Nadia, West Bengal - 741313. India.",NADIA,WEST BENGAL,741313,board,Primary / Lower Secondary / Upper Secondary / Advanced,Day school,2005-08-23,http://na/,https://connectedtot.com/find-a-cambridge-school/Details/sri-mayapur-international-school/,2026-08-25
IN459,Choithram International,"5 Manik Bagh Road, Choithram Hospital Campus, Indore",INDORE,MADHYA PRADESH,452014,same_school_other_board,Upper Secondary / Advanced,Day school,2005-08-23,https://choithraminternational.com/,https://connectedtot.com/find-a-cambridge-school/Details/choithram-international/,2026-08-25
IN460,Bridge International School,"77/1/1 Hazra Road, Kolkata 700029, West Bengal, India",KOLKATA,WEST BENGAL,700029,board,Lower Secondary / Upper Secondary / Advanced,Day school,2005-08-23,http://www.bridgeinternationalschool.co.in/,https://connectedtot.com/find-a-cambridge-school/Details/bridge-international-school/,2026-08-25
IN461,Jain International Residential School,"Jain Global Campus, Jakkasandra Post, Kanakapura Road, Ramnagara District, Bangalore, Karnataka 562112",RAMANAGARA,KARNATAKA,562112,board,Lower Secondary / Upper Secondary,,2005-08-23,http://www.jirs.ac.in/,https://connectedtot.com/find-a-cambridge-school/Details/jain-international-residential-school/,2026-08-25
IN462,Utpal Shanghvi Global School,"East West Road No. 3, JVPD Scheme, Juhu, Mumbai – 400049",MUMBAI SUBURBAN,MAHARASHTRA,400049,board,Primary / Lower Secondary / Upper Secondary,Day school,2005-08-23,https://ppsijc.org/,https://connectedtot.com/find-a-cambridge-school/Details/utpal-shanghvi-global-school/,2026-08-25
IN467,"RIMS International School & Junior College, Pune","Royal Palace, NIBM road, Kondhwa, 411028",PUNE,MAHARASHTRA,411028,board,Lower Secondary / Upper Secondary / Advanced,Day school,2005-08-23,http://www.rimsinternational.education/,https://connectedtot.com/find-a-cambridge-school/Details/rims-international-school-junior-college-pune/,2026-08-25
IN469,Symbiosis International School,"Ishanya Campus, Viman Nagar, Pune 411014, Maharashtra, India",PUNE,MAHARASHTRA,411014,board,Upper Secondary,Day school,2005-10-19,https://www.symbiosisinternationalschool.net/,https://connectedtot.com/find-a-cambridge-school/Details/symbiosis-international-school/,2026-08-25
IN470,Rustomjee Cambridge International School,"Rustomjee Acres , Rustom Irani Marg , Dahisar West , Mumbai 400068",MUMBAI SUBURBAN,MAHARASHTRA,400068,board,Primary / Lower Secondary / Upper Secondary / Advanced,Day school,2005-10-25,http://rcis.rustomjee.com/,https://connectedtot.com/find-a-cambridge-school/Details/rustomjee-cambridge-international-school-2/,2026-08-25
IN472,Vidyashilp Academy,"PO Box 6437, Survey No. 1 & 31, Govindapura, Behind Yelahanka Air Force Base, Yelahanka, Bengaluru, Karnataka 560064",BENGALURU URBAN,KARNATAKA,560064,board,Upper Secondary / Advanced,Day school,2005-08-23,http://vidyashilpacademy.edu.in/,https://connectedtot.com/find-a-cambridge-school/Details/vidyashilp-academy/,2026-08-25
IN475,Himali Boarding School,"Doomaram P.O. Kurseong,Dist: Darjeeling ,West Bengal,India",DARJEELING,WEST BENGAL,734203,same_school_other_board,Advanced,,2005-08-23,,https://connectedtot.com/find-a-cambridge-school/Details/himali-boarding-school/,2026-08-25
IN485,The New Tulip International School,"Sterling City,Bopal,Ahmedabad -380058",AHMADABAD,GUJARAT,380058,board,Lower Secondary / Upper Secondary / Advanced,Day school,2005-08-23,https://www.thenewtulipinternationalschool.com/home,https://connectedtot.com/find-a-cambridge-school/Details/the-new-tulip-international-school/,2026-08-25
IN495,DSB International School,"Deutscher Schulverein in Bombay, Urmi Estate 95, Ganpatrao Kadam Marg, Opposite Peninsula Business Park, Lower Parel West, Lower Parel",MUMBAI,MAHARASHTRA,400013,same_school_other_board,Upper Secondary,Day school,2004-12-07,http://dsbindia.com/,https://connectedtot.com/find-a-cambridge-school/Details/dsb-international-school/,2026-08-25
IN498,NES International School Mumbai,"NES International School Mumbai , Swapnanagari , Mulund West , Mumbai 400 082",MUMBAI SUBURBAN,MAHARASHTRA,400082,board,Upper Secondary,Day school,2005-08-23,http://www.nesinternational.org/,https://connectedtot.com/find-a-cambridge-school/Details/nes-international-school-mumbai/,2026-08-25
IN499,"Sholai School, CLOAAT","Sholai School, P.O. Box 57, Bharathi Anna Nagar, Pethuparai, Perumalmalai, Kodaikanal, 624101",DINDIGUL,TAMIL NADU,624101,board,Upper Secondary / Advanced,Fully residential,2005-08-23,https://www.sholaicloaat.org/,https://connectedtot.com/find-a-cambridge-school/Details/sholai-school-cloaat/,2026-08-25
IN500,"Trileaves International School, Rajakilpakkam","Thirumagal Nagar,Madambakkam Main Road,Rajakilpakkam,Chennai,600073,Tamil Nadu, India",CHENGALPATTU,TAMIL NADU,600073,board,Primary / Lower Secondary / Upper Secondary / Advanced,Day school,2014-08-13,,https://connectedtot.com/find-a-cambridge-school/Details/trileaves-international-school-rajakilpakkam/,2026-08-25
IN501,The International School Bangalore,"Nafl Valley, Whitefield- Sarjapur Road, Near Dommasandra Circle,Bengaluru, Karnataka 562125,India",BENGALURU URBAN,KARNATAKA,562125,board,Advanced,,2001-11-24,,https://connectedtot.com/find-a-cambridge-school/Details/the-international-school-bangalore/,2026-08-25
IN505,International School of Hyderabad,"ICRISAT Main Entrance Gate, Patancheru, Ramachandrapuram, Telangana 502324",SANGAREDDY,TELANGANA,502324,board,Upper Secondary,Day school,2001-12-01,https://www.ishyd.org/,https://connectedtot.com/find-a-cambridge-school/Details/international-school-of-hyderabad/,2026-08-25
IN507,The Doon School,"Indian Public Schools Society,The Doon School,P. Box No. 36, Chandbagh, Dehradun, Uttarakhand,India",DEHRADUN,UTTARAKHAND,248003,same_school_other_board,Upper Secondary,,2015-06-23,,https://connectedtot.com/find-a-cambridge-school/Details/the-doon-school/,2026-08-25
IN511,Bangalore International School,"Geddalaalli, Hennur Bagalur Road,Kothanur Post,Bangalore 560 077,India",BENGALURU URBAN,KARNATAKA,560077,board,Upper Secondary / Advanced,Day school,2002-12-01,https://www.bangaloreinternationalschool.org/,https://connectedtot.com/find-a-cambridge-school/Details/bangalore-international-school/,2026-08-25
IN512,Bishop Cotton School,"Khalini Bypass,Shimla,Himachal Pradesh 171002,India",SHIMLA,HIMACHAL PRADESH,171002,board,,,2023-07-25,,https://connectedtot.com/find-a-cambridge-school/Details/bishop-cotton-school/,2026-08-25
IN518,"RIMS International School and Junior College, Mumbai","Shlok House, Near Saraswat Bank, Next to Samartha Aangan, Walawalkar Garden Lane, Lokhandwala Road, Oshiwara, Andheri (West). Mumbai 400053.",MUMBAI SUBURBAN,MAHARASHTRA,400053,board,Primary / Lower Secondary / Upper Secondary / Advanced,Day school,2005-08-25,http://www.rims.ac.in/,https://connectedtot.com/find-a-cambridge-school/Details/rims-international-school-and-junior-college-mumbai/,2026-08-25
IN523,Shashvat Concept School,"Shegaon - Rahatgaon Rd, Rahatgaon, Amravati, Maharashtra 444602",AMRAVATI,MAHARASHTRA,444602,board,Upper Secondary,Day school,2018-12-11,https://shashvat.org.in/,https://connectedtot.com/find-a-cambridge-school/Details/shashvat-concept-school/,2026-08-25
IN524,Rejoice International School,"Opp. Sukhraj Apartments, Bhandarwada Marg,Lane opp. Toyota Showroom,Off Link Road, Malad (W), Mumbai – 400064",MUMBAI SUBURBAN,MAHARASHTRA,400064,board,Primary / Lower Secondary / Upper Secondary,Day school,2018-07-20,http://www.rejoiceinternationalschool.com/,https://connectedtot.com/find-a-cambridge-school/Details/rejoice-international-school/,2026-08-25
IN528,Reqelford International School,"Survey No 417, Rampally (V), Keesara (M), Hyderabad,Medchal District, 501 301,Telangana State,India",MEDCHAL MALKAJGIRI,TELANGANA,501301,board,Lower Secondary / Upper Secondary / Advanced,,2013-07-05,,https://connectedtot.com/find-a-cambridge-school/Details/reqelford-international-school/,2026-08-25
IN532,"The Indian Public School, Salem, Chettichavadi","Near Kuruvampatty Zoological Park, Chettichavadi Village, Salem Taluk, Salem 636008, Tamilnadu, INDIA., Salem, Tamil Nadu, 636008",SALEM,TAMIL NADU,636008,board,Lower Secondary / Upper Secondary / Advanced,Day school,2014-08-14,https://theindianpublicschool.org/,https://connectedtot.com/find-a-cambridge-school/Details/the-indian-public-school-salem-chettichavadi/,2026-08-25
IN534,Green Gables International School,"Green Gables International School, ORR Service Road, Near Financial District, Hyderabad - 501 203",RANGA REDDY,TELANGANA,501203,board,Primary / Lower Secondary,Day school,2022-05-16,https://greengablesinternationalschool.com/,https://connectedtot.com/find-a-cambridge-school/Details/green-gables-international-school/,2026-08-25
IN535,St.Peter's Matriculation Higher Secondary School,"Golf club road ,Pambarpuram,Kodaikanal -624103",DINDIGUL,TAMIL NADU,624103,board,Primary / Lower Secondary / Upper Secondary / Advanced,Fully residential,2016-05-27,http://www.petersschoolkodai.com/,https://connectedtot.com/find-a-cambridge-school/Details/st-peters-matriculation-higher-secondary-school/,2026-08-25
IN536,Legacy School,"6/1A, 6/2 ,Byrathi Village Hennur - Bagalur Main Road, Hobli, Bidarahalli, Bengaluru, Karnataka - 560077",BENGALURU URBAN,KARNATAKA,560077,board,Primary / Lower Secondary / Upper Secondary / Advanced,Day school,2016-07-08,https://lsb.edu.in/,https://connectedtot.com/find-a-cambridge-school/Details/legacy-school/,2026-08-25
IN537,Firststeps School,"Near Blind School, Sector 26, Chandigarh, India",CHANDIGARH,CHANDIGARH,160019,same_school_other_board,Lower Secondary / Upper Secondary / Advanced,Day school,2016-04-26,http://www.firststepsschool.org/,https://connectedtot.com/find-a-cambridge-school/Details/firststeps-school/,2026-08-25
IN539,I CAN INTERNATIONAL SCHOOL,"63/2, Jakkanakuppe, Belogola Hobli, Off KRS Road, KRS PO, Mysore - 571606",MANDYA,KARNATAKA,571606,board,Early Years / Primary / Lower Secondary / Upper Secondary / Advanced,Day school,2016-05-26,https://www.icanschool.edu.in/,https://connectedtot.com/find-a-cambridge-school/Details/i-can-international-school/,2026-08-25
IN541,"Podar International School, Thane","Saraswati, Hiranandani Estate, Kolshet Village, Thane (West) - 400607",THANE,MAHARASHTRA,400607,board,Primary / Lower Secondary / Upper Secondary / Advanced,Day school,2017-10-11,https://www.podareducation.org/school/thanecie,https://connectedtot.com/find-a-cambridge-school/Details/podar-international-school-thane/,2026-08-25
IN544,"Sri Krish International School, Kovur","Sri Krish International School,1/191 A, Rajiv Gandhi Nagar, Kundrathur Main Road, Kovur, Chennai - 600128. Tamil Nadu, India.",KANCHIPURAM,TAMIL NADU,600128,board,Primary / Lower Secondary / Upper Secondary / Advanced,Day school,2017-08-03,,https://connectedtot.com/find-a-cambridge-school/Details/sri-krish-international-school-kovur/,2026-08-25
IN546,Methibai Devraj Gundecha Foundation's Chatrabhuj Narsee School,"CNS School Road, Off. Western Express Highway, Kandivali East, Mumbai 400101.",MUMBAI SUBURBAN,MAHARASHTRA,400101,board,Early Years / Primary / Lower Secondary / Upper Secondary,Day school,2017-06-27,http://www.cns.ac.in/,https://connectedtot.com/find-a-cambridge-school/Details/methibai-devraj-gundecha-foundations-chatrabhuj-narsee-school/,2026-08-25
IN548,Gems Genesis International School,"Nr. Vaishnodevi Circle,Khodiyar Gam,Ahmedabad,Gujarat,India",AHMADABAD,GUJARAT,,,Primary / Lower Secondary / Upper Secondary / Advanced,Day school,2017-01-11,,https://connectedtot.com/find-a-cambridge-school/Details/gems-genesis-international-school/,2026-08-25
IN556,Kairos International School,"Near Journalist colony, Wipro junction to Gopanpally main road ,Financial district, Serilingampally Mandal,Hyderabad-500032",HYDERABAD,TELANGANA,500032,board,Early Years / Primary / Lower Secondary / Upper Secondary,Day school,2018-06-20,,https://connectedtot.com/find-a-cambridge-school/Details/kairos-international-school/,2026-08-25
IN557,The Vels Academy,"148/4, SKP Gardens, Next to Muthugoundampalayam Sinniampalayam(po), Modakkuruchi(via), Erode - 638104, Erode, Tamil Nadu, 638104",ERODE,TAMIL NADU,638104,board,Early Years / Primary / Lower Secondary,Day school,2018-06-21,http://www.thevelsacademy.com/,https://connectedtot.com/find-a-cambridge-school/Details/the-vels-academy/,2026-08-25
IN559,Billabong High International School,"Kangaroo Kids, 2119, Wright Town, Opposite Stadium Gate No. 1, Jabalpur, Madhya Pradesh",JABALPUR,MADHYA PRADESH,482002,india_post_directory,Primary / Lower Secondary / Upper Secondary,Day school,2018-07-23,http://www.billabonghighjabalpur.com/,https://connectedtot.com/find-a-cambridge-school/Details/billabong-high-international-school/,2026-08-25
IN561,Global City International School,"135, 5th Main, 6th Cross, Malleshpalya, New Thippasandra Post, Near, C V Raman Nagar, Bengaluru, Karnataka 560075",BENGALURU URBAN,KARNATAKA,560075,board,Primary / Lower Secondary / Upper Secondary / Advanced,Day school,2013-06-28,http://www.gcis.edu.in/,https://connectedtot.com/find-a-cambridge-school/Details/global-city-international-school/,2026-08-25
IN562,"Vruksha Montessori School, Alwarpet","35/1, 3rd Street Abhiramapuram,Alwarpet,Chennai,Tamil Nadu, India",CHENNAI,TAMIL NADU,,,Lower Secondary / Upper Secondary,Day school,2013-06-28,http://www.vruskhamontessorischool.com/,https://connectedtot.com/find-a-cambridge-school/Details/vruksha-montessori-school-alwarpet/,2026-08-25
IN564,Heritage International School,,BENGALURU URBAN,KARNATAKA,560068,board,,,2018-07-03,,https://connectedtot.com/find-a-cambridge-school/Details/heritage-international-school/,2026-08-25
IN565,"Vikaasa World School, Oomachikulam","Veerapandi, Oomachikulam, Alanganallur Road,Thirumalpuram PO, Madurai - 625014, India",MADURAI,TAMIL NADU,625014,board,Lower Secondary / Upper Secondary / Advanced,Day school,2013-07-12,https://www.vikaasa.edu.in/vikaasa-world-school/,https://connectedtot.com/find-a-cambridge-school/Details/vikaasa-world-school-oomachikulam/,2026-08-25
IN568,Bharati Vidyapeeth Rabindranath Tagore School of Excellence,"Mitcon Road, Survey No. 4/1/2, H.No(4) Balewadi, Pune, 411045, Maharashtra, India",PUNE,MAHARASHTRA,411045,board,Primary / Lower Secondary / Upper Secondary / Advanced,Day school,2018-07-09,https://bvrtse.in/,https://connectedtot.com/find-a-cambridge-school/Details/bharati-vidyapeeth-rabindranath-tagore-school-of-excellence/,2026-08-25
IN569,Witty International School,"1, Witty Lane, Gaurav Path, Nathdwara Road, Sukher, Udaipur, Rajasthan, India, 313001",UDAIPUR,RAJASTHAN,313001,board,Primary / Lower Secondary / Upper Secondary / Advanced,Day school,2018-06-21,http://www.wittyschool.org/,https://connectedtot.com/find-a-cambridge-school/Details/witty-international-school-1/,2026-08-25
IN570,Witty International School,"Pawan Baug Road, Off. S. V Road, Adjacent to Techniplex, Malad West, Mumbai",MUMBAI SUBURBAN,MAHARASHTRA,400064,india_post_directory,Lower Secondary / Upper Secondary / Advanced,Day school,2006-01-06,https://www.wittykidsindia.com/wismalad/,https://connectedtot.com/find-a-cambridge-school/Details/witty-international-school/,2026-08-25
IN575,P P Savani Cambridge International School,"Abrama Campus Mota Varachha Surat, Surat, Gujarat, 394150",SURAT,GUJARAT,394150,board,Primary / Lower Secondary / Upper Secondary / Advanced,Weekly boarding,2006-01-18,http://www.ppscis.org.in/,https://connectedtot.com/find-a-cambridge-school/Details/p-p-savani-cambridge-international-school/,2026-08-25
IN576,Dr. Pillai Global Academy,"Plot No.1, RSC 48, Gorai-II, Borivali (W), Mumbai 400092, India",MUMBAI SUBURBAN,MAHARASHTRA,400092,board,Primary / Lower Secondary / Upper Secondary / Advanced,Day school,2006-05-26,http://dpga.ac.in/,https://connectedtot.com/find-a-cambridge-school/Details/dr-pillai-global-academy-1/,2026-08-25
IN587,"Ryan Global School, Khargar","Plot No-1,2&3, Gate No-5, Sector-11, Kharghar, Navi Mumbai-410210",RAIGAD,MAHARASHTRA,410210,board,Primary / Lower Secondary / Upper Secondary / Advanced,Day school,2006-03-22,https://www.ryanglobalschools.com/site/kharghar/,https://connectedtot.com/find-a-cambridge-school/Details/ryan-global-school-khargar/,2026-08-25
IN591,Inventure Academy,"Inventure Academy, Whitefield-Sarjapur Campus: Chikkavaderpura, near Dommasandra Circle, Bengaluru – 562125.",BENGALURU URBAN,KARNATAKA,562125,board,Primary / Lower Secondary / Upper Secondary,Day school,2006-04-21,https://www.inventureacademy.com/,https://connectedtot.com/find-a-cambridge-school/Details/inventure-academy/,2026-08-25
IN593,Ryan Global School,"M. H. Colony, Ryan School Rd, Kundalahalli, Brookefield, Bengaluru, Karnataka 560037",BENGALURU URBAN,KARNATAKA,560037,board,Primary / Lower Secondary / Upper Secondary / Advanced,Day school,2006-03-22,https://www.ryanglobalschools.com/site/kundalahalli/,https://connectedtot.com/find-a-cambridge-school/Details/ryan-global-school/,2026-08-25
IN595,"Alpha-Cambridge International School, KK Nagar East","Alpha Cambridge International School, Alpha Avenue, Sudhana Nagar K.K. Nagar East Extn., Airport, Post, Tiruchirappalli, Tamil Nadu 620007",TIRUCHIRAPPALLI,TAMIL NADU,620007,board,Primary / Lower Secondary / Upper Secondary / Advanced,Day school,2006-03-02,https://alphaeducation.edu.in/cambridge/,https://connectedtot.com/find-a-cambridge-school/Details/alpha-cambridge-international-school-kk-nagar-east/,2026-08-25
IN605,Singapore International School,"On National Highway 8, Near Dahisar Toll Post, Dahisar (E), Thane 401 104,India",,MAHARASHTRA,401104,board,Lower Secondary / Upper Secondary,,2006-03-31,,https://connectedtot.com/find-a-cambridge-school/Details/singapore-international-school/,2026-08-25
IN609,Campion International School,"Riverside Avenue, Kasibari, Salbari, P.O. Sukna 734009, Siliguri, Darjeeling, West Benegal,India",DARJEELING,WEST BENGAL,734009,board,Upper Secondary / Advanced,Day school,2006-04-20,http://campioninternationalschool.com/,https://connectedtot.com/find-a-cambridge-school/Details/campion-international-school/,2026-08-25
IN615,"Crescent School, Vandalur","CRESCENT SCHOOL (IN615), VANDALUR, CHENNAI - 600 048, TAMIILNADU, INDIA",CHENGALPATTU,TAMIL NADU,600048,board,Upper Secondary,Fully residential,2006-04-21,http://www.crescentschool.net/,https://connectedtot.com/find-a-cambridge-school/Details/crescent-school-vandalur/,2026-08-25
IN616,Taktse International School,"Taktse Estate, Penlong-Tintek Road, Pangthang, Past the S.A.P.E. Sikkim, India",EAST DISTRICT,SIKKIM,,,Primary / Lower Secondary / Upper Secondary / Advanced,Weekly boarding,2007-01-31,http://www.taktse.org/,https://connectedtot.com/find-a-cambridge-school/Details/taktse-international-school/,2026-08-25
IN617,Gitanjali School,"Mayur Marg,Begumpet,Hyderabad, 500016",HYDERABAD,TELANGANA,500016,board,Primary / Lower Secondary / Upper Secondary / Advanced,,2006-05-04,http://www.gitanjalischools.com/,https://connectedtot.com/find-a-cambridge-school/Details/gitanjali-school/,2026-08-25
IN623,Trinity International School,"Plot No. 247-248, Sion E, Mumbai, Maharashtra 400022",MUMBAI,MAHARASHTRA,400022,board,Primary / Lower Secondary / Upper Secondary,Day school,2006-05-23,https://pes-trinity.in/,https://connectedtot.com/find-a-cambridge-school/Details/trinity-international-school/,2026-08-25
IN633,Finland International School Thane,"Rd Number 27, C Wing, Shree Nagar, Thane West, Thane, Maharashtra 400604",THANE,MAHARASHTRA,400604,board,Lower Secondary / Upper Secondary / Advanced,Day school,2007-03-13,https://fis-thane.com/,https://connectedtot.com/find-a-cambridge-school/Details/finland-international-school-thane/,2026-08-25
IN636,"Heartfulness International School, Omega Branch","No. 79 Omega School Road, Kolapakkam, Chennai",CHENNAI,TAMIL NADU,600128,same_school_other_board,Primary / Lower Secondary / Upper Secondary / Advanced,Day school,2007-04-02,http://www.omegaschools.org/,https://connectedtot.com/find-a-cambridge-school/Details/heartfulness-international-school-omega-branch/,2026-08-25
IN639,Glendale Academy International,"Don Bosco Post,Bundlaguda Jagir,R.R. District,Hyderabad - 500086,India",RANGA REDDY,TELANGANA,500086,board,Primary / Lower Secondary / Upper Secondary,,2007-05-09,,https://connectedtot.com/find-a-cambridge-school/Details/glendale-academy-international/,2026-08-25
IN640,Fazlani L'Academie Globale,"Opp Wallace Fortuna, SC Marg, Mazagaon Road, Mumbai - 400009",MUMBAI,MAHARASHTRA,400009,board,Lower Secondary / Upper Secondary / Advanced,Day school,2007-05-02,http://www.flag.org.in/,https://connectedtot.com/find-a-cambridge-school/Details/fazlani-lacademie-globale/,2026-08-25
IN641,Jankidevi Public School,"Jankidevi Public School Road, 4 Bunglows, Andheri (West), Mumbai - 400053",MUMBAI SUBURBAN,MAHARASHTRA,400053,board,Early Years / Primary / Lower Secondary / Upper Secondary,Day school,2007-04-26,http://www.jankidevipublicschool.in/,https://connectedtot.com/find-a-cambridge-school/Details/jankidevi-public-school/,2026-08-25
IN643,Jayshree Periwal International School,"Mahapura Rd, Narayan-Y-Block, ???, Mahapura, Bhankrota, Rajasthan 302026",JAIPUR,RAJASTHAN,302026,board,Upper Secondary,Day school,2007-06-05,http://www.jpischool.com/,https://connectedtot.com/find-a-cambridge-school/Details/jayshree-periwal-international-school/,2026-08-25
IN644,Ebenezer International School Bangalore,"Singena Agrahara Road, Via Huskur Road APMC Yard Electronic City, Phase 2 Bengaluru – 560099",BENGALURU URBAN,KARNATAKA,560099,board,Upper Secondary,Fully residential,2007-06-07,https://eisbangalore.edu.in/,https://connectedtot.com/find-a-cambridge-school/Details/ebenezer-international-school-bangalore/,2026-08-25
IN645,Amity Global School,"Gate No 6, Amity Campus, Sector 44, Noida, 2-1301",GAUTAM BUDDHA NAGAR,UTTAR PRADESH,,,Lower Secondary / Upper Secondary / Advanced,Day school,2007-07-30,https://amityglobalschoolnoida.com/,https://connectedtot.com/find-a-cambridge-school/Details/amity-global-school-1/,2026-08-25
IN646,Jamnabai Narsee International School,"Narsee Monjee Bhavan, Narsee Monjee Marg, N.S. Road No. 7 , J.V.P.D Scheme , Vile Parle west , Mumbai 400049",MUMBAI SUBURBAN,MAHARASHTRA,400049,board,Lower Secondary / Upper Secondary,Day school,2007-07-13,http://www.jnis.ac.in/,https://connectedtot.com/find-a-cambridge-school/Details/jamnabai-narsee-international-school/,2026-08-25
IN647,Fravashi International Academy,"Gangapur - Dugaon Road, Dugaon, Village, Nashik, Maharashtra 422203",NASHIK,MAHARASHTRA,422203,board,Early Years / Primary / Lower Secondary / Upper Secondary / Advanced,,2007-07-25,http://www.fia.edu.in/,https://connectedtot.com/find-a-cambridge-school/Details/fravashi-international-academy/,2026-08-25
IN648,Excelsior American School,"Excelsior American School, Golf Course Road, Behind Dell Building, Sushant Lok Phase 1, DLF Phase 1, Sector 43, Gurugram, Haryana. Pin code 122001",GURUGRAM,HARYANA,122001,board,Primary / Lower Secondary / Upper Secondary / Advanced,Day school,2007-08-01,https://excelsioramericanschooladmissions.com/,https://connectedtot.com/find-a-cambridge-school/Details/excelsior-american-school/,2026-08-25
IN649,B.D. Somani International School,"625, G.D. Somani Marg, Cuffe Parade, Mumbai – 400005",MUMBAI,MAHARASHTRA,400005,board,Upper Secondary,Day school,2007-08-31,https://bdsomaniinternationalschool.com/,https://connectedtot.com/find-a-cambridge-school/Details/b-d-somani-international-school/,2026-08-25
IN651,Trio World Academy,"C/O Trio Vidyakkendra Pvt. Ltd.,3/5 Kodigehalli Main Road,Sahakar Nagar, Bangalore,Karnataka 560092,India",BENGALURU URBAN,KARNATAKA,560092,board,Lower Secondary / Upper Secondary,,2007-11-07,,https://connectedtot.com/find-a-cambridge-school/Details/trio-world-academy/,2026-08-25
IN652,Primus Public School,"Pb No 21, Chikkanayakanahalli, Off Sarjapur Road, Bangalore - 560035,India",BENGALURU URBAN,KARNATAKA,560035,board,Lower Secondary / Upper Secondary / Advanced,,2007-11-07,http://www.primusschool.edu.in/,https://connectedtot.com/find-a-cambridge-school/Details/primus-public-school/,2026-08-25
IN653,"Christ Nagar International School, Kazhakootam","Amballoor, Sainik School P O, Kazhakootam, Trivandrum District 695585, Kerala State, India",THIRUVANANTHAPURAM,KERALA,695585,board,Primary / Lower Secondary / Upper Secondary / Advanced,Day school,2007-11-08,http://www.cnis.in/,https://connectedtot.com/find-a-cambridge-school/Details/christ-nagar-international-school-kazhakootam/,2026-08-25
IN654,"GEM International School, Talap","Gem International school, Gem Hills, Vellikkeel, Morazha post, 670331",KANNUR,KERALA,670331,board,Primary / Lower Secondary / Upper Secondary / Advanced,Day school,2007-11-26,http://geminternationalschool.com/,https://connectedtot.com/find-a-cambridge-school/Details/gem-international-school-talap/,2026-08-25
IN656,"Kanakia International School, Chembur Mumbai","Mankhurd Link Rd, ACC Nagar, Chedda Nagar, Mumbai, Maharashtra 400043",MUMBAI SUBURBAN,MAHARASHTRA,400043,board,Upper Secondary,Day school,2007-09-11,http://kanakiaschools.org/,https://connectedtot.com/find-a-cambridge-school/Details/kanakia-international-school-chembur-mumbai/,2026-08-25
IN657,Bombay International School,"Bombay International School (EY and Grades 6 to 12) address is Gilbert Building, Babulnath, 2nd Cross Road, Mumbai, Maharashtra 400007, Bombay International School Junior School (Grades 1 to 5) Address is 42, Sir Vithaldas Thackersey Marg, New Marine Lines, Marine Lines, Mumbai, Maharashtra 400020",MUMBAI,MAHARASHTRA,400007,board,Upper Secondary,Day school,2007-09-11,https://bis.edu.in/,https://connectedtot.com/find-a-cambridge-school/Details/bombay-international-school/,2026-08-25
IN659,Hill Spring International School,"Hill Spring International School, M.P. Mills Compound, B.B. Nakashe Marg,Tardeo,Mumbai, India",MUMBAI,MAHARASHTRA,400007,india_post_directory,Lower Secondary / Upper Secondary / Advanced,Day school,2008-04-01,,https://connectedtot.com/find-a-cambridge-school/Details/hill-spring-international-school/,2026-08-25
IN660,European School of Goa,"WAFA FOUNDATION COMPLEX, HS. 1/100, GRAND MOROD ROAD, SALIGAO, BARDEZ, GOA 403511, INDIA",NORTH GOA,GOA,403511,board,Upper Secondary / Advanced,Day school,2008-01-24,http://www.euroschoolgoa.org/,https://connectedtot.com/find-a-cambridge-school/Details/european-school-of-goa/,2026-08-25
IN661,VIBGYOR High Vadodara India,"Opp. Banco Product, Padra Road, B/H. Bhayali Railway Station, Vadodara, Gujarat – 391 410",VADODARA,GUJARAT,391410,board,Primary / Lower Secondary / Upper Secondary / Advanced,Day school,2008-02-28,,https://connectedtot.com/find-a-cambridge-school/Details/vibgyor-high-vadodara-india/,2026-08-25
IN664,Vibgyor High - Pune,"Dorabjee Paradise, Off. Corinthian Club Road, Extn NIBM Road, Mohammedwadi, Hadapsar, Pune - 411 060.",PUNE,MAHARASHTRA,411060,board,Primary / Lower Secondary / Upper Secondary / Advanced,Day school,2008-02-29,https://www.vibgyorhigh.com/school/pune/cambridge/nibm,https://connectedtot.com/find-a-cambridge-school/Details/vibgyor-high-pune/,2026-08-25
IN667,Greenwood High,"# No.8-14, Chikkawadayarapura, Near Heggondahalli, Gunjur Post, Bangalore-560087",BENGALURU RURAL,KARNATAKA,560087,board,Upper Secondary,Weekly boarding,2008-04-17,https://greenwoodhigh.edu.in/,https://connectedtot.com/find-a-cambridge-school/Details/greenwood-high/,2026-08-25
IN674,Daffodil International School,"Daffodil International School Laxman Nagar, Behind DeMart, Mouje Balewadi, Baner Road, Pune – 411045",PUNE,MAHARASHTRA,411045,board,Primary / Lower Secondary / Upper Secondary / Advanced,,2008-05-09,https://disindia.in/,https://connectedtot.com/find-a-cambridge-school/Details/daffodil-international-school/,2026-08-25
IN675,The Riverside School - Riverside Education Foundation,"C/O. Riverside Education Foundation, 307, Behind Army C.S.D. Depot, Off Airport Road, Cantonment, Ahmedabad, 380004",AHMADABAD,GUJARAT,380004,board,Upper Secondary / Advanced,Day school,2008-04-29,https://schoolriverside.com/,https://connectedtot.com/find-a-cambridge-school/Details/the-riverside-school-riverside-education-foundation/,2026-08-25
IN677,Billabong High International School - Malad,"Bhoomi Park, Bafhira Nagar, Off Marve Road, Malad West, Mumbai- 400095.",MUMBAI SUBURBAN,MAHARASHTRA,400095,board,Lower Secondary / Upper Secondary / Advanced,Day school,2008-05-07,https://www.billabonghighschool.com/,https://connectedtot.com/find-a-cambridge-school/Details/billabong-high-international-school-malad/,2026-08-25
IN681,Kundalini Yoga Educational Foundation 3HO T/A Miri Piri Academy,"Guru Ki Wadali, Chehhertta, Amritsar-143105, Punjab, India",AMRITSAR,PUNJAB,143105,board,Upper Secondary / Advanced,Fully residential,2022-10-17,http://www.miripiriacademy.org/,https://connectedtot.com/find-a-cambridge-school/Details/kundalini-yoga-educational-foundation-3ho-t-a-miri-piri-academy/,2026-08-25
IN682,Alliance World School,"Care Shri Krishna Shiksha Samiti,C 54A, Sector 56, District: Gautam Buddh Nagar, Noida, Uttar Pradesh 201301,India",GAUTAM BUDDHA NAGAR,UTTAR PRADESH,201301,board,Primary / Lower Secondary / Upper Secondary / Advanced,,2008-06-10,,https://connectedtot.com/find-a-cambridge-school/Details/alliance-world-school/,2026-08-25
IN685,"GPS-International, Kochi","Thiruvaniyoor P.O, Via Chottanikkara, Ernakulam, Kerala , India, 682308",ERNAKULAM,KERALA,682308,board,Lower Secondary / Upper Secondary / Advanced,Day school with hostel facilities,2008-06-26,https://globalpublicschool.org/,https://connectedtot.com/find-a-cambridge-school/Details/gps-international-kochi/,2026-08-25
IN686,Bunts Sangha's S M Shetty International School & Junior College,"Hiranandani Gardens, Powai. Mumbai - 400076",MUMBAI SUBURBAN,MAHARASHTRA,400076,board,Primary / Lower Secondary / Upper Secondary / Advanced,Day school,2008-07-18,https://bssmsinternational.org/,https://connectedtot.com/find-a-cambridge-school/Details/bunts-sanghas-s-m-shetty-international-school-junior-college/,2026-08-25
IN687,Treamis International School,"No.263 Hulimangala Post,Jigani Hobli,Bangalore 560 105,India",BENGALURU URBAN,KARNATAKA,560105,board,Lower Secondary / Upper Secondary / Advanced,,2008-07-24,,https://connectedtot.com/find-a-cambridge-school/Details/treamis-international-school/,2026-08-25
IN688,SVKM J.V. Parekh International School,"SVKM J V PAREKH INTERNATIONAL SCHOOL, Dadabhai Road, Off. S.V. Road, Vile Parle (West), Mumbai 400 056 INDIA",MUMBAI SUBURBAN,MAHARASHTRA,400056,board,Primary / Lower Secondary / Upper Secondary / Advanced,Day school,2008-07-29,https://jvparekhintnl.ac.in/,https://connectedtot.com/find-a-cambridge-school/Details/svkm-j-v-parekh-international-school/,2026-08-25
IN689,Neerja Modi World School,"Rajat Path,Shipra Path,Mansarovar-302020, Jaipur, Rajasthan, 302020",JAIPUR,RAJASTHAN,302020,board,Primary / Lower Secondary / Upper Secondary / Advanced,,2009-07-06,https://nmwsindia.org/,https://connectedtot.com/find-a-cambridge-school/Details/neerja-modi-world-school/,2026-08-25
IN690,Lancers International School,"DLF Phase 5, Gurugram",GURUGRAM,HARYANA,122001,same_school_other_board,Upper Secondary,Day-cum-boarding,2009-07-13,https://www.lis.ac.in/,https://connectedtot.com/find-a-cambridge-school/Details/lancers-international-school/,2026-08-25
IN693,Aditya Birla World Academy,"Vastu Shilp, JD Road Annexe, Gamadia Colony, Tardeo, Mumbai, Maharashtra 400007",MUMBAI,MAHARASHTRA,400007,board,Upper Secondary / Advanced,Day school,2009-11-19,https://www.adityabirlaworldacademy.com/,https://connectedtot.com/find-a-cambridge-school/Details/aditya-birla-world-academy/,2026-08-25
IN697,"Excel Global School, Thiruvattar","17/190 B, Auwai Farm Lane,Post Thiruvattur,Kanyakumari Dist,Tamil Nadu 629177,India",KANNIYAKUMARI,TAMIL NADU,629177,board,Upper Secondary / Advanced,,2009-11-24,,https://connectedtot.com/find-a-cambridge-school/Details/excel-global-school-thiruvattar/,2026-08-25
IN698,"Dr Pillai Global Academy, New Panvel","Mahatma Education Society,Sector 7, Khanda Colony, New Panvel,District Raigad,Navi Mumbai,Maharashtra 410206,India",RAIGAD,MAHARASHTRA,410206,board,Primary / Lower Secondary / Upper Secondary / Advanced,,2009-11-19,,https://connectedtot.com/find-a-cambridge-school/Details/dr-pillai-global-academy-new-panvel/,2026-08-25
IN702,Adamas International School,"58, 4, M.M. Feeder Road,Belghoria,Kolkata 56,700056,India",24 PARAGANAS NORTH,WEST BENGAL,700056,board,Lower Secondary / Upper Secondary,Day school,2009-11-24,http://adamasinternationalschool.org/,https://connectedtot.com/find-a-cambridge-school/Details/adamas-international-school/,2026-08-25
IN704,"The Rajas International School, Ozhuginasery",Ozhugunasery 629001,KANNIYAKUMARI,TAMIL NADU,629001,board,Upper Secondary / Advanced,Day school,2009-12-16,http://www.tris.in/,https://connectedtot.com/find-a-cambridge-school/Details/the-rajas-international-school-ozhuginasery/,2026-08-25
IN705,Ryan Global School,"Yamuna Nagar,Lokhandwala,Andheri West,Mumbai 400 053,India",MUMBAI SUBURBAN,MAHARASHTRA,400053,board,Lower Secondary / Upper Secondary / Advanced,Day school,2010-07-01,,https://connectedtot.com/find-a-cambridge-school/Details/ryan-global-school-1/,2026-08-25
IN707,Oakridge International School Bachupally,"Bowrampet, Hyderabad, Telangana 500043",MEDCHAL MALKAJGIRI,TELANGANA,500043,board,Primary / Lower Secondary / Upper Secondary,Day school,2010-07-30,https://www.oakridge.in/bachupally/,https://connectedtot.com/find-a-cambridge-school/Details/oakridge-international-school-bachupally/,2026-08-25
IN710,"Arsha Vidya Mandir Senior Secondary School, Guindy","Arsha Vidya Mandir 114, Velachery Road, Guindy, Chennai 600 032",CHENNAI,TAMIL NADU,600032,board,Early Years / Primary / Lower Secondary / Upper Secondary / Advanced,Day school,2010-08-19,https://arshavidyamandir.edu.in/avm_website/,https://connectedtot.com/find-a-cambridge-school/Details/arsha-vidya-mandir-senior-secondary-school-guindy/,2026-08-25
IN711,K'sirs International School,"K'sirs International School, Chinnavedampatti, Coimbatore-641 049",COIMBATORE,TAMIL NADU,641049,board,Early Years / Primary / Lower Secondary / Upper Secondary / Advanced,Day school,2010-09-10,http://www.ksirs.in/,https://connectedtot.com/find-a-cambridge-school/Details/ksirs-international-school/,2026-08-25
IN712,Panbai International School,"Panbai International School, Guru Narayan Road, Sen Nagar, Near BMC Office, Santacruz",MUMBAI SUBURBAN,MAHARASHTRA,,,Primary / Lower Secondary / Upper Secondary / Advanced,Day school,2010-08-24,http://www.panbaiinternationalschool.com/,https://connectedtot.com/find-a-cambridge-school/Details/panbai-international-school/,2026-08-25
IN714,"Sadhbhavana World School, Velliparamba","Sadhbhavana Campus , Velliparamba P.O, Keezhmadu, Kerala 673008",KOZHIKODE,KERALA,673008,board,Upper Secondary / Advanced,Day school,2010-09-10,https://www.sadhbhavanaschool.org/,https://connectedtot.com/find-a-cambridge-school/Details/sadhbhavana-world-school-velliparamba/,2026-08-25
IN715,"Mar Athanasius International School, Kothamangalam","Kothamangalam College P.O , Ernakulam District, Kerala , India , 686666",ERNAKULAM,KERALA,686666,board,Upper Secondary / Advanced,Weekly boarding,2010-08-11,http://www.mainternationalschool.com/,https://connectedtot.com/find-a-cambridge-school/Details/mar-athanasius-international-school-kothamangalam/,2026-08-25
IN716,Rockwell International School,"Sy. No. 160 P,Gandipet Main Road,Kokapet,Hyderabad 500075,Telangana,India",RANGA REDDY,TELANGANA,500075,board,Primary / Lower Secondary / Upper Secondary / Advanced,,2011-07-19,,https://connectedtot.com/find-a-cambridge-school/Details/rockwell-international-school/,2026-08-25
IN718,"Podar International School, Kalyan","Podar International School Kalyan, Mumbai - Maharashtra (Cambridge International) H/N 7, Next To Mohan Pride And Income Tax Building, Wayle Nagar, Khadakpada, Kalyan (W) - 421 301.",THANE,MAHARASHTRA,421301,board,Primary / Lower Secondary / Upper Secondary,Day school,2010-11-30,https://www.podareducation.org/school/kalyancie,https://connectedtot.com/find-a-cambridge-school/Details/podar-international-school-kalyan/,2026-08-25
IN719,Ameya World School,"Ameya World School,Sangivalasa, Bheemunipatnam,Visakhapatnam, Andhra Pradesh 531162,India",VIZIANAGARAM,ANDHRA PRADESH,531162,board,Lower Secondary / Upper Secondary / Advanced,Day school,2011-02-18,,https://connectedtot.com/find-a-cambridge-school/Details/ameya-world-school/,2026-08-25
IN721,"L'ecole Chempaka International, Sreekariyam","TC 9/2170 - 1, Silver Rocks, Edavacode, Sreekariyam, Edavacode Rd, Edavacode, Thiruvananthapuram, Kerala 695017",THIRUVANANTHAPURAM,KERALA,695017,board,Primary / Lower Secondary / Upper Secondary / Advanced,Day school,2011-01-31,https://lecolechempakainternational.com/,https://connectedtot.com/find-a-cambridge-school/Details/lecole-chempaka-international-sreekariyam/,2026-08-25
IN722,Savitridevi Hariram Agarwal International School,"Shankar Lane, Opposite Jain Temple, Kandivali(West), Mumbai – 400067",MUMBAI SUBURBAN,MAHARASHTRA,400067,board,Primary / Lower Secondary / Upper Secondary,Day school,2011-02-01,http://www.agarwalinternationalschool.co.in/,https://connectedtot.com/find-a-cambridge-school/Details/savitridevi-hariram-agarwal-international-school/,2026-08-25
IN724,"JBCN International School, Borivali","JBCN International School, Plot CTS No. 96, Remison Towers, Near Bhagwati Hospital, Baburao Ranade Marg, Opp Union Bank Staff Quarters, Borivali West, Mumbai, 400103",MUMBAI SUBURBAN,MAHARASHTRA,400103,board,Primary / Lower Secondary / Upper Secondary / Advanced,Day school,2015-06-23,https://www.jbcnschool.edu.in/borivali/,https://connectedtot.com/find-a-cambridge-school/Details/jbcn-international-school-borivali/,2026-08-25
IN725,Deccan International School,"Deccan International School 11, 18th Main Rd, Brindavan Layout, Padmanabhanagar, Bengaluru, Karnataka 560061",BENGALURU URBAN,KARNATAKA,560061,board,Early Years / Primary / Lower Secondary / Upper Secondary / Advanced,Day School/Weekly Boarding/Yearly Boarding,2011-04-28,,https://connectedtot.com/find-a-cambridge-school/Details/deccan-international-school/,2026-08-25
IN727,Sancta Maria International School,"Sancta Maria International School Survey No. 106/107, Serilingampally, Hyderabad, Telangana, India 500 019",RANGA REDDY,TELANGANA,500019,board,Early Years / Primary / Lower Secondary / Upper Secondary / Advanced,Day school,2011-06-24,https://sanctamaria.in/,https://connectedtot.com/find-a-cambridge-school/Details/sancta-maria-international-school/,2026-08-25
IN728,D Y Patil International School - Nerul,"D Y Patil University Campus,Sector 7 ,Nerul, Mumbai, Maharashtra, 400706",THANE,MAHARASHTRA,400706,board,Primary / Lower Secondary / Upper Secondary / Advanced,Day school,2011-05-16,https://dypisnerul.in/,https://connectedtot.com/find-a-cambridge-school/Details/d-y-patil-international-school-nerul/,2026-08-25
IN729,Sangam School of Excellence,"NH 79, Sangam school of excellence , Chittaurgarh bypass road, Bhilwara 311001",BHILWARA,RAJASTHAN,311001,board,Primary / Lower Secondary / Upper Secondary,Day school,2011-05-13,http://www.sangamschoolbhilwara.com/,https://connectedtot.com/find-a-cambridge-school/Details/sangam-school-of-excellence/,2026-08-25
IN731,Yagappa International School,"Arul Gardens, Neelagiri Therkku Thottam, Thanjavur - 613005",THANJAVUR,TAMIL NADU,613005,board,Primary / Lower Secondary,Day school,2011-04-28,http://www.yagappainternationalschool.org/,https://connectedtot.com/find-a-cambridge-school/Details/yagappa-international-school/,2026-08-25
IN733,"Bombay Cambridge International School, Andheri (East)","Bombay Cambridge International School, Off Sahar Road, Chakala, Andheri EAST, Mumbai – 400099, Maharashtra, India",MUMBAI SUBURBAN,MAHARASHTRA,400099,board,Primary / Lower Secondary / Upper Secondary / Advanced,Day school,2011-05-24,http://www.bcseast.org/,https://connectedtot.com/find-a-cambridge-school/Details/bombay-cambridge-international-school-andheri-east/,2026-08-25
IN734,"Bombay Cambridge International School, Andheri (West)","Caesar Road,Amboli, Andheri (West),Mumbai,400 058,Maharashtra,India",MUMBAI SUBURBAN,MAHARASHTRA,400058,board,Primary / Lower Secondary / Upper Secondary,,2011-05-25,,https://connectedtot.com/find-a-cambridge-school/Details/bombay-cambridge-international-school-andheri-west/,2026-08-25
IN735,"Global Indian International School, Uppal Campus","Survey No. 8 and 9, Peerjadiguda, Uppal, Hyderabad, Ranga Reddy, Telangana- 500098",MEDCHAL MALKAJGIRI,TELANGANA,500098,board,Early Years / Primary / Lower Secondary / Upper Secondary / Advanced,Day school,2011-06-22,http://arca.co.in/,https://connectedtot.com/find-a-cambridge-school/Details/global-indian-international-school-uppal-campus/,2026-08-25
IN740,Cambridge International Foundation School,"Hans Raj Memorial Educational Society T/A,Urban Estate Phase I,Jalandhar,Punjab 144022,India",JALANDHAR,PUNJAB,144022,board,Lower Secondary / Upper Secondary,,2011-07-26,,https://connectedtot.com/find-a-cambridge-school/Details/cambridge-international-foundation-school/,2026-08-25
IN742,"Jeevana School, Jayanagar","JEEVANA SCHOOL, PONMENI JAYANAGAR, MADURAI - 625016",MADURAI,TAMIL NADU,625016,board,Primary,Day school,2011-07-29,http://www.jeevanaschool.com/,https://connectedtot.com/find-a-cambridge-school/Details/jeevana-school-jayanagar/,2026-08-25
IN744,Tridha,"Datta Jagdamba Mandir Road, Opp Satya Darshan Society, Malpa Dongri, Andheri East, Mumbai 400093",MUMBAI SUBURBAN,MAHARASHTRA,400093,board,Upper Secondary / Advanced,Day school,2011-07-29,http://www.tridha.com/,https://connectedtot.com/find-a-cambridge-school/Details/tridha/,2026-08-25
IN745,Billabong High International College Boarding House,"Uma Krishna Educational Foundation T/A,124,Cantonment,Kanpur, Uttar Pradesh,208 004,India",KANPUR NAGAR,UTTAR PRADESH,208004,board,Lower Secondary / Upper Secondary / Advanced,,2011-07-29,,https://connectedtot.com/find-a-cambridge-school/Details/billabong-high-international-college-boarding-house/,2026-08-25
IN746,Asia Pacific World School,"Asia Pacific World School, #39/2, Serenity layout, kaikondrahalli, Varthur hobli, Sarjapur Main road, Bengaluru- 560035.",BENGALURU URBAN,KARNATAKA,560035,board,Upper Secondary,Day school,2011-08-23,https://apws.edu.in/,https://connectedtot.com/find-a-cambridge-school/Details/asia-pacific-world-school/,2026-08-25
IN751,Veer Bhagat Singh International School,"Veer Bhagat Singh International School, Marve Road, Malad-West, Mumbai-400095",MUMBAI SUBURBAN,MAHARASHTRA,400095,board,Early Years / Primary / Lower Secondary / Upper Secondary,Day school,2011-10-21,http://www.vbsis.org/,https://connectedtot.com/find-a-cambridge-school/Details/veer-bhagat-singh-international-school/,2026-08-25
IN752,"Dr. S. Radhakrishnan International School, Malad","Sunder Nagar,Malad West, Mumbai,Maharashtra,400064,India",MUMBAI SUBURBAN,MAHARASHTRA,400064,board,Primary / Lower Secondary / Upper Secondary / Advanced,,2011-10-31,http://www.dsrvmalad.org/,https://connectedtot.com/find-a-cambridge-school/Details/dr-s-radhakrishnan-international-school-malad/,2026-08-25
IN753,"Dr. S. Radhakrishnan International School, Borivali","Saibaba Nagar,Borivli (West),Mumbai-400092,Maharashtra",MUMBAI SUBURBAN,MAHARASHTRA,400092,board,Primary / Lower Secondary / Upper Secondary,Day school,2011-10-31,https://dsrvborivali.org/,https://connectedtot.com/find-a-cambridge-school/Details/dr-s-radhakrishnan-international-school-borivali/,2026-08-25
IN756,Akash International School,"International Airport, Prasannahalli Road, Devanahalli, Near, Bengaluru, Karnataka 562110",BENGALURU RURAL,KARNATAKA,562110,board,Lower Secondary / Upper Secondary / Advanced,Fully residential,2011-11-30,https://akashinternationalschool.com/,https://connectedtot.com/find-a-cambridge-school/Details/akash-international-school/,2026-08-25
IN759,Head Start Educational Academy,"Sy. 98/1, Kommasandra, Dommasandra Post Via Sarjapura, Bangalore 562125",BENGALURU URBAN,KARNATAKA,562125,board,Upper Secondary / Advanced,Day school,2011-12-23,https://headstarteducationalacademy.edu.in/,https://connectedtot.com/find-a-cambridge-school/Details/head-start-educational-academy/,2026-08-25
IN761,The Sanskaar Valley School,"Chandanpura,Bhadbhada Road, Near National Law University,Bhopal, Madhya Pradesh 462044,India",BHOPAL,MADHYA PRADESH,462044,board,Lower Secondary / Upper Secondary / Advanced,Day school,2013-07-23,http://www.sanskaarvalley.org/,https://connectedtot.com/find-a-cambridge-school/Details/the-sanskaar-valley-school/,2026-08-25
IN763,JBM Global School,"A-11, Sector 132, Expressway, Noida, Uttar Pradesh, India 201301",GAUTAM BUDDHA NAGAR,UTTAR PRADESH,201301,board,Primary / Lower Secondary / Upper Secondary,Day-cum-boarding,2016-09-21,https://jbms.in/,https://connectedtot.com/find-a-cambridge-school/Details/jbm-global-school/,2026-08-25
IN766,Anand Niketan International,"Nr. Palash Homes, Sarkhej-Sanand Road, Sarkhej, Ahmedabad, Gujarat, Ahmedabad, Gujarat, 382210",AHMADABAD,GUJARAT,382210,board,Primary / Lower Secondary / Upper Secondary / Advanced,Day school,2011-10-21,http://www.anandniketansatellite.edu.in/en,https://connectedtot.com/find-a-cambridge-school/Details/anand-niketan-international/,2026-08-25
IN767,RAM RATNA INTERNATIONAL SCHOOL,"Ram Ratna International School, Keshav Srushti, Gorai Road, Uttan, Bhayander (West) Dist. Thane 401 106 State – Maharashtra, Bharat (INDIA)",THANE,MAHARASHTRA,401106,board,Early Years / Primary / Lower Secondary / Upper Secondary / Advanced,Day school,2011-12-23,https://rrischool.org/,https://connectedtot.com/find-a-cambridge-school/Details/ram-ratna-international-school/,2026-08-25
IN769,Bilasrai Kashinath Gadia (A Level) Junior College,"Krishna Realties, Behind Sunder Nagar, Off S. V. Road & Link Road, Malad West, Mumbai - 400064",MUMBAI SUBURBAN,MAHARASHTRA,400064,board,Advanced,Day school,2012-02-21,https://dgkhetan.edu.in/,https://connectedtot.com/find-a-cambridge-school/Details/bilasrai-kashinath-gadia-a-level-junior-college/,2026-08-25
IN770,Sanjeewan Vidyalaya,"Panchgani,Taluka : Mahabaleshwar,District Satara,Maharashtra, 412805,India",SATARA,MAHARASHTRA,412805,board,Upper Secondary,,2012-02-29,,https://connectedtot.com/find-a-cambridge-school/Details/sanjeewan-vidyalaya/,2026-08-25
IN771,C P Goenka International School Oshiwara,"A-21, Near Income Tax Quarters, Oshiwara, Andheri (West), Mumbai-400053",MUMBAI SUBURBAN,MAHARASHTRA,400053,board,Upper Secondary / Advanced,Day school,2012-03-20,http://www.cpgoenkainternationalschool.com/,https://connectedtot.com/find-a-cambridge-school/Details/c-p-goenka-international-school-oshiwara/,2026-08-25
IN773,Budding Minds International School,"Sri Annamachari Street,M S Subbulakshmi Nagar,Manimangalam,Kanchipuram District, Tamil Nadu, India",KANCHIPURAM,TAMIL NADU,601301,india_post_directory,Primary / Lower Secondary / Upper Secondary / Advanced,Day school,2013-01-25,http://www.buddingmindsinternationalschool.com/,https://connectedtot.com/find-a-cambridge-school/Details/budding-minds-international-school/,2026-08-25
IN774,National Public School,"32/P2, 17Th Main Road,Sector 4, Hsr Layout,Bangalore, Karnataka,560102,India",BENGALURU URBAN,KARNATAKA,560102,board,,,2013-02-14,,https://connectedtot.com/find-a-cambridge-school/Details/national-public-school/,2026-08-25
IN776,"National Public School, Chennai, Gopalapuram","228 Avvai Shanmugham Salai,Gopalapuram,Chennai 600086,Tamil Nadu,India",CHENNAI,TAMIL NADU,600086,board,Upper Secondary,,2013-06-20,,https://connectedtot.com/find-a-cambridge-school/Details/national-public-school-chennai-gopalapuram/,2026-08-25
IN778,Modern Vidya Niketan Sr. Secondary School,,FARIDABAD,HARYANA,121001,board,,,2025-01-23,,https://connectedtot.com/find-a-cambridge-school/Details/modern-vidya-niketan-sr-secondary-school/,2026-08-25
IN780,GEMS Cambridge International School,"Jalandhar,Phagwara - ByePass Road,Hoshiarpur,Punjab-146111,India",HOSHIARPUR,PUNJAB,146111,board,Upper Secondary / Advanced,Day school,2013-05-14,http://www.cishoshiarpur.com/,https://connectedtot.com/find-a-cambridge-school/Details/gems-cambridge-international-school/,2026-08-25
IN781,"The Blue Mountains School, Ooty","The Blue Mountains School, Dilkhush Mahal, Blue Mountains School Road, Ootacamund- 643001",THE NILGIRIS,TAMIL NADU,643001,board,Primary / Lower Secondary / Upper Secondary / Advanced,Fully residential,2013-05-22,http://www.bluemountainsschool.com/,https://connectedtot.com/find-a-cambridge-school/Details/the-blue-mountains-school-ooty/,2026-08-25
IN782,THE GATEWAY SCHOOL OF MUMBAI,"The Gateway School of Mumbai, Sion-Trombay Road, Next to Deonar Bus Depot, Diagonally opposite TISS, Govandi (E), Mumbai – 400088",MUMBAI SUBURBAN,MAHARASHTRA,400088,board,Upper Secondary,Day school,2013-08-01,https://gatewayschoolmumbai.org/,https://connectedtot.com/find-a-cambridge-school/Details/the-gateway-school-of-mumbai/,2026-08-25
IN785,"Hindustan International School, Guindy","No 40, GST Road, St. Thomas Mount, Chennai - 600016",CHENNAI,TAMIL NADU,600016,board,Early Years / Primary / Lower Secondary / Upper Secondary / Advanced,Day school,2014-07-16,https://hindustanschools.in/guindy/,https://connectedtot.com/find-a-cambridge-school/Details/hindustan-international-school-guindy-1/,2026-08-25
IN787,N.H. Goel World School,"Vidhan Sabha Road, Post Nardaha, Near Vidhan Sabha Raipur (CG) - 493 111",RAIPUR,CHHATTISGARH,493111,board,Primary / Lower Secondary / Upper Secondary / Advanced,Day school,2015-01-23,https://www.nhgoel.com/,https://connectedtot.com/find-a-cambridge-school/Details/n-h-goel-world-school/,2026-08-25
IN788,"JBCN International School, Parel","Yogi Mansion, CTS No. 244, Dr Vinay walimbe road, Off, Dr SS Rao Marg, Parel East, Parel, Mumbai, Maharashtra 400012",MUMBAI,MAHARASHTRA,400012,board,Lower Secondary / Upper Secondary,Day school,2016-03-03,https://www.jbcnschool.edu.in/parel,https://connectedtot.com/find-a-cambridge-school/Details/jbcn-international-school-parel/,2026-08-25
IN790,Harmony International School,"Plot No.-15, Sec-5, Kharghar,Navi Mumbai,Maharashtra,410210,India",RAIGAD,MAHARASHTRA,410210,board,,,2013-08-01,,https://connectedtot.com/find-a-cambridge-school/Details/harmony-international-school/,2026-08-25
IN791,"Boston World School, Pune","Boston World School, Pune,Casa Mia Survey No. 45/2A,Pisoli Near Hill Green School,Off Nibm Undri Link Road,Pune, Maharashtra 411060,India",PUNE,MAHARASHTRA,411060,board,Upper Secondary / Advanced,,2015-07-20,,https://connectedtot.com/find-a-cambridge-school/Details/boston-world-school-pune/,2026-08-25
IN793,HVB Global Academy,"79 Marine Drive, Mumbai, Maharashtra, India",MUMBAI,MAHARASHTRA,400020,india_post_directory,Early Years / Primary / Lower Secondary / Upper Secondary / Advanced,Day school,2014-04-30,http://www.hvbglobalacademy.org/,https://connectedtot.com/find-a-cambridge-school/Details/hvb-global-academy/,2026-08-25
IN795,"Billabong High International School, Noida","A-73 Sector-34 Noida, Uttar Pradesh, Pin Code - 201301",GAUTAM BUDDHA NAGAR,UTTAR PRADESH,201301,board,Primary / Lower Secondary / Upper Secondary / Advanced,Day school,2024-02-06,http://www.billabonghighschoolnoida.com/,https://connectedtot.com/find-a-cambridge-school/Details/billabong-high-international-school-noida/,2026-08-25
IN796,Redbridge International Academy,"114 S Bingipura Village, Begur Koppa Road, Hulimangala Post, Jigani, Bangalore 560 105",BENGALURU URBAN,KARNATAKA,560105,board,Lower Secondary / Upper Secondary,Weekly boarding,2015-08-13,http://ww.rbia.in/,https://connectedtot.com/find-a-cambridge-school/Details/redbridge-international-academy/,2026-08-25
IN798,The Schram Academy,No.189 Perumal Kovil St Rajan Kuppam Ayanambakkam Chennai 600095,THIRUVALLUR,TAMIL NADU,600095,board,Primary / Lower Secondary / Upper Secondary / Advanced,Day school,2015-08-17,https://tsacademy.edu.in/#,https://connectedtot.com/find-a-cambridge-school/Details/the-schram-academy/,2026-08-25
IN804,Omkar Cambridge International School,"P-74/P-89, Phase 2, MIDC Residential Zone Dombivli East Thane District Maharashtra 421203",THANE,MAHARASHTRA,421203,board,Early Years / Primary / Lower Secondary / Upper Secondary / Advanced,Day school,2013-03-21,https://www.omkarig.in/,https://connectedtot.com/find-a-cambridge-school/Details/omkar-cambridge-international-school/,2026-08-25
IN806,KC High,"KC High, Olympia Panache, 33 Rajiv Gandhi Salai (OMR), Navalur, Chennai - 600130",CHENGALPATTU,TAMIL NADU,600130,board,Primary / Lower Secondary / Upper Secondary,Day school,2013-06-27,http://www.kchigh.com/,https://connectedtot.com/find-a-cambridge-school/Details/kc-high/,2026-08-25
IN812,"The King's School, Kollam","KING'S NAGAR, KOTTIYAM, KOLLAM, KERALA, INDIA. PINCODE: 691571",KOLLAM,KERALA,691571,board,Upper Secondary / Advanced,Day school,2009-07-29,https://thekingsschool.in/,https://connectedtot.com/find-a-cambridge-school/Details/the-kings-school-kollam/,2026-08-25
IN817,Unison World School,Unison World School Mussoorie Diversion Road Dehradun 248009,DEHRADUN,UTTARAKHAND,248009,board,Upper Secondary / Advanced,Fully residential,2009-07-17,https://uws.edu.in/,https://connectedtot.com/find-a-cambridge-school/Details/unison-world-school/,2026-08-25
IN818,Mainadevi Bajaj International School,"RSET Campus,Sunder Nagar,Malad[West],Mumbai-400064",MUMBAI SUBURBAN,MAHARASHTRA,400064,board,Primary / Lower Secondary / Upper Secondary / Advanced,Day school,2009-07-13,http://www.mbis.org/,https://connectedtot.com/find-a-cambridge-school/Details/mainadevi-bajaj-international-school/,2026-08-25
IN822,Harvest International School,"Jassowal-Kular,Tehsil - Jagraon,Ludhiana,Punjab 142023,India",LUDHIANA,PUNJAB,142023,board,Primary / Lower Secondary / Upper Secondary / Advanced,Weekly boarding,2009-09-09,https://www.harvestinternationalschool.com/,https://connectedtot.com/find-a-cambridge-school/Details/harvest-international-school/,2026-08-25
IN823,"D Y Patil International School, Worli","Opposite M.I.G Colony Adarsh Nagar,Next to Janta Public School,Worli,Mumbai, 400 030",MUMBAI,MAHARASHTRA,400030,board,Lower Secondary / Upper Secondary / Advanced,Day school,2009-09-25,http://www.dypisworli.in/,https://connectedtot.com/find-a-cambridge-school/Details/d-y-patil-international-school-worli/,2026-08-25
IN827,"VIBGYOR High, Bangalore","58/1, Thubarahalli, Whitefield Road (Marathahalli), behind Sriram Samriddhi apartment, Bengaluru - 560066",BENGALURU URBAN,KARNATAKA,560066,board,Primary / Lower Secondary / Upper Secondary / Advanced,Day school,2010-02-11,https://www.vibgyorhigh.com/,https://connectedtot.com/find-a-cambridge-school/Details/vibgyor-high-bangalore/,2026-08-25
IN830,"M.C.T.M. Chidambaram Chettyar International School, Mylapore","179, Luz Church Road, Mylapore, Chennai-600004, Tamil Nadu",CHENNAI,TAMIL NADU,600004,board,Lower Secondary / Upper Secondary,Day school,2010-03-19,https://www.mctminternational.com/,https://connectedtot.com/find-a-cambridge-school/Details/m-c-t-m-chidambaram-chettyar-international-school-mylapore/,2026-08-25
IN836,Kennedy High The Global School,"Bachpally,Miyapur - Medchal Highway,Hyderabad 500090,India",MEDCHAL MALKAJGIRI,TELANGANA,500090,board,Primary / Lower Secondary / Upper Secondary / Advanced,Day school,2010-11-05,http://www.kennedyglobalschool.com/,https://connectedtot.com/find-a-cambridge-school/Details/kennedy-high-the-global-school/,2026-08-25
IN837,Vidyanjali International School,"20/1 Ram Mohan Dutta Road,Kolkata,West Bengal,India",KOLKATA,WEST BENGAL,,,Lower Secondary / Upper Secondary / Advanced,Day school,2010-05-24,,https://connectedtot.com/find-a-cambridge-school/Details/vidyanjali-international-school/,2026-08-25
IN838,"The Indian Public School, Erode","Senapathypalayam, Vkundachi palayam(po), Chennimalai Road, Erode - 638112",ERODE,TAMIL NADU,638112,board,Lower Secondary / Upper Secondary / Advanced,Weekly boarding,2010-05-26,http://www.theindianpublicschool.org/,https://connectedtot.com/find-a-cambridge-school/Details/the-indian-public-school-erode/,2026-08-25
IN839,"The Indian Public School, Coimbatore, S.S. Kulam","193, Sathy Road, S.S.Kulam(po), Coimbatore-641103",COIMBATORE,TAMIL NADU,641103,board,Lower Secondary / Upper Secondary / Advanced,Day school,2010-05-25,http://www.tipsglobal.org/,https://connectedtot.com/find-a-cambridge-school/Details/the-indian-public-school-coimbatore-s-s-kulam/,2026-08-25
IN840,Daly College Indore,"Residency Area,Indore,452001,Madhya Pradesh,India",INDORE,MADHYA PRADESH,452001,board,Lower Secondary / Upper Secondary / Advanced,,2010-05-28,http://www.dalycollege.org/,https://connectedtot.com/find-a-cambridge-school/Details/daly-college-indore/,2026-08-25
IN841,Manthan School,"Tellapur Village,Ramachandrapuram Mandal,Sanga Reddy District, Telangana, India",SANGAREDDY,TELANGANA,,,Primary / Lower Secondary / Upper Secondary / Advanced,Day school,2010-07-30,http://www.manthanschool.org/,https://connectedtot.com/find-a-cambridge-school/Details/manthan-school/,2026-08-25
IN842,"HLC International, Karanai","Wing Haven 1st Ave, Sholinganallur, Karanai, Chennai, Tamil Nadu 603103",CHENGALPATTU,TAMIL NADU,603103,board,Primary / Lower Secondary / Upper Secondary / Advanced,Day school,2012-01-31,https://hlcschool.in/,https://connectedtot.com/find-a-cambridge-school/Details/hlc-international-karanai/,2026-08-25
IN844,Ecole Globale International Girls School,"Village Horawalla, Chakrata Road, Near Sahaspur, Dehradun, Uttarakhand 248197",DEHRADUN,UTTARAKHAND,248197,board,Upper Secondary / Advanced,Fully residential,2012-09-07,http://www.ecoleglobale.com/,https://connectedtot.com/find-a-cambridge-school/Details/ecole-globale-international-girls-school/,2026-08-25
IN845,The Sun Smart Foundation,"14/25, Chellammal St, Shenoy Nagar, Chennai, Tamil Nadu 600030",CHENNAI,TAMIL NADU,600030,board,Primary / Lower Secondary,Day school,2014-07-04,http://www.thesunsmartfoundation.org/,https://connectedtot.com/find-a-cambridge-school/Details/the-sun-smart-foundation/,2026-08-25
IN852,The Cambria International School and Junior College,"West, Barave Road Road, Radha Nagar, Khadakpada, Kalyan, Maharashtra 421301",THANE,MAHARASHTRA,421301,board,Primary / Lower Secondary / Upper Secondary / Advanced,Day school,2018-07-01,https://cambriaschool.com/,https://connectedtot.com/find-a-cambridge-school/Details/the-cambria-international-school-and-junior-college/,2026-08-25
IN853,Garodia International Centre for Learning Mumbai,"55, 90 Feet Rd., Garodia Nagar, Ghatkopar (E), Mumbai - 400077, India",MUMBAI SUBURBAN,MAHARASHTRA,400077,board,Lower Secondary / Upper Secondary,Day school,2018-06-25,http://giclm.edu.in/,https://connectedtot.com/find-a-cambridge-school/Details/garodia-international-centre-for-learning-mumbai/,2026-08-25
IN854,Seven Isles International School,"1114/2B, Besides Gagangiri Tower,Sant Ramdas Marg,Mulund East,Maharashtra 400081,India",MUMBAI SUBURBAN,MAHARASHTRA,400081,board,Lower Secondary / Upper Secondary / Advanced,Day school,2018-07-13,,https://connectedtot.com/find-a-cambridge-school/Details/seven-isles-international-school/,2026-08-25
IN861,The Lakewood School,"Thakur Colony, Pakhowal Road, Ludhiana, Punjab 141002, India",LUDHIANA,PUNJAB,141002,board,Primary / Lower Secondary / Upper Secondary / Advanced,Day school,2018-12-04,http://www.thelakewoodschool.com/,https://connectedtot.com/find-a-cambridge-school/Details/the-lakewood-school/,2026-08-25
IN867,South City International School,"375, Prince Anwar Shah Road,Kolkata,India",KOLKATA,WEST BENGAL,700068,same_school_other_board,Primary / Lower Secondary / Upper Secondary / Advanced,Day school,2010-11-11,http://www.scis.co.in/,https://connectedtot.com/find-a-cambridge-school/Details/south-city-international-school/,2026-08-25
IN868,"Vaels International School, Injambakkam","VALMIKI ST, ECR, INJAMBAKKAM, CHENNAI - 600115",CHENNAI,TAMIL NADU,600115,board,Primary / Lower Secondary / Upper Secondary / Advanced,Day school,2010-11-23,http://www.vaelsinternationalschool.com/,https://connectedtot.com/find-a-cambridge-school/Details/vaels-international-school-injambakkam/,2026-08-25
IN869,The Universal School,"Valencia Towers, Tukaram Javaji Marg, behind Bhatia Hospital, Grant Road (W), Tardeo, Mumbai, Maharashtra 400007, India",MUMBAI,MAHARASHTRA,400007,board,Primary / Lower Secondary / Upper Secondary / Advanced,Day school,2011-03-22,https://tardeo.universalschool.edu.in/,https://connectedtot.com/find-a-cambridge-school/Details/the-universal-school/,2026-08-25
IN871,GEMS Akademia Global School,"Bakrahat Road, Thakurpukur, P.O. Rasapunja, Kolkata-700104",24 PARAGANAS SOUTH,WEST BENGAL,700104,board,Upper Secondary / Advanced,Fully residential,2012-03-28,http://www.gemsakademia.in/,https://connectedtot.com/find-a-cambridge-school/Details/gems-akademia-global-school/,2026-08-25
IN872,"The Geekay World School, Ranipet","#450/A/1A2 , Lalapet Road ,Ammoor Town Panchayat,Walajah Taluk, Ranipet, Tamil Nadu 632501",Ranipet,TAMIL NADU,632501,board,Lower Secondary / Upper Secondary / Advanced,Day-cum-boarding,2012-03-30,http://www.gked.in/,https://connectedtot.com/find-a-cambridge-school/Details/the-geekay-world-school-ranipet/,2026-08-25
IN874,Christ Church School,"Clare Road, Byculla West, Mumbia 400008, Maharashntra, India",MUMBAI,MAHARASHTRA,400008,board,Primary / Lower Secondary / Upper Secondary,Day school,2012-04-30,http://www.christchurchscholschoolmumbai.org/,https://connectedtot.com/find-a-cambridge-school/Details/christ-church-school/,2026-08-25
IN879,Candor International School,"Begur-Koppa Road, Hullahalli, Bangalore, Karnataka - 560105",BENGALURU URBAN,KARNATAKA,560105,board,Lower Secondary / Upper Secondary / Advanced,Day school,2012-06-25,http://www.candorschool.com/,https://connectedtot.com/find-a-cambridge-school/Details/candor-international-school/,2026-08-25
IN881,Sri Vani International School,"1246/47 Fourth Main, Rajaji Nagar Second Stage,Bangalore,KarnatakaIndia",BENGALURU URBAN,KARNATAKA,,,Primary / Upper Secondary,,2012-06-26,,https://connectedtot.com/find-a-cambridge-school/Details/sri-vani-international-school/,2026-08-25
IN882,"CPS Global School, Thirumazhisai","Thiruvallur Road, SH50, Thirumazhisai, Chennai 600124, Tamil Nadu, India",THIRUVALLUR,TAMIL NADU,600124,board,Primary / Lower Secondary / Upper Secondary,Weekly boarding,2012-07-25,http://www.cpsglobalschool.com/,https://connectedtot.com/find-a-cambridge-school/Details/cps-global-school-thirumazhisai-1/,2026-08-25
IN884,Pathashaala (PCFL - KFI),"Ellumichampet Village, Vallipuram (via), Thirukazhukundram Taluk, Chengalpattu district, Tamilnadu 603405",CHENGALPATTU,TAMIL NADU,603405,board,Upper Secondary / Advanced,Fully residential,2012-07-10,https://www.pcfl-kfi.org/pathashaala/home,https://connectedtot.com/find-a-cambridge-school/Details/pathashaala-pcfl-kfi/,2026-08-25
IN885,MET Rishikul Vidyalaya,"Mumbai Educational Trust Complex, Gen. A. K. Vaidya Marg, Bandra Reclamation, Bandra West, Mumbai 400 050, Maharashtra, India",MUMBAI SUBURBAN,MAHARASHTRA,400050,board,Primary / Lower Secondary / Upper Secondary / Advanced,Day school,2012-06-30,http://www.mrv.edu.in/,https://connectedtot.com/find-a-cambridge-school/Details/met-rishikul-vidyalaya/,2026-08-25
IN891,Innisfree House School,"Innisfree House School, 9th Cross, 2nd Phase, J. P. Nagar Bangalore, India 560078",BENGALURU URBAN,KARNATAKA,560078,board,Upper Secondary,Day school,2012-09-11,https://innisfreehouseschool.com/,https://connectedtot.com/find-a-cambridge-school/Details/innisfree-house-school/,2026-08-25
IN892,Methodist High School,"73 Cantonments, Kanpur - 208004",KANPUR NAGAR,UTTAR PRADESH,208004,board,Lower Secondary / Upper Secondary / Advanced,Day school,2012-08-15,http://www.mhskanpur.org/,https://connectedtot.com/find-a-cambridge-school/Details/methodist-high-school/,2026-08-25
IN895,"Holy Sai International School, Guduvanchery","63, Jayalakshmi Nagar, Adhanur, Guduvancherry",CHENGALPATTU,TAMIL NADU,603202,india_post_directory,Primary / Lower Secondary / Upper Secondary / Advanced,Day school,2012-12-09,http://www.holysaiinternationalschool.com/,https://connectedtot.com/find-a-cambridge-school/Details/holy-sai-international-school-guduvanchery/,2026-08-25
IN896,The Lords' International School,"428/1, Munu Adhi Road, Samathuva Periyar Nagar, Kishkintha Main road, Perungalathur, Chennai-600063",CHENGALPATTU,TAMIL NADU,600063,board,Upper Secondary / Advanced,Day school,2012-09-11,http://www.lordsinternationalschool.com/,https://connectedtot.com/find-a-cambridge-school/Details/the-lords-international-school/,2026-08-25
IN898,Pushpalata British International School,"(Unit of Pushpalatha Educational Centre), Sivanthipatti Road, Thiyagaraja Nagar, Tirunelveli, Tamilnadu 627011",TIRUNELVELI,TAMIL NADU,627011,board,Early Years / Primary / Lower Secondary / Upper Secondary / Advanced,Day school,2012-09-05,https://pushpalataschools.com/pbis/,https://connectedtot.com/find-a-cambridge-school/Details/pushpalata-british-international-school/,2026-08-25
IN903,"Luxor World School, Dindigul","Emerald valley, Kalikkampatty (PO), NH-7, Madurai Road, Dindigul, Tamil Nadu 624303",DINDIGUL,TAMIL NADU,624303,board,Primary / Lower Secondary / Upper Secondary / Advanced,Day school,2013-02-20,http://www.luxorworldschool.in/,https://connectedtot.com/find-a-cambridge-school/Details/luxor-world-school-dindigul/,2026-08-25
IN906,"Akshar Arbol International School, West Mambalam","No 17, Umapathy street, West Mambalam, Chennai 600033",CHENNAI,TAMIL NADU,600033,board,Lower Secondary / Upper Secondary / Advanced,Day school,2013-05-31,https://www.akshararbol.edu.in/,https://connectedtot.com/find-a-cambridge-school/Details/akshar-arbol-international-school-west-mambalam/,2026-08-25
IN918,Sanjay Ghodawat International School,"Gat No. 555,Kohlapur-Sangli Highway,Taluka: Hatkanagale,Post-Atigre,Maharashtra, 416118, India",KOLHAPUR,MAHARASHTRA,416118,board,Early Years / Primary / Lower Secondary / Upper Secondary / Advanced,Day school,2013-02-07,https://sgischool.in/,https://connectedtot.com/find-a-cambridge-school/Details/sanjay-ghodawat-international-school/,2026-08-25
IN920,"Mayoor School, Ajmer","Opposite LIC,Alwar Gate, Ajmer, 305001",AJMER,RAJASTHAN,305001,board,Lower Secondary / Upper Secondary / Advanced,Day school,2013-07-05,http://www.mayoorschool.org/,https://connectedtot.com/find-a-cambridge-school/Details/mayoor-school-ajmer/,2026-08-25
IN924,The Heritage School,"994, Chowbaga Rd, Anandapur, East Kolkata Twp, Kolkata, West Bengal 700107, India",KOLKATA,WEST BENGAL,700107,board,Lower Secondary / Upper Secondary,Day school,2013-06-13,https://theheritageschool.org/,https://connectedtot.com/find-a-cambridge-school/Details/the-heritage-school/,2026-08-25
IN926,"International School, Guwahati","Kali Mandir Path, Nalapara, Sarusajai, P.O. Saukuchi, Guwahati, Assam-781034",KAMRUP METRO,ASSAM,781034,board,Upper Secondary / Advanced,,2013-06-18,,https://connectedtot.com/find-a-cambridge-school/Details/international-school-guwahati/,2026-08-25
IN927,International Fateh Academy,"Academy Road, Jandiala Guru, Amritsar - 143115, Punjab, India",AMRITSAR,PUNJAB,143115,board,Upper Secondary / Advanced,Day school,2013-07-16,,https://connectedtot.com/find-a-cambridge-school/Details/international-fateh-academy/,2026-08-25
IN928,IRA Global School,"OPPOSITE PREMIER COMPANY, KALYAN SHIL ROAD, KOLEGAON, DOMBIVALI EAST 421204",THANE,MAHARASHTRA,421204,board,Lower Secondary / Upper Secondary,Day school,2013-08-28,https://iraglobal.com/,https://connectedtot.com/find-a-cambridge-school/Details/ira-global-school/,2026-08-25
IN931,"The Indian Public School, Kochi","Edachira, Thengode P.O,Kakkanad, Kochi, Kerala 682030,India",ERNAKULAM,KERALA,682030,board,Upper Secondary / Advanced,Day school,2014-06-02,,https://connectedtot.com/find-a-cambridge-school/Details/the-indian-public-school-trichy-1/,2026-08-25
IN932,"The Indian Public School, Karur, Pazhamapuram","379/1 & 379/2, Pazhamapuram, Poolampalayam, PO, Punnam, Tamil Nadu 639136, India",KARUR,TAMIL NADU,639136,board,Upper Secondary,Day school,2015-09-22,https://tips-karur.org/,https://connectedtot.com/find-a-cambridge-school/Details/the-indian-public-school-karur-pazhamapuram/,2026-08-25
IN933,"The Indian Public School, Tirupur, Palladam","The Indian Public School, No. 10/720, Park avenue, Arulpuram (P.O), Palladam Road, Tirupur -641605",TIRUPPUR,TAMIL NADU,641605,board,Advanced,Day school,2017-04-03,https://tips-tirupur.org/,https://connectedtot.com/find-a-cambridge-school/Details/the-indian-public-school-tirupur-palladam/,2026-08-25
IN935,Tree House High School - Kondhwa,"38,Pokale Mala,Kondhwa Khurd, Behind Welcome Hall , Pune ,Maharashtra,411048",PUNE,MAHARASHTRA,411048,board,Primary / Lower Secondary / Upper Secondary,Day school,2014-02-01,https://treehousehighschool.com/,https://connectedtot.com/find-a-cambridge-school/Details/tree-house-high-school-kondhwa/,2026-08-25
IN936,Nahar International School,"Nahar's Amrit Shakti, Chandivili Farm Road, Off Saki Vuhar Road, Andheri East, Mumbai - 400 072, Maharashtra, India",MUMBAI SUBURBAN,MAHARASHTRA,400072,board,Early Years / Primary / Lower Secondary / Upper Secondary / Advanced,,2014-01-06,http://www.nahar-is.ac.in/,https://connectedtot.com/find-a-cambridge-school/Details/nahar-international-school/,2026-08-25
IN938,Ambitus World School,"Near Miyapur-Medchal Highway,Bachupally, Bowrampet,Hyderabad,Telengana-500043",MEDCHAL MALKAJGIRI,TELANGANA,500043,board,Early Years / Primary / Lower Secondary / Upper Secondary,Day school,2014-04-02,http://ambitusworldschool.com/,https://connectedtot.com/find-a-cambridge-school/Details/ambitus-world-school/,2026-08-25
IN939,Hiranandani Foundation School International,"Ridge Street, Hiranandani Gardens, Powai,Mumbai 400076,Maharashtra,India",MUMBAI SUBURBAN,MAHARASHTRA,400076,board,Primary / Lower Secondary / Upper Secondary,,2014-04-30,,https://connectedtot.com/find-a-cambridge-school/Details/hiranandani-foundation-school-international/,2026-08-25
IN940,"Global English School - Calicut, Pantheerankavu","Global English School, Calicut / Kaimbalam, Pantheerankavu (P.O)/ Calicut Kerala - 673019",KOZHIKODE,KERALA,673019,board,Lower Secondary / Upper Secondary / Advanced,Day school,2014-03-18,http://www.geschoolclt.com/,https://connectedtot.com/find-a-cambridge-school/Details/global-english-school-calicut-pantheerankavu/,2026-08-25
IN941,"Apple Perks International School, Metturdam","70 B, BHAVANI MAIN ROAD, OPP.GOVT.ITI, METTUR DAM, SALEM DISTRICT, 636452",SALEM,TAMIL NADU,636452,board,Primary,Day school,2014-03-25,http://www.appleperks.in/,https://connectedtot.com/find-a-cambridge-school/Details/apple-perks-international-school-metturdam/,2026-08-25
IN943,Akal Academy,"V.P.O. Baru Sahib,Rajgarh,Simore District,Himachal Pradesh,173101,India",SIRMAUR,HIMACHAL PRADESH,173101,board,Lower Secondary / Upper Secondary / Advanced,Fully residential,2014-04-09,http://www.akalacademybarusahib.com/,https://connectedtot.com/find-a-cambridge-school/Details/akal-academy/,2026-08-25
IN945,Eastern Public School,"Ward No. 1, Abbas Nagar, Near RKDF University, Bhopal, 462036, Madhya Pradesh, India",BHOPAL,MADHYA PRADESH,462036,board,Lower Secondary / Upper Secondary,Day school,2014-06-09,http://www.e-p-s.in/,https://connectedtot.com/find-a-cambridge-school/Details/eastern-public-school/,2026-08-25
IN947,VIPs International School,"No. 23-1, 1102, near Fire Station, Charminar, Moghalpura, Hyderabad, Telangana 500002",HYDERABAD,TELANGANA,500002,board,Primary / Lower Secondary,Day school,2014-07-10,http://www.vipseducation.com/,https://connectedtot.com/find-a-cambridge-school/Details/vips-international-school/,2026-08-25
IN948,The Shri Ram School,"V 37, Moulsari Avenue,Dlf Phase Iii,Gurgaon - 122002,Haryana,India",GURUGRAM,HARYANA,122002,board,,,2014-09-16,,https://connectedtot.com/find-a-cambridge-school/Details/the-shri-ram-school/,2026-08-25
IN954,Vivekalaya's Prakriya International School,138/139 Nataraja Thevar Colony Ramanathapuram Coimbatore 641045,COIMBATORE,TAMIL NADU,641045,board,Lower Secondary / Upper Secondary / Advanced,Day school,2014-10-10,http://prakriya.net/,https://connectedtot.com/find-a-cambridge-school/Details/vivekalayas-prakriya-international-school/,2026-08-25
IN955,The Ardee School,"Bella Vista Vaddo, Alto Porvorim, Porvorim, Sangolda, Goa 403522",NA,NA,403522,board,Lower Secondary / Upper Secondary / Advanced,Day school,2014-10-17,https://theardeeschool.com/,https://connectedtot.com/find-a-cambridge-school/Details/the-ardee-school-1/,2026-08-25
IN959,Rose Manor International School,"Central Avenue, Santa Cruz West, Mumbai 400 054",MUMBAI SUBURBAN,MAHARASHTRA,400054,board,Primary / Lower Secondary / Upper Secondary / Advanced,Day school,2016-10-14,https://rosemanorinternational.com/,https://connectedtot.com/find-a-cambridge-school/Details/rose-manor-international-school/,2026-08-25
IN969,"Podar International School, Powai","Technology St, opp. Dr L & H Hiranandani Hospital, Hiranandani Gardens, BSNL Colony, Powai, Mumbai, Maharashtra 400076",MUMBAI SUBURBAN,MAHARASHTRA,400076,board,Primary / Lower Secondary / Upper Secondary / Advanced,Day school,2015-06-22,https://www.podareducation.org/school/powaicie/,https://connectedtot.com/find-a-cambridge-school/Details/podar-international-school-powai/,2026-08-25
IN970,ITM Global School Gwalior,"NH44, Turari, Gwalior, MP 474001",GWALIOR,MADHYA PRADESH,474001,board,Early Years / Primary / Lower Secondary / Upper Secondary / Advanced,Day school,2014-11-21,http://www.itmglobal.in/,https://connectedtot.com/find-a-cambridge-school/Details/itm-global-school-gwalior/,2026-08-25
IN971,Don Bosco International School,"Nathalal Parekh Marg, Matunga East,Mumbai,Maharashtra,India",MUMBAI,MAHARASHTRA,400019,india_post_directory,Lower Secondary / Upper Secondary / Advanced,,2015-08-20,,https://connectedtot.com/find-a-cambridge-school/Details/don-bosco-international-school/,2026-08-25
IN973,Vibgyor High,"Plot no. 114, Sector no. 8A, Opp. Newa Height, Airoli, Thane, Navi Mumbai, Maharashtra– 400 708.",THANE,MAHARASHTRA,400708,board,Primary / Lower Secondary / Upper Secondary,Day school,2015-09-10,https://www.vibgyorhigh.com/,https://connectedtot.com/find-a-cambridge-school/Details/vibgyor-high-1/,2026-08-25
IN974,"Divine Child International School, Adalaj","Sabarmati-Adalaj Highway,Near DCIS Circle,Adalaj,Gujrat",AHMADABAD,GUJARAT,382421,india_post_directory,Primary / Lower Secondary / Upper Secondary / Advanced,Day school,2015-04-03,http://www.dcis.edu.in/,https://connectedtot.com/find-a-cambridge-school/Details/divine-child-international-school-adalaj/,2026-08-25
IN976,Oakridge International School,"State Highway 12A, Sh12A, Next To Thunder Zone Amusement And Water Park, Sahibzada Ajit Singh Nagar, Punjab 140307",S.A.S Nagar,PUNJAB,140307,board,Lower Secondary / Upper Secondary,Day school,2015-10-06,http://oakridge.in/mohali,https://connectedtot.com/find-a-cambridge-school/Details/oakridge-international-school/,2026-08-25
IN978,St. Anne International School,"Sunder Lane, Orlem,Malad West,Mumbai,Maharashtra, India",MUMBAI SUBURBAN,MAHARASHTRA,400064,india_post_directory,Primary / Lower Secondary / Upper Secondary,Day school,2018-06-26,http://www.stanneinternational.in/,https://connectedtot.com/find-a-cambridge-school/Details/st-anne-international-school/,2026-08-25
IN980,Seedling International Academy,"Park Lane, Sector 4, Jawahar Nagar,Jaipur,Rajasthan 302004,India",JAIPUR,RAJASTHAN,302004,board,Primary / Lower Secondary / Upper Secondary,Day school,2015-07-23,,https://connectedtot.com/find-a-cambridge-school/Details/seedling-international-academy/,2026-08-25
IN981,Bodhi International School,"Near Mini Market, Saran Nagar, Shikargarh, Jodhur, Rajasthan 342015",JODHPUR,RAJASTHAN,342015,board,Lower Secondary / Upper Secondary / Advanced,Day school,2015-07-30,http://www.bodhijodhpur.com/,https://connectedtot.com/find-a-cambridge-school/Details/bodhi-international-school/,2026-08-25
IN982,Rockwoods International School,"Chitrakoot Nagar,Pratap Nagar - Bhuvana Bypass Road,Udaipur 313001,India",UDAIPUR,RAJASTHAN,313001,board,Early Years / Primary / Lower Secondary / Upper Secondary / Advanced,Day school,2015-08-13,http://www.rockwoodsinternational.com/,https://connectedtot.com/find-a-cambridge-school/Details/rockwoods-international-school/,2026-08-25
IN987,"JBCN International School, Oshiwara","Off Harrow Av., Off Andheri Link Rd,Behind Tarapore Towers,Opposite Blue Bell Apt. (Mhada Colony), Andheri (West), Mumbai,Maharashtra 400058,India",MUMBAI SUBURBAN,MAHARASHTRA,400058,board,Lower Secondary / Upper Secondary,Day school,2016-01-08,https://www.jbcnschool.edu.in/oshiwara/about-us/contact/,https://connectedtot.com/find-a-cambridge-school/Details/jbcn-international-school-oshiwara/,2026-08-25
IN988,St. Joseph's Convent International School,"Manuel Gonsalves Road,Bandra West,Mumbai, Maharashtra,400050,India",MUMBAI SUBURBAN,MAHARASHTRA,400050,board,Primary / Lower Secondary,,2016-03-31,,https://connectedtot.com/find-a-cambridge-school/Details/st-josephs-convent-international-school/,2026-08-25
IN996,Gurukul,"Davalpada-Vasar,Pipeline Road,Near Nevali Junction,Kalyan (E),Maharashtra 421306,India",THANE,MAHARASHTRA,421306,board,Primary / Lower Secondary / Upper Secondary,,2015-12-21,,https://connectedtot.com/find-a-cambridge-school/Details/gurukul/,2026-08-25
