cisce_code,name,address,locality,district,state,pincode,pincode_source,courses,classification,gender,on_current_register,latitude,longitude,website,source_url,captured_on
AN001,Don Bosco School,"PORT BLAIR, South Andaman, Andaman and Nicobar Islands, 744103, India",PORT BLAIR,South Andaman,Andaman and Nicobar Islands,744103,board,ICSE / ISC,Day,Co-ed.,true,11.6324598,92.6692593,https://www.dbsandaman.org,https://locate.cisce.org/,2026-08-25
AP001,Paramjyoti Public School,"Amalapuram, East Godavari, Andhra Pradesh, 533 201, India",Amalapuram,East Godavari,Andhra Pradesh,533201,board,ICSE,Day/Residential,Co-ed.,true,16.5843647,82.0216942,https://www.paramjyotischools.in,https://locate.cisce.org/,2026-08-25
AP002,Vijayavani Residential School,"Chowdepalle, Chittoor, Andhra Pradesh, 517 257, India",Chowdepalle,Chittoor,Andhra Pradesh,517257,board,ICSE,Day/Residential,Co-ed.,true,13.4336161,78.6902755,,https://locate.cisce.org/,2026-08-25
AP003,Loyola Public School,"Loyola Nagar, Guntur, Andhra Pradesh, 522 005, India",Loyola Nagar,Guntur,Andhra Pradesh,522005,board,ICSE / ISC,Day/Residential,Co-ed.,true,16.3071859,80.372346,https://loyolapublicschool.org,https://locate.cisce.org/,2026-08-25
AP004,Little Flower English Medium School,"Vidya Nagar, Guntur, Andhra Pradesh, 522 007, India",Vidya Nagar,Guntur,Andhra Pradesh,522007,board,ICSE,Day,Co-ed.,true,16.32265,80.4245463,,https://locate.cisce.org/,2026-08-25
AP005,The Hyderabad Public School,"Begumpet, Hyderabad, Telangana, 500 016, India",Begumpet,Hyderabad,Telangana,500016,board,ICSE / ISC,Day/Residential,Co-ed.,true,17.4442397,78.4707916,,https://locate.cisce.org/,2026-08-25
AP006,St. George's Grammar School,"Abid Road, Hyderabad, Telangana, 500 001, India",Abid Road,Hyderabad,Telangana,500001,board,ICSE / ISC,Day,Boys,true,17.400786,78.4755618,,https://locate.cisce.org/,2026-08-25
AP007,St. George's Girls' Grammar School,"King Kothi Road, Hyderabad, Telangana, 500 001, India",King Kothi Road,Hyderabad,Telangana,500001,board,ICSE / ISC,Day,Girls,true,17.3970059,78.4795391,,https://locate.cisce.org/,2026-08-25
AP008,Vidyaranya High School For Boys & Girls,"Saifabad, Hyderabad, Telangana, 500 063, India",Saifabad,Hyderabad,Telangana,500063,board,ICSE,Day,Co-ed.,true,17.4046414,78.466314,,https://locate.cisce.org/,2026-08-25
AP009,Nalanda Public School,"Mehdipatnam, Hyderabad, Telangana, 500 028, India",Mehdipatnam,Hyderabad,Telangana,500028,board,ICSE,Day,Co-ed.,true,17.3948227,78.4290079,,https://locate.cisce.org/,2026-08-25
AP010,Nasr School,"Khairatabad, Hyderabad, Telangana, 500 004, India",Khairatabad,Hyderabad,Telangana,500004,board,ICSE / ISC,Day,Girls,true,17.4105858,78.4652316,https://www.nasrschool.in,https://locate.cisce.org/,2026-08-25
AP015,St. Joseph's Public School,"King Kothi Road, Hyderabad, Telangana, 500 029, India",King Kothi Road,Hyderabad,Telangana,500029,board,ICSE / ISC,Day,Co-ed.,true,17.3935932,78.4814887,,https://locate.cisce.org/,2026-08-25
AP016,Sri Sai Public School,"HYDERABAD, Hyderabad, Telangana, 500 007, India",HYDERABAD,Hyderabad,Telangana,500007,board,ICSE,Day,Co-ed.,true,17.4066234,78.5437741,,https://locate.cisce.org/,2026-08-25
AP017,Seventh Day Adventist High School,"Chapel Road, Hyderabad, Telangana, 500 001, India",Chapel Road,Hyderabad,Telangana,500001,board,ICSE,Day,Co-ed.,true,18.1124372,79.0192997,,https://locate.cisce.org/,2026-08-25
AP018,Johnson Grammar School,"Hyderabad, Ranga Reddy, Telangana, 500 076, India",Hyderabad,Ranga Reddy,Telangana,500076,board,ICSE / ISC,Day,Co-ed.,true,17.4386206,78.554846,https://www.jgsicse.org,https://locate.cisce.org/,2026-08-25
AP021,St. Martin's High School,"Bowenpally, Hyderabad, Telangana, 500 011, India",Bowenpally,Hyderabad,Telangana,500011,board,ICSE,Day,Co-ed.,true,17.465909,78.4600974,,https://locate.cisce.org/,2026-08-25
AP022,Gitanjali School,"Begumpet, Hyderabad, Telangana, 500 016, India",Begumpet,Hyderabad,Telangana,500016,board,ICSE / ISC,Day,Co-ed.,true,17.4442397,78.4707916,https://www.gitanjalischools.com,https://locate.cisce.org/,2026-08-25
AP023,Niraj Public School,"Ameerpet, Hyderabad, Telangana, 500 016, India",Ameerpet,Hyderabad,Telangana,500016,board,ICSE / ISC,Day,Co-ed.,true,17.4349147,78.4527904,https://www.nirajpublicschool.com,https://locate.cisce.org/,2026-08-25
AP024,St. Joseph's Convent School,"Kakinada, East Godavari, Andhra Pradesh, 533 002, India",Kakinada,East Godavari,Andhra Pradesh,533002,board,ICSE,Day,Girls,true,16.9404444,82.2388889,,https://locate.cisce.org/,2026-08-25
AP026,St. Francis E. M. B. High School,"Machilipatnam, Krishna, Andhra Pradesh, 521 002, India",Machilipatnam,Krishna,Andhra Pradesh,521002,board,ICSE / ISC,Day,Co-ed.,true,16.1887465,81.1446504,,https://locate.cisce.org/,2026-08-25
AP028,Vasishta School,"Madanapalle, Chittoor, Andhra Pradesh, 517 325, India",Madanapalle,Chittoor,Andhra Pradesh,517325,board,ICSE / ISC,Day/Residential,Co-ed.,true,13.5560496,78.5010007,https://www.vasishtaschools.com,https://locate.cisce.org/,2026-08-25
AP029,Flaiz Memorial Higher Secondary School Of S. D. A.,"Narsapur, West Godavari, Andhra Pradesh, 534 271, India",Narsapur,West Godavari,Andhra Pradesh,534271,board,ICSE / ISC,Day/Residential,Co-ed.,true,16.4269688,81.6760985,https://www.flaiz.org,https://locate.cisce.org/,2026-08-25
AP030,Simhapuri Public School,"NELLORE, Nellore, Andhra Pradesh, 524 004, India",NELLORE,Nellore,Andhra Pradesh,524004,board,ICSE / ISC,Day/Residential,Co-ed.,true,14.4425987,79.986456,,https://locate.cisce.org/,2026-08-25
AP032,Ongole Public School,"Ongole, Prakasam, Andhra Pradesh, 523 002, India",Ongole,Prakasam,Andhra Pradesh,523002,board,ICSE,Day/Residential,Co-ed.,true,15.5052128,80.0182007,https://www.ongolepublicschool.com,https://locate.cisce.org/,2026-08-25
AP033,S. D. A. Higher Secondary School,"Nuzvid, Krishna, Andhra Pradesh, 521 201, India",Nuzvid,Krishna,Andhra Pradesh,521201,board,ICSE / ISC,Day/Residential,Co-ed.,true,16.7912299,80.8532954,,https://locate.cisce.org/,2026-08-25
AP034,St. Ann's Convent School,"SRIKAKULAM, Srikakulam, Andhra Pradesh, 532 213, India",SRIKAKULAM,Srikakulam,Andhra Pradesh,532213,board,ICSE,Day/Residential,Co-ed.,true,18.7476489,84.0890177,https://stannspathapatnam.in,https://locate.cisce.org/,2026-08-25
AP035,St. Ann's School,"Ponnur, Guntur, Andhra Pradesh, 522 123, India",Ponnur,Guntur,Andhra Pradesh,522123,board,ICSE,Day,Co-ed.,true,16.0612839,80.5645254,https://stannsponnur.com,https://locate.cisce.org/,2026-08-25
AP036,St. Ann's School,"Rajahmundry, East Godavari, Andhra Pradesh, 533 101, India",Rajahmundry,East Godavari,Andhra Pradesh,533101,board,ICSE,Day,Co-ed.,true,16.9745143,81.7887722,https://stannsschoolrajamundry.com,https://locate.cisce.org/,2026-08-25
AP038,Rishi Valley School,"Madanapalle, Chittoor, Andhra Pradesh, 517 352, India",Madanapalle,Chittoor,Andhra Pradesh,517352,board,ICSE / ISC,Residential,Co-ed.,true,13.5560496,78.5010007,https://www.cisce.org,https://locate.cisce.org/,2026-08-25
AP039,St. Ann's High School,"Secunderabad, Hyderabad, Telangana, 500 003, India",Secunderabad,Hyderabad,Telangana,500003,board,ICSE / ISC,Day,Girls,true,17.4403299,78.4963799,https://www.stannsicse.com,https://locate.cisce.org/,2026-08-25
AP042,Sherwood Public School,"Secunderabad, Hyderabad, Telangana, 500 067, India",Secunderabad,Hyderabad,Telangana,500067,board,ICSE / ISC,Day,Co-ed.,true,17.5167023,78.4757415,https://www.sherwoodeducation.com,https://locate.cisce.org/,2026-08-25
AP043,St. John's Parish School,"VISAKHAPATNAM, Visakhapatnam, Andhra Pradesh, 530 001, India",VISAKHAPATNAM,Visakhapatnam,Andhra Pradesh,530001,board,ICSE,Day,Co-ed.,true,17.6938597,83.2935018,,https://locate.cisce.org/,2026-08-25
AP044,Timpany School,"Aseelmetta, Visakhapatnam, Andhra Pradesh, 530 003, India",Aseelmetta,Visakhapatnam,Andhra Pradesh,530003,board,ICSE / ISC,Day,Co-ed.,true,17.7262172,83.3154703,https://www.timpanyschool.in,https://locate.cisce.org/,2026-08-25
AP045,St. Aloysius Anglo - Indian High School,"VISAKHAPATNAM, Visakhapatnam, Andhra Pradesh, 530 001, India",VISAKHAPATNAM,Visakhapatnam,Andhra Pradesh,530001,board,ICSE,Day/Residential,Boys,true,17.6939508,83.2922384,,https://locate.cisce.org/,2026-08-25
AP046,St. Joseph's Girls' High School,"Waltair R.S., Visakhapatnam, Andhra Pradesh, 530 004, India",Waltair R.S.,Visakhapatnam,Andhra Pradesh,530004,board,ICSE,Day,Girls,true,17.7343219,83.3129841,,https://locate.cisce.org/,2026-08-25
AP047,St. Joseph's Sec. School,"Malkapuram, Visakhapatnam, Andhra Pradesh, 530 011, India",Malkapuram,Visakhapatnam,Andhra Pradesh,530011,board,ICSE,Day,Co-ed.,true,17.6854667,83.2432403,https://www.stjosephmkp.com,https://locate.cisce.org/,2026-08-25
AP048,Alwardas Public School,"Vizag, Visakhapatnam, Andhra Pradesh, 530 017, India",Vizag,Visakhapatnam,Andhra Pradesh,530017,board,ICSE / ISC,Day,Co-ed.,true,17.7403789,83.3422016,https://www.alwardaspublicschool.com,https://locate.cisce.org/,2026-08-25
AP049,St. Ann's Eng. Med. School,"Butchirajupalem, Visakhapatnam, Andhra Pradesh, 530 027, India",Butchirajupalem,Visakhapatnam,Andhra Pradesh,530027,board,ICSE,Day,Co-ed.,true,17.7435758,83.2313104,,https://locate.cisce.org/,2026-08-25
AP050,Kotak Salesian School,"Pedda Waltair, Visakhapatnam, Andhra Pradesh, 530 017, India",Pedda Waltair,Visakhapatnam,Andhra Pradesh,530017,board,ICSE,Day,Co-ed.,true,17.7255443,83.3334491,https://kotaksalesianschool-vizag.com,https://locate.cisce.org/,2026-08-25
AP051,Seventh Day Adventist High School,"Vijayawada, Krishna, Andhra Pradesh, 520 002, India",Vijayawada,Krishna,Andhra Pradesh,520002,board,ICSE,Day,Co-ed.,true,16.4991357,80.6443257,,https://locate.cisce.org/,2026-08-25
AP052,Spring Dales Public School,"New Gajuwaka, Visakhapatnam, Andhra Pradesh, 530 026, India",New Gajuwaka,Visakhapatnam,Andhra Pradesh,530026,board,ICSE,Day,Co-ed.,true,17.688581,83.2456751,,https://locate.cisce.org/,2026-08-25
AP053,Good Shepherd E.M. School,"Anakapalle, Visakhapatnam, Andhra Pradesh, 531 002, India",Anakapalle,Visakhapatnam,Andhra Pradesh,531002,board,ICSE,Day,Co-ed.,true,17.6896435,83.0023634,,https://locate.cisce.org/,2026-08-25
AP054,St. Ann's E. M. School,"VISAKHAPATNAM, Visakhapatnam, Andhra Pradesh, 531 024, India",VISAKHAPATNAM,Visakhapatnam,Andhra Pradesh,531024,board,ICSE,Day/Residential,Co-ed.,true,18.0802006,82.663802,https://stannsschoolpaderu.com,https://locate.cisce.org/,2026-08-25
AP055,Bhuvanagiri Public School,"Kukkaladoddi, Kadapa, Andhra Pradesh, 516 101, India",Kukkaladoddi,Kadapa,Andhra Pradesh,516101,board,ICSE / ISC,Residential,Co-ed.,true,13.9597733,79.3499861,https://www.bhuvanagiripublicschool.com,https://locate.cisce.org/,2026-08-25
AP056,St. Ann's School,"Chirala, Prakasam, Andhra Pradesh, 523 157, India",Chirala,Prakasam,Andhra Pradesh,523157,board,ICSE,Day/Residential,Co-ed.,true,15.8166616,80.35869,https://stannschirala.com,https://locate.cisce.org/,2026-08-25
AP057,St. Joseph's High School,"Convent Road, Srikakulam, Andhra Pradesh, 532 001, India",Convent Road,Srikakulam,Andhra Pradesh,532001,board,ICSE,Day,Co-ed.,true,16.5152302,80.6148701,,https://locate.cisce.org/,2026-08-25
AP058,Nava Jeevan Public School,"Dora Thota, Visakhapatnam, Andhra Pradesh, 531 163, India",Dora Thota,Visakhapatnam,Andhra Pradesh,531163,board,ICSE,Day,Co-ed.,true,17.8888698,83.4524802,https://www.navajeevanschool.in,https://locate.cisce.org/,2026-08-25
AP059,Shantiniketan English Medium School,"Kadiri, Anantapur, Andhra Pradesh, 515 541, India",Kadiri,Anantapur,Andhra Pradesh,515541,board,ICSE,Day,Co-ed.,true,14.1493126,78.1425468,,https://locate.cisce.org/,2026-08-25
AP060,Mukarram Jah School,"Hyderabad, Hyderabad, Telangana, 500 002, India",Hyderabad,Hyderabad,Telangana,500002,board,ICSE,Day,Co-ed.,true,17.3681001,78.4813867,,https://locate.cisce.org/,2026-08-25
AP062,Queen Mary's School,"Prodatur, Kadapa, Andhra Pradesh, 516 360, India",Prodatur,Kadapa,Andhra Pradesh,516360,board,ICSE,Day,Co-ed.,true,14.7547446,78.5440495,,https://locate.cisce.org/,2026-08-25
AP064,Fort Catholic Girls' School,"Fort, Visakhapatnam, Andhra Pradesh, 530 001, India",Fort,Visakhapatnam,Andhra Pradesh,530001,board,ICSE,Day,Girls,true,15.9128998,79.7399875,,https://locate.cisce.org/,2026-08-25
AP065,Samaritan School,"Secunderabad, Hyderabad, Telangana, 500 094, India",Secunderabad,Hyderabad,Telangana,500094,board,ICSE,Day,Co-ed.,true,17.4394566,78.4369839,https://samaritanschool.in/,https://locate.cisce.org/,2026-08-25
AP066,St. Joseph's High School,"Araku R.S., Visakhapatnam, Andhra Pradesh, 531 151, India",Araku R.S.,Visakhapatnam,Andhra Pradesh,531151,board,ICSE,Day/Residential,Co-ed.,true,18.3333546,82.8678652,,https://locate.cisce.org/,2026-08-25
AP067,International School,"Towli Chowki, Hyderabad, Telangana, 500 008, India",Towli Chowki,Hyderabad,Telangana,500008,board,ICSE / ISC,Day,Co-ed.,true,17.399383,78.4021546,https://www.internationalschoolshaikpet.com,https://locate.cisce.org/,2026-08-25
AP068,Redfields School,"Kavali, Nellore, Andhra Pradesh, 524 201, India",Kavali,Nellore,Andhra Pradesh,524201,board,ICSE,Day/Residential,Co-ed.,true,14.9016625,79.9906015,https://www.redfieldsschool.com,https://locate.cisce.org/,2026-08-25
AP069,The Noble School,"Road No. 9, Hyderabad, Telangana, 500 033, India",Road No. 9,Hyderabad,Telangana,500033,board,ICSE,Day/Residential,Co-ed.,true,17.4120477,78.4093052,https://www.thenobleschool.net,https://locate.cisce.org/,2026-08-25
AP071,Chaitanya Vidyalaya,"Hyderabad, Hyderabad, Telangana, 500 029, India",Hyderabad,Hyderabad,Telangana,500029,board,ICSE / ISC,Day,Co-ed.,true,17.3946731,78.4879142,,https://locate.cisce.org/,2026-08-25
AP072,Siva Sivani Public School,"VISAKHAPATNAM, Visakhapatnam, Andhra Pradesh, 530 032, India",VISAKHAPATNAM,Visakhapatnam,Andhra Pradesh,530032,board,ICSE,Day,Co-ed.,true,17.6486535,83.1343281,,https://locate.cisce.org/,2026-08-25
AP076,Vikasa Vidya Vanam School,"Poranki, Krishna, Andhra Pradesh, 521 137, India",Poranki,Krishna,Andhra Pradesh,521137,board,ICSE / ISC,Day,Co-ed.,true,16.4761687,80.7068792,https://www.vikasa.org,https://locate.cisce.org/,2026-08-25
AP077,Kalpa School,"Banjara Hills, Hyderabad, Telangana, 500 034, India",Banjara Hills,Hyderabad,Telangana,500034,board,ICSE,Day,Co-ed.,true,17.4171602,78.4452801,https://www.kalpaschool.in,https://locate.cisce.org/,2026-08-25
AP078,St. Ann's School,"Vijayawada, Krishna, Andhra Pradesh, 520 015, India",Vijayawada,Krishna,Andhra Pradesh,520015,board,ICSE,Day,Co-ed.,true,16.537776,80.6396287,,https://locate.cisce.org/,2026-08-25
AP079,Emmaus - Swiss Referral Hospital School,"L.S. Farm, Chittoor, Andhra Pradesh, 517 408, India",L.S. Farm,Chittoor,Andhra Pradesh,517408,board,ICSE,Day,Co-ed.,true,13.2008143,78.7440118,https://www.emmaus-schools.com,https://locate.cisce.org/,2026-08-25
AP080,Bethany School,"Waltair Main Road, Visakhapatnam, Andhra Pradesh, 530 002, India",Waltair Main Road,Visakhapatnam,Andhra Pradesh,530002,board,ICSE / ISC,Day,Co-ed.,true,17.7183705,83.3111848,,https://locate.cisce.org/,2026-08-25
AP081,Sri Sai Public School,"Hyderabad, Medak, Telangana, 502 300, India",Hyderabad,Medak,Telangana,502300,board,ICSE,Residential,Co-ed.,true,17.5425548,78.2267425,,https://locate.cisce.org/,2026-08-25
AP082,Abhyasa Residential Public School,"Toopran, Medak, Telangana, 502 334, India",Toopran,Medak,Telangana,502334,board,ICSE / ISC,Residential,Co-ed.,true,17.8411095,78.4771627,https://www.abhyassaschool.com,https://locate.cisce.org/,2026-08-25
AP083,St. Theresa High School,"HYDERABAD, Hyderabad, Telangana, 500 062, India",HYDERABAD,Hyderabad,Telangana,500062,board,ICSE,Day,Co-ed.,true,17.4783555,78.5642159,,https://locate.cisce.org/,2026-08-25
AP084,De Paul School,"Ukkunagaram, Visakhapatnam, Andhra Pradesh, 530 032, India",Ukkunagaram,Visakhapatnam,Andhra Pradesh,530032,board,ICSE,Day,Co-ed.,true,17.652006,83.13862,https://www.depaulsvizag.com,https://locate.cisce.org/,2026-08-25
AP086,Princess Esin Girls' High School,"Hyderabad, Hyderabad, Telangana, 500 002, India",Hyderabad,Hyderabad,Telangana,500002,board,ICSE,Day,Girls,true,17.3681001,78.4813867,,https://locate.cisce.org/,2026-08-25
AP087,Gitanjali Devshala,"Secunderabad, Hyderabad, Telangana, 500 003, India",Secunderabad,Hyderabad,Telangana,500003,board,ICSE,Day,Co-ed.,true,17.4399295,78.4982741,,https://locate.cisce.org/,2026-08-25
AP088,Nasr School Boys,"Serilingampally Mandal, Hyderabad, Telangana, 500 032, India",Serilingampally Mandal,Hyderabad,Telangana,500032,board,ICSE / ISC,Day,Boys,true,17.4349842,78.3679055,https://www.nasrschool.in,https://locate.cisce.org/,2026-08-25
AP089,Sri Aurobindo International School,"Hyderabad, Hyderabad, Telangana, 500 044, India",Hyderabad,Hyderabad,Telangana,500044,board,ICSE / ISC,Day,Co-ed.,true,17.4056219,78.5129275,https://sriaurobindointernationalschool.org,https://locate.cisce.org/,2026-08-25
AP090,St. Francis School,"Madhura Wada, Visakhapatnam, Andhra Pradesh, 530 041, India",Madhura Wada,Visakhapatnam,Andhra Pradesh,530041,board,ICSE,Day,Co-ed.,true,17.8150442,83.3552898,https://www.sfsmadhurawada.net,https://locate.cisce.org/,2026-08-25
AP091,Sree Simhapuri Day School,"Vijayalakshmi Nagar, Nellore, Andhra Pradesh, 524 004, India",Vijayalakshmi Nagar,Nellore,Andhra Pradesh,524004,board,ICSE,Day,Co-ed.,true,18.1181037,83.4172068,,https://locate.cisce.org/,2026-08-25
AP092,Al Madrasa Tus Saifiya Tul Burhaniyah,"Secunderabad, Hyderabad, Telangana, 500 015, India",Secunderabad,Hyderabad,Telangana,500015,board,ICSE,Day,Co-ed.,true,17.476578,78.498475,,https://locate.cisce.org/,2026-08-25
AP094,St. Joseph's School,"Malakpet, Hyderabad, Telangana, 500 036, India",Malakpet,Hyderabad,Telangana,500036,board,ICSE,Day,Co-ed.,true,17.3716458,78.4909767,,https://locate.cisce.org/,2026-08-25
AP095,St. Joseph's School,"Habsiguda, Hyderabad, Telangana, 500 007, India",Habsiguda,Hyderabad,Telangana,500007,board,ICSE / ISC,Day,Co-ed.,true,17.4083419,78.5401473,,https://locate.cisce.org/,2026-08-25
AP096,Mrs. Mariadas U. P. School,"VISAKHAPATNAM, Visakhapatnam, Andhra Pradesh, 530 011, India",VISAKHAPATNAM,Visakhapatnam,Andhra Pradesh,530011,board,ICSE,Day,Co-ed.,true,17.6902405,83.2393038,,https://locate.cisce.org/,2026-08-25
AP097,Ramadevi Public School,"Hayatnagar, Hyderabad, Telangana, 501 512, India",Hayatnagar,Hyderabad,Telangana,501512,board,ICSE / ISC,Day,Co-ed.,true,17.3209132,78.6392491,https://www.ramadevipublicschool.com,https://locate.cisce.org/,2026-08-25
AP098,Sujatha School,"Moinabad Mandal, Ranga Reddy, Telangana, 500 075, India",Moinabad Mandal,Ranga Reddy,Telangana,500075,board,ICSE / ISC,Day/Residential,Co-ed.,true,17.3429,78.308212,,https://locate.cisce.org/,2026-08-25
AP099,Heritage Valley The Indian School,"Shadnagar, Mahbubnagar, Telangana, 509 216, India",Shadnagar,Mahbubnagar,Telangana,509216,board,ICSE / ISC,Day,Co-ed.,true,17.0417323,78.2717623,https://www.heritagevalley.co.in,https://locate.cisce.org/,2026-08-25
AP100,The Hyderabad Public School,"Cuddapah, Kadapa, Andhra Pradesh, 516 002, India",Cuddapah,Kadapa,Andhra Pradesh,516002,board,ICSE,Day/Residential,Co-ed.,true,14.4373105,78.8593513,,https://locate.cisce.org/,2026-08-25
AP101,The Future Kid's School,"Hyderabad, Ranga Reddy, Telangana, 500 089, India",Hyderabad,Ranga Reddy,Telangana,500089,board,ICSE / ISC,Day,Co-ed.,true,17.3982116,78.3748513,https://www.fkshyderabad.com,https://locate.cisce.org/,2026-08-25
AP102,The Peepal Grove School,"CHITTOOR, Chittoor, Andhra Pradesh, 517 123, India",CHITTOOR,Chittoor,Andhra Pradesh,517123,board,ICSE / ISC,Day/Boarding,Co-ed.,true,13.5323286,78.8810785,https://www.peepalgroveschool.org,https://locate.cisce.org/,2026-08-25
AP104,Future Kids Global School,"Rajahmundry, East Godavari, Andhra Pradesh, 533107, India",Rajahmundry,East Godavari,Andhra Pradesh,533107,board,ICSE / ISC,Day,Co-ed.,true,17.0084271,81.8216348,https://thefuturekids.org,https://locate.cisce.org/,2026-08-25
AP105,Indian Blossoms International School,"Ongole, Prakasam, Andhra Pradesh, 523 286, India",Ongole,Prakasam,Andhra Pradesh,523286,board,ICSE / ISC,Day,Co-ed.,true,15.4886484,80.0837374,,https://locate.cisce.org/,2026-08-25
AP106,Sacred Heart Convent School,"Hyderabad, Ranga Reddy, Telangana, 500098, India",Hyderabad,Ranga Reddy,Telangana,500098,board,ICSE,Day,Co-ed.,true,17.3308515,78.6069669,https://AP106CISCE.ORG,https://locate.cisce.org/,2026-08-25
AP107,St. Ann's High School,"Kompally, Ranga Reddy, Telangana, 500067, India",Kompally,Ranga Reddy,Telangana,500067,board,ICSE / ISC,Day,Co-ed.,true,17.5167023,78.4757415,https://www.stannspetbasheerabad.com,https://locate.cisce.org/,2026-08-25
AP108,St. Ann's E. M. High School,"PURUSHOTHAPATNAM, East Godavari, Andhra Pradesh, 507129, India",PURUSHOTHAPATNAM,East Godavari,Andhra Pradesh,507129,board,ICSE,Day,Co-ed.,true,17.6701475,80.9110954,,https://locate.cisce.org/,2026-08-25
AP109,De Paul (e M) School,"Atchuthapuram, Visakhapatnam, Andhra Pradesh, 531 003, India",Atchuthapuram,Visakhapatnam,Andhra Pradesh,531003,board,ICSE,Day,Co-ed.,true,17.2291665,82.1237583,,https://locate.cisce.org/,2026-08-25
AP110,Sri Veda English Medium High School,"Madanapalle, Chittoor, Andhra Pradesh, 517325, India",Madanapalle,Chittoor,Andhra Pradesh,517325,board,ICSE,Day/Boarding,Co-ed.,true,13.597175,78.5303385,,https://locate.cisce.org/,2026-08-25
AP111,St Paul's High School,"SRIKAKULAM, Srikakulam, Andhra Pradesh, 532001, India",SRIKAKULAM,Srikakulam,Andhra Pradesh,532001,board,ICSE,Day,Co-ed.,true,18.2965332,83.8927734,,https://locate.cisce.org/,2026-08-25
AP112,Avenues The Global School,"RAJAMAHENDRAVARAM, East Godavari, Andhra Pradesh, 533103, India",RAJAMAHENDRAVARAM,East Godavari,Andhra Pradesh,533103,board,ICSE,Day,Co-ed.,true,17.0380063,81.8390867,,https://locate.cisce.org/,2026-08-25
AP113,St. Ann's E. M. High School,"Tiruvuru, Krishna, Andhra Pradesh, 521235, India",Tiruvuru,Krishna,Andhra Pradesh,521235,board,ICSE,Day,Co-ed.,true,17.0001949,80.431516,,https://locate.cisce.org/,2026-08-25
AP114,Fjarli Academy Of Seventh Day Adventist E M High School,"DARSI, Prakasam, Andhra Pradesh, 523247, India",DARSI,Prakasam,Andhra Pradesh,523247,board,ICSE,Day/Residential,Co-ed.,true,15.7076272,79.6600343,,https://locate.cisce.org/,2026-08-25
AP115,HOLY CROSS ENGLISH MEDIUM HIGH SCHOOL,"BAPATLA, Guntur, Andhra Pradesh, 522101, India",BAPATLA,Guntur,Andhra Pradesh,522101,board,ICSE,Day,Co-ed.,true,15.9026457,80.4811009,,https://locate.cisce.org/,2026-08-25
AP116,STEM SCHOOL,"Guntur, Guntur, Andhra Pradesh, 522007, India",Guntur,Guntur,Andhra Pradesh,522007,board,ICSE,Day,Co-ed.,true,16.3025424,80.4399986,https://www.stemschool.in,https://locate.cisce.org/,2026-08-25
AP117,St. Anns E M High School,"Bhimavaram, West Godavari, Andhra Pradesh, 534 201, India",Bhimavaram,West Godavari,Andhra Pradesh,534201,board,ICSE,Day,Co-ed.,true,16.532365,81.528675,https://www.stannschool.com,https://locate.cisce.org/,2026-08-25
AP118,Gloria Vidya Kendram E. M School,"VISAKHAPATNAM, Visakhapatnam, Andhra Pradesh, 530046, India",VISAKHAPATNAM,Visakhapatnam,Andhra Pradesh,530046,board,ICSE / ISC,Day,Co-ed.,true,17.7037398,83.1612402,,https://locate.cisce.org/,2026-08-25
AP119,St. Anns E M High School,"Tadepalligudem, West Godavari, Andhra Pradesh, 534102, India",Tadepalligudem,West Godavari,Andhra Pradesh,534102,board,ICSE,Day,Co-ed.,true,16.8072523,81.5316033,,https://locate.cisce.org/,2026-08-25
AP120,Holy Family English Medium School,"SATTENAPALLI, Guntur, Andhra Pradesh, 522 403, India",SATTENAPALLI,Guntur,Andhra Pradesh,522403,board,ICSE,Day,Co-ed.,true,16.368818,80.123004,,https://locate.cisce.org/,2026-08-25
AP121,Sattva The School,"Tirupati, Chittoor, Andhra Pradesh, 517502, India",Tirupati,Chittoor,Andhra Pradesh,517502,board,ICSE,Day,Co-ed.,true,13.6118734,79.4228297,https://sattvatheschool.com/,https://locate.cisce.org/,2026-08-25
AP122,Saraswathi Vidyalai E M High School,"Tadepalligudem, West Godavari, Andhra Pradesh, 534146, India",Tadepalligudem,West Godavari,Andhra Pradesh,534146,board,ICSE / ISC,Day,Co-ed.,true,16.8134981,81.5785879,https://www.saraswathividyalai.org,https://locate.cisce.org/,2026-08-25
AP123,St. Vincent Pallotti (E M) High School,"Pedana, Krishna, Andhra Pradesh, 521366, India",Pedana,Krishna,Andhra Pradesh,521366,board,ICSE,Day,Co-ed.,true,16.4344461,80.9931388,https://www.pallottipedana.edu.in,https://locate.cisce.org/,2026-08-25
AP124,The Cedar Schools,"Visakhapatnam, Visakhapatnam, Andhra Pradesh, 531163, India",Visakhapatnam,Visakhapatnam,Andhra Pradesh,531163,board,ICSE,Day/Residential,Co-ed.,true,17.8919132,83.4285009,https://www.thecedarschools.com,https://locate.cisce.org/,2026-08-25
AP125,Nirmala High School,"Vinukonda, Guntur, Andhra Pradesh, 522647, India",Vinukonda,Guntur,Andhra Pradesh,522647,board,ICSE,Day,Co-ed.,true,16.0498456,79.7405355,,https://locate.cisce.org/,2026-08-25
AP126,St. Ann's ( E M ) Primary & High School,"AVANIGADDA, Krishna, Andhra Pradesh, 521121, India",AVANIGADDA,Krishna,Andhra Pradesh,521121,board,ICSE,Day,Co-ed.,true,16.0261115,80.9164408,,https://locate.cisce.org/,2026-08-25
AP127,Nirmala English Medium High School,"Vijayawada, Krishna, Andhra Pradesh, 520010, India",Vijayawada,Krishna,Andhra Pradesh,520010,board,ICSE,Day,Co-ed.,true,16.4879436,80.6809593,https://nirmalahighschool.com,https://locate.cisce.org/,2026-08-25
AP128,St. Patrick's Academy ( E..m ) High School,"RAVULAPALEM, East Godavari, Andhra Pradesh, 533238, India",RAVULAPALEM,East Godavari,Andhra Pradesh,533238,board,ICSE,Day/Residential,Co-ed.,true,16.762483,81.8423198,https://stpatricksraap.com,https://locate.cisce.org/,2026-08-25
AP129,Bethany School,"VISAKHAPATNAM, Visakhapatnam, Andhra Pradesh, 530041, India",VISAKHAPATNAM,Visakhapatnam,Andhra Pradesh,530041,board,ICSE,Day,Co-ed.,true,17.8092138,83.3413439,,https://locate.cisce.org/,2026-08-25
AP130,Don Bosco Em School,"Mangalagiri, Guntur, Andhra Pradesh, 522503, India",Mangalagiri,Guntur,Andhra Pradesh,522503,board,ICSE,Day,Co-ed.,true,16.4505327,80.5668897,https://www.dbsmangalagiriicse.org,https://locate.cisce.org/,2026-08-25
AP131,St. Charles (EM) High School,"CHILAKALURIPET, Palnadu, Andhra Pradesh, 522616, India",CHILAKALURIPET,Palnadu,Andhra Pradesh,522616,board,ICSE,Day,Co-ed.,true,16.0852362,80.1754133,https://www.stcharlesemcpt.com,https://locate.cisce.org/,2026-08-25
AP132,Rosa Mystica School,"KUPPAM, Chittoor, Andhra Pradesh, 517425, India",KUPPAM,Chittoor,Andhra Pradesh,517425,board,ICSE,Day,Co-ed.,true,12.7410256,78.3444325,https://rosamystica.co.in/,https://locate.cisce.org/,2026-08-25
AP133,Auxilium High School,"GUNTUR, Guntur, Andhra Pradesh, 522006, India",GUNTUR,Guntur,Andhra Pradesh,522006,board,ICSE,Day/Boarding,Co-ed.,false,15.459899,80.0204803,,https://locate.cisce.org/,2026-08-25
AR001,Don Bosco School,"Khonsa, Tirap, Arunachal Pradesh, 786 630, India",Khonsa,Tirap,Arunachal Pradesh,786630,board,ICSE,Residential,Co-ed.,true,26.9925901,95.5014167,,https://locate.cisce.org/,2026-08-25
AR002,Light Of The World School,"CHANGLANG, Changlang, Arunachal Pradesh, 792 122, India",CHANGLANG,Changlang,Arunachal Pradesh,792122,board,ICSE / ISC,Day,Co-ed.,true,27.4878306,96.205936,,https://locate.cisce.org/,2026-08-25
AR003,Newman School,"CHANGLANG, Changlang, Arunachal Pradesh, 792 122, India",CHANGLANG,Changlang,Arunachal Pradesh,792122,board,ICSE,Day/Residential,Co-ed.,true,27.456737,96.144386,,https://locate.cisce.org/,2026-08-25
AR004,St. George's School,"TIRAP, Tirap, Arunachal Pradesh, 786 629, India",TIRAP,Tirap,Arunachal Pradesh,786629,board,ICSE,Day/Boarding,Co-ed.,true,27.1973178,95.4678242,,https://locate.cisce.org/,2026-08-25
AR005,Holy Rosary School,"Laktong, Changlang, Arunachal Pradesh, 792120, India",Laktong,Changlang,Arunachal Pradesh,792120,board,ICSE,Day,Co-ed.,true,27.1376739,95.724864,,https://locate.cisce.org/,2026-08-25
AR006,Christ King School,"Khonsa, Tirap, Arunachal Pradesh, 792130, India",Khonsa,Tirap,Arunachal Pradesh,792130,board,ICSE,Day,Co-ed.,true,26.9925901,95.5014167,,https://locate.cisce.org/,2026-08-25
AR007,Don Bosco School,"P.O. : Longding, Longding, Arunachal Pradesh, 792131, India",P.O. : Longding,Longding,Arunachal Pradesh,792131,board,ICSE,Day,Co-ed.,true,26.837169,95.3520876,,https://locate.cisce.org/,2026-08-25
AR008,Don Bosco School,"Nonpu, Papum Pare, Arunachal Pradesh, 791112, India",Nonpu,Papum Pare,Arunachal Pradesh,791112,board,ICSE,Day,Co-ed.,true,27.1580262,93.7504654,,https://locate.cisce.org/,2026-08-25
AR009,Krick & Boury Memorial School,"Tezu, Lohit, Arunachal Pradesh, 792001, India",Tezu,Lohit,Arunachal Pradesh,792001,board,ICSE,Day,Co-ed.,true,27.9276542,96.1533094,,https://locate.cisce.org/,2026-08-25
AR010,Don Bosco School,"Mebo, East Siang, Arunachal Pradesh, 791104, India",Mebo,East Siang,Arunachal Pradesh,791104,board,ICSE,Day,Co-ed.,true,28.1668906,95.409039,,https://locate.cisce.org/,2026-08-25
AR011,Don Bosco School,"Bordumsa, Changlang, Arunachal Pradesh, 792 056, India",Bordumsa,Changlang,Arunachal Pradesh,792056,board,ICSE,Day,Co-ed.,true,27.5284174,95.8934978,,https://locate.cisce.org/,2026-08-25
AR012,St. Jude School,"Avoipur, Changlang, Arunachal Pradesh, 792103, India",Avoipur,Changlang,Arunachal Pradesh,792103,board,ICSE,Day,Co-ed.,true,27.5357246,96.0888136,,https://locate.cisce.org/,2026-08-25
AR013,St. Xavier's School,"Lazu, Tirap, Arunachal Pradesh, 792130, India",Lazu,Tirap,Arunachal Pradesh,792130,board,ICSE,Day,Co-ed.,true,26.8989875,95.5774292,,https://locate.cisce.org/,2026-08-25
AR014,St. Mary's School,"Namsai, Lohit, Arunachal Pradesh, 792103, India",Namsai,Lohit,Arunachal Pradesh,792103,board,ICSE,Day,Co-ed.,true,27.6666459,95.8625935,,https://locate.cisce.org/,2026-08-25
AR015,Mount Carmel School,"Namsai, Namsai, Arunachal Pradesh, 792105, India",Namsai,Namsai,Arunachal Pradesh,792105,board,ICSE,Day,Co-ed.,true,27.6340793,95.8112732,,https://locate.cisce.org/,2026-08-25
AR016,Ferrando School,"Mahadevpur, Namsai, Arunachal Pradesh, 792105, India",Mahadevpur,Namsai,Arunachal Pradesh,792105,board,ICSE / ISC,Day/Boarding,Co-ed.,true,27.6340793,95.8112732,,https://locate.cisce.org/,2026-08-25
AR017,St. Alphonsa School,"Namsai, Namsai, Arunachal Pradesh, 792102, India",Namsai,Namsai,Arunachal Pradesh,792102,board,ICSE,Day/Boarding,Boys,true,27.8076941,96.0326987,,https://locate.cisce.org/,2026-08-25
AR018,San Bonaventure School,"Diyun, Changlang, Arunachal Pradesh, 792103, India",Diyun,Changlang,Arunachal Pradesh,792103,board,ICSE,Day,Co-ed.,true,27.5409905,96.1004566,,https://locate.cisce.org/,2026-08-25
AR019,Auxilium School,"Tezu, Lohit, Arunachal Pradesh, 792001, India",Tezu,Lohit,Arunachal Pradesh,792001,board,ICSE,Day/Boarding,Co-ed.,true,27.9276542,96.1533094,,https://locate.cisce.org/,2026-08-25
AR020,St. Joseph School,"Medo, Lohit, Arunachal Pradesh, 792102, India",Medo,Lohit,Arunachal Pradesh,792102,board,ICSE,Day,Co-ed.,true,27.8040931,96.2111266,,https://locate.cisce.org/,2026-08-25
AR021,St. Xavier's School,"Bhalukpong, West Kameng, Arunachal Pradesh, 790114, India",Bhalukpong,West Kameng,Arunachal Pradesh,790114,board,ICSE,Day,Co-ed.,true,27.0137499,92.6344812,,https://locate.cisce.org/,2026-08-25
AS001,Carmel School,"Upper Assam, Tinsukia, Assam, 786 171, India",Upper Assam,Tinsukia,Assam,786171,board,ICSE,Day,Co-ed.,true,27.395032,95.6286636,,https://locate.cisce.org/,2026-08-25
AS003,Carmel School,"JORHAT, Jorhat, Assam, 785 008, India",JORHAT,Jorhat,Assam,785008,board,ICSE / ISC,Day,Co-ed.,true,26.707144,94.2410257,,https://locate.cisce.org/,2026-08-25
AS004,The Assam Valley School,"Sonitpur, Sonitpur, Assam, 784 101, India",Sonitpur,Sonitpur,Assam,784101,board,ICSE / ISC,Residential,Co-ed.,true,26.8256582,92.775492,https://www.assamvalleyschool.org,https://locate.cisce.org/,2026-08-25
AS005,Don Bosco School,"Sashipur, Tamulpur, Assam, 781 360, India",Sashipur,Tamulpur,Assam,781360,board,ICSE / ISC,Day,Co-ed.,true,26.7874586,91.4954523,,https://locate.cisce.org/,2026-08-25
AS006,Sanskriti The Gurukul,"Guwahati, Kamrup Metropolitan, Assam, 781 035, India",Guwahati,Kamrup Metropolitan,Assam,781035,board,ICSE / ISC,Day/Boarding,Co-ed.,true,26.1051468,91.7125264,https://www.sanskritithegurukul.in,https://locate.cisce.org/,2026-08-25
AS008,Shiksha The Gurukul,"TINSUKIA, Tinsukia, Assam, 786 150, India",TINSUKIA,Tinsukia,Assam,786150,board,ICSE / ISC,Day/Residential,Co-ed.,true,27.5429216,95.5137553,https://www.shikshathegurukul.com,https://locate.cisce.org/,2026-08-25
AS009,Pranabananda International School,"Silchar, Cachar, Assam, 788003, India",Silchar,Cachar,Assam,788003,board,ICSE / ISC,Day,Co-ed.,true,24.8258329,92.7867637,,https://locate.cisce.org/,2026-08-25
BI001,Mount Assisi School,"BHAGALPUR, Bhagalpur, Bihar, 812 001, India",BHAGALPUR,Bhagalpur,Bihar,812001,board,ICSE / ISC,Day,Co-ed.,true,25.2478172,86.9870119,https://www.mountassisibgp.in,https://locate.cisce.org/,2026-08-25
BI002,Carmel School,"Barari Road, Bhagalpur, Bihar, 812 003, India",Barari Road,Bhagalpur,Bihar,812003,board,ICSE / ISC,Day,Girls,true,25.2666709,87.0228149,https://www.carmelschoolbhagalpur.com,https://locate.cisce.org/,2026-08-25
BI003,North Point Children's School,"MUZAFFARPUR, Muzaffarpur, Bihar, 842 002, India",MUZAFFARPUR,Muzaffarpur,Bihar,842002,board,ICSE / ISC,Day,Co-ed.,true,26.1134516,85.3954719,https://www.npchildrensschool.com,https://locate.cisce.org/,2026-08-25
BI004,St. Joseph's Convent High School,"PATNA, Patna, Bihar, 800 004, India",PATNA,Patna,Bihar,800004,board,ICSE / ISC,Day,Girls,true,25.6211285,85.150733,https://www.sjccjpatna.com,https://locate.cisce.org/,2026-08-25
BI005,Don Bosco Academy,"Patna, Patna, Bihar, 800 011, India",Patna,Patna,Bihar,800011,board,ICSE / ISC,Day,Co-ed.,true,25.6383439,85.1005249,https://www.donboscopatna.com,https://locate.cisce.org/,2026-08-25
BI008,St. Paul's School,"BEGUSARAI, Begusarai, Bihar, 851 101, India",BEGUSARAI,Begusarai,Bihar,851101,board,ICSE / ISC,Day,Co-ed.,true,25.4186001,86.122175,,https://locate.cisce.org/,2026-08-25
BI009,St. Paul's High School,"PATNA, Patna, Bihar, 800 011, India",PATNA,Patna,Bihar,800011,board,ICSE / ISC,Day,Co-ed.,true,25.6445298,85.0956785,,https://locate.cisce.org/,2026-08-25
BI011,St. Joseph's School,"Bhagalpur, Bhagalpur, Bihar, 812 007, India",Bhagalpur,Bhagalpur,Bihar,812007,board,ICSE / ISC,Day,Co-ed.,true,25.2406125,86.9525469,https://www.sjsbhagalpur.org,https://locate.cisce.org/,2026-08-25
BI012,St. Paul's Academy,"PATNA, Patna, Bihar, 800 001, India",PATNA,Patna,Bihar,800001,board,ICSE / ISC,Day,Co-ed.,true,25.617046,85.1285425,,https://locate.cisce.org/,2026-08-25
BI013,G E M S English School,"ROHTAS, Rohtas, Bihar, 821 307, India",ROHTAS,Rohtas,Bihar,821307,board,ICSE / ISC,Day/Residential,Co-ed.,true,24.9061239,84.191193,https://www.dehri.ges.edu.in,https://locate.cisce.org/,2026-08-25
BI014,St. John's High School,"East Boring Canal Road, Patna, Bihar, 800 001, India",East Boring Canal Road,Patna,Bihar,800001,board,ICSE / ISC,Day,Co-ed.,true,25.6159555,85.1207163,,https://locate.cisce.org/,2026-08-25
BI015,International School,"PATNA, Patna, Bihar, 800 013, India",PATNA,Patna,Bihar,800013,board,ICSE / ISC,Day,Co-ed.,true,25.6241944,85.1100762,https://international-school.in,https://locate.cisce.org/,2026-08-25
BI016,Lohia Nagar Mount Carmel High School,"PATNA, Patna, Bihar, 800 020, India",PATNA,Patna,Bihar,800020,board,ICSE / ISC,Day,Co-ed.,true,25.5932239,85.1576079,https://www.Lmcgroupedu.org,https://locate.cisce.org/,2026-08-25
BI017,St. Albert's High School,"Patel Nagar, Patna, Bihar, 800 023, India",Patel Nagar,Patna,Bihar,800023,board,ICSE,Day,Co-ed.,true,25.2011587,85.5140599,https://stalbertspatna.com,https://locate.cisce.org/,2026-08-25
BI018,Christ Church High School,"Kadam Kuan, Patna, Bihar, 800 003, India",Kadam Kuan,Patna,Bihar,800003,board,ICSE,Day,Co-ed.,true,25.6107473,85.1531276,,https://locate.cisce.org/,2026-08-25
BI020,St. Teresa's School,"BHAGALPUR, Bhagalpur, Bihar, 812005, India",BHAGALPUR,Bhagalpur,Bihar,812005,board,ICSE / ISC,Day,Co-ed.,true,25.223444,86.9840392,https://www.stsbhagalpur.org,https://locate.cisce.org/,2026-08-25
BI021,St. Joseph's School,"Kahalgaon, Bhagalpur, Bihar, 813 203, India",Kahalgaon,Bhagalpur,Bihar,813203,board,ICSE / ISC,Day,Co-ed.,true,25.2466071,87.2255414,https://www.stjosephskahalgaon.com,https://locate.cisce.org/,2026-08-25
BI022,St. M.G. Public School,"Kannu Lal Road, Patna, Bihar, 800 001, India",Kannu Lal Road,Patna,Bihar,800001,board,ICSE,Day,Co-ed.,true,25.595757,85.1291548,https://www.mgpschool.co.in,https://locate.cisce.org/,2026-08-25
BI023,Jesus And Mary Academy,"PATNA, Patna, Bihar, 800 008, India",PATNA,Patna,Bihar,800008,board,ICSE / ISC,Day,Co-ed.,true,25.5948807,85.2347905,https://www.jesusandmarypatna.com,https://locate.cisce.org/,2026-08-25
BI024,St. Xavier's High School,"Gandhi Maidan Marg, Patna, Bihar, 800 001, India",Gandhi Maidan Marg,Patna,Bihar,800001,board,ICSE / ISC,Day,Co-ed.,true,25.6199654,85.1428501,https://www.stxavierspatna.in,https://locate.cisce.org/,2026-08-25
BI025,Carmel High School,"Bailey Road, Patna, Bihar, 800 001, India",Bailey Road,Patna,Bihar,800001,board,ICSE / ISC,Day,Girls,true,25.6050106,85.0847119,https://www.patnacarmel.com,https://locate.cisce.org/,2026-08-25
BI026,Madonna English School,"DARBHANGA, Darbhanga, Bihar, 846 003, India",DARBHANGA,Darbhanga,Bihar,846003,board,ICSE,Day,Co-ed.,true,26.1360222,85.9087876,,https://locate.cisce.org/,2026-08-25
BI027,Red Carpet High School,"Rajendra Nagar, Patna, Bihar, 800 016, India",Rajendra Nagar,Patna,Bihar,800016,board,ICSE,Day,Co-ed.,true,25.6087262,85.1576153,,https://locate.cisce.org/,2026-08-25
BI028,St. Joseph's School,"Jhajha, Jamui, Bihar, 811 308, India",Jhajha,Jamui,Bihar,811308,board,ICSE,Day,Co-ed.,true,24.7744999,86.3756867,https://www.stjosephsjhajha.org,https://locate.cisce.org/,2026-08-25
BI029,St. Paul's School,"Nathnagar, Bhagalpur, Bihar, 812 004, India",Nathnagar,Bhagalpur,Bihar,812004,board,ICSE / ISC,Day,Co-ed.,true,25.2460298,86.9355992,https://www.spsbhagalpur.com,https://locate.cisce.org/,2026-08-25
BI030,St. Joseph's School,"Jagatpur, Banka, Bihar, 813 102, India",Jagatpur,Banka,Bihar,813102,board,ICSE / ISC,Day,Co-ed.,true,25.6668917,84.6034271,https://www.sjsbanka.com,https://locate.cisce.org/,2026-08-25
BI031,Holy Family School,"BHAGALPUR, Bhagalpur, Bihar, 813 210, India",BHAGALPUR,Bhagalpur,Bihar,813210,board,ICSE / ISC,Day,Co-ed.,true,25.2383467,87.0230691,https://www.holyfamilyschoolbgp.com,https://locate.cisce.org/,2026-08-25
BI032,St. Joseph's Convent High School,"PATNA, Patna, Bihar, 803 201, India",PATNA,Patna,Bihar,803201,board,ICSE,Day,Girls,true,25.5368899,85.2851801,https://www.sjcjethuli.in,https://locate.cisce.org/,2026-08-25
BI033,St. Joseph's School,"JAMUI, Jamui, Bihar, 811 307, India",JAMUI,Jamui,Bihar,811307,board,ICSE / ISC,Day,Co-ed.,true,24.9264073,86.2204552,,https://locate.cisce.org/,2026-08-25
BI034,The Bishop's Heritage School,"Patna, Patna, Bihar, 801 103, India",Patna,Patna,Bihar,801103,board,ICSE,Day,Co-ed.,true,25.6045338,85.0774098,,https://locate.cisce.org/,2026-08-25
BI035,Ld Don Bosco School,"Bhagalpur, Bhagalpur, Bihar, 812001, India",Bhagalpur,Bhagalpur,Bihar,812001,board,ICSE,Day,Co-ed.,true,25.2546439,86.9815082,https://www.lddonboscoschool.com,https://locate.cisce.org/,2026-08-25
BI036,Don Bosco School,"Katihar, Katihar, Bihar, 854 105, India",Katihar,Katihar,Bihar,854105,board,ICSE / ISC,Day,Co-ed.,true,25.5426205,87.5550361,https://www.donboscoschoolkatihar.com,https://locate.cisce.org/,2026-08-25
BI037,Carmel School,"BUXAR, Buxar, Bihar, 802 116, India",BUXAR,Buxar,Bihar,802116,board,ICSE / ISC,Day,Co-ed.,true,25.5854279,84.0246733,,https://locate.cisce.org/,2026-08-25
BI038,The Kirk View School,"GAYA, Gaya, Bihar, 823001, India",GAYA,Gaya,Bihar,823001,board,ICSE / ISC,Day,Co-ed.,true,24.7913957,85.0002336,https://thekirkviewschool.org,https://locate.cisce.org/,2026-08-25
BI039,Ursuline Convent English Medium School,"Purnea City, Purnia, Bihar, 854302, India",Purnea City,Purnia,Bihar,854302,board,ICSE / ISC,Day,Co-ed.,true,25.7710348,87.4775376,https://www.ucemspc.com,https://locate.cisce.org/,2026-08-25
BI040,St. Francis Academy,"Motihari, East Champaran, Bihar, 845401, India",Motihari,East Champaran,Bihar,845401,board,ICSE,Day,Co-ed.,true,26.632356,84.9114976,https://www.stfrancismotihari.com,https://locate.cisce.org/,2026-08-25
BI042,Nazareth Academy,"MOKAMA, Patna, Bihar, 803302, India",MOKAMA,Patna,Bihar,803302,board,ICSE,Day,Boys,true,25.3897077,85.9204475,,https://locate.cisce.org/,2026-08-25
BI043,St. Paul's Academy,"Hajipur, Vaishali, Bihar, 844101, India",Hajipur,Vaishali,Bihar,844101,board,ICSE,Day,Co-ed.,true,25.6751896,85.224369,https://www.stpaulsacademyhajipur.in,https://locate.cisce.org/,2026-08-25
BI044,St. Mary's School (English Medium),"BUXAR, Buxar, Bihar, 802101, India",BUXAR,Buxar,Bihar,802101,board,ICSE / ISC,Day,Co-ed.,true,25.5568322,83.9628554,https://www.stmarysschoolbxr.org,https://locate.cisce.org/,2026-08-25
BI045,St Xavier's School,"PURNEA, Purnia, Bihar, 854301, India",PURNEA,Purnia,Bihar,854301,board,ICSE,Day,Co-ed.,true,25.8127833,87.485158,https://www.stxaviersschoolbaghmara.com,https://locate.cisce.org/,2026-08-25
BI046,Darbhanga Junior Public School,"Darbhanga, Darbhanga, Bihar, 846008, India",Darbhanga,Darbhanga,Bihar,846008,board,ICSE,Day,Co-ed.,true,26.1231394,85.9027755,https://www.schooldjps.com/,https://locate.cisce.org/,2026-08-25
BI047,Gyanasthali High School,"BARH, Patna, Bihar, 803321, India",BARH,Patna,Bihar,803321,board,ICSE,Day,Co-ed.,true,25.4879929,85.7369172,,https://locate.cisce.org/,2026-08-25
BI048,Gems English School,"Aurangabad, Aurangabad, Bihar, 824121, India",Aurangabad,Aurangabad,Bihar,824121,board,ICSE,Day,Co-ed.,true,24.8055542,84.3200184,https://aurangabad.ges.edu.in,https://locate.cisce.org/,2026-08-25
BI049,GEMS ENGLISH SCHOOL,"DARBHANGA, Darbhanga, Bihar, 847429, India",DARBHANGA,Darbhanga,Bihar,847429,board,ICSE,Day,Co-ed.,true,26.1388547,85.9202028,,https://locate.cisce.org/,2026-08-25
BI050,Rajendra Vidyalaya,"SASARAM, Rohtas, Bihar, 821115, India",SASARAM,Rohtas,Bihar,821115,board,ICSE,Day,Co-ed.,true,24.6287405,83.9201656,,https://locate.cisce.org/,2026-08-25
BI051,Notre Dame High School,"Arrah, Bhojpur, Bihar, 802301, India",Arrah,Bhojpur,Bihar,802301,board,ICSE,Day,Co-ed.,true,25.5807366,84.6746342,https://www.notredamehighschool.in,https://locate.cisce.org/,2026-08-25
BI052,Nirmala Academy,"DARBHANGA, Darbhanga, Bihar, 846009, India",DARBHANGA,Darbhanga,Bihar,846009,board,ICSE,Day,Co-ed.,true,25.9980514,85.8921123,https://www.nirmalaacademycic.com/,https://locate.cisce.org/,2026-08-25
BI053,B P Indraprastha International School,"MUZAFFARPUR, Muzaffarpur, Bihar, 842002, India",MUZAFFARPUR,Muzaffarpur,Bihar,842002,board,ICSE,Day/Boarding,Co-ed.,true,26.1040624,85.3992624,https://indraprasthamuzaffarpur.com/,https://locate.cisce.org/,2026-08-25
BI054,St. Xavier's School,"Arrah, Bhojpur, Bihar, 802301, India",Arrah,Bhojpur,Bihar,802301,board,ICSE,Day,Co-ed.,true,25.5516936,84.6705998,https://www.stxaviersara.in,https://locate.cisce.org/,2026-08-25
BI055,St. Basil's School,"RAXAUL, East Champaran, Bihar, 845305, India",RAXAUL,East Champaran,Bihar,845305,board,ICSE,Day,Co-ed.,true,26.9818202,84.8429331,https://www.stbasilsschoolraxaul.com,https://locate.cisce.org/,2026-08-25
BI056,St Alphonsa School,"CHANDAN, Banka, Bihar, 814131, India",CHANDAN,Banka,Bihar,814131,board,ICSE,Day,Co-ed.,true,24.6152356,86.6686635,https://www.stalphonsajhingajhal.in,https://locate.cisce.org/,2026-08-25
BI057,The Maalinyai School,"Patna, Patna, Bihar, 800026, India",Patna,Patna,Bihar,800026,board,ICSE,Day,Co-ed.,true,25.5932954,85.179546,https://www.maalinyaischool.org,https://locate.cisce.org/,2026-08-25
BI058,Gems English School,"BHABUA, Kaimur, Bihar, 821109, India",BHABUA,Kaimur,Bihar,821109,board,ICSE,Day,Co-ed.,true,25.1030396,83.6375032,https://www.bare.ges.edu.in,https://locate.cisce.org/,2026-08-25
BI059,St. Teresa's School,"BHAGALPUR, Bhagalpur, Bihar, 813209, India",BHAGALPUR,Bhagalpur,Bihar,813209,board,ICSE,Day,Co-ed.,false,25.2145846,87.3723884,,https://locate.cisce.org/,2026-08-25
BI060,Holy Family School,"BHAGALPUR, Bhagalpur, Bihar, 812005, India",BHAGALPUR,Bhagalpur,Bihar,812005,board,ICSE,Day,Co-ed.,false,25.1757756,86.9674145,,https://locate.cisce.org/,2026-08-25
BI061,Krishna International Public School,"Jehanabad, Jehanabad, Bihar, 804429, India",Jehanabad,Jehanabad,Bihar,804429,board,ICSE,Day,Co-ed.,false,25.203312,84.9186993,,https://locate.cisce.org/,2026-08-25
BI062,St. Joseph Catholic School,"KOCHAS, Rohtas, Bihar, 821112, India",KOCHAS,Rohtas,Bihar,821112,board,ICSE,Day,Co-ed.,false,25.2317563,83.9217774,https://www.sjcskochas.org,https://locate.cisce.org/,2026-08-25
BI063,Delhi Public School,"MUZAFFARPUR, Muzaffarpur, Bihar, 843118, India",MUZAFFARPUR,Muzaffarpur,Bihar,843118,board,ICSE,Day,Co-ed.,false,26.1200852,85.5336466,https://dpssharfuddinpur.com,https://locate.cisce.org/,2026-08-25
BI064,Birla Open Minds International School Aurangabad,"AURANGABAD, Aurangabad, Bihar, 824101, India",AURANGABAD,Aurangabad,Bihar,824101,board,ICSE,Day,Co-ed.,false,24.7519282,84.3803763,https://bomis.org.in,https://locate.cisce.org/,2026-08-25
CG001,Rajkumar College,"G.E. Road, Raipur, Chhattisgarh, 492 013, India",G.E. Road,Raipur,Chhattisgarh,492013,board,ICSE / ISC,Day/Residential,Co-ed.,true,21.2493676,81.5238874,,https://locate.cisce.org/,2026-08-25
CG002,Salem English School,"RAIPUR, Raipur, Chhattisgarh, 492 001, India",RAIPUR,Raipur,Chhattisgarh,492001,board,ICSE / ISC,Day,Co-ed.,true,21.2513844,81.6296413,,https://locate.cisce.org/,2026-08-25
CG004,Carmel Convent Senior Secondary School,"Laxmipur, Raigarh, Chhattisgarh, 496 001, India",Laxmipur,Raigarh,Chhattisgarh,496001,board,ICSE / ISC,Day,Co-ed.,true,20.0005395,80.6188328,https://raigarhcarmel.in/,https://locate.cisce.org/,2026-08-25
CG005,St. Xavier's High School,"P.O. Ravigram, Raipur, Chhattisgarh, 492 006, India",P.O. Ravigram,Raipur,Chhattisgarh,492006,board,ICSE / ISC,Day,Co-ed.,true,21.2380498,81.6634342,https://www.ryangroup.org,https://locate.cisce.org/,2026-08-25
CG006,St. Xavier's Senior Secondary School,"Dhamtari, Dhamtari, Chhattisgarh, 493 773, India",Dhamtari,Dhamtari,Chhattisgarh,493773,board,ICSE / ISC,Day,Co-ed.,true,20.683026,81.5478298,,https://locate.cisce.org/,2026-08-25
CG007,St. Xavier's High School,"DURG, Durg, Chhattisgarh, 491 001, India",DURG,Durg,Chhattisgarh,491001,board,ICSE / ISC,Day,Co-ed.,true,21.1590211,81.3074415,,https://locate.cisce.org/,2026-08-25
CG008,Royal Kids' Convent,"G.E. Road, Rajnandgaon, Chhattisgarh, 491 441, India",G.E. Road,Rajnandgaon,Chhattisgarh,491441,board,ICSE / ISC,Day,Co-ed.,true,19.0894537,82.0331719,https://www.royalkidsconvent.com,https://locate.cisce.org/,2026-08-25
CG009,Prakash Vidyalaya,"Bailadila, Dantewada, Chhattisgarh, 494 556, India",Bailadila,Dantewada,Chhattisgarh,494556,board,ICSE / ISC,Day,Co-ed.,true,18.6333668,81.2558974,,https://locate.cisce.org/,2026-08-25
CG010,Carmel Convent English Medium High School,"Bishrampur, Surajpur, Chhattisgarh, 497 226, India",Bishrampur,Surajpur,Chhattisgarh,497226,board,ICSE / ISC,Day,Co-ed.,true,23.1853347,82.9675226,,https://locate.cisce.org/,2026-08-25
CG011,The Radiant Way School,"Raipur, Raipur, Chhattisgarh, 492 010, India",Raipur,Raipur,Chhattisgarh,492010,board,ICSE / ISC,Day,Co-ed.,true,21.3027448,81.6091312,https://radiantwayschool.com,https://locate.cisce.org/,2026-08-25
CG016,Prakash Vidyalaya,"Bacheli, Dantewada, Chhattisgarh, 494 553, India",Bacheli,Dantewada,Chhattisgarh,494553,board,ICSE,Day,Co-ed.,true,18.6694775,81.2684019,,https://locate.cisce.org/,2026-08-25
CG017,Carmel Public School,"RAIPUR, Raipur, Chhattisgarh, 493 114, India",RAIPUR,Raipur,Chhattisgarh,493114,board,ICSE / ISC,Day,Co-ed.,true,21.5299855,81.805607,,https://locate.cisce.org/,2026-08-25
CG018,Sacred Heart High School,"BALODA BAZAR, Raipur, Chhattisgarh, 493 332, India",BALODA BAZAR,Raipur,Chhattisgarh,493332,board,ICSE / ISC,Day,Co-ed.,true,21.6570941,82.1612298,https://shschoolbb.ac.in,https://locate.cisce.org/,2026-08-25
CG019,Nirmal Niketan School,"Dantewada, Dantewada, Chhattisgarh, 494 441, India",Dantewada,Dantewada,Chhattisgarh,494441,board,ICSE,Day,Co-ed.,true,18.9908431,81.3439695,,https://locate.cisce.org/,2026-08-25
CG020,M.S.B. Educational Institute,"RAIPUR, Raipur, Chhattisgarh, 492 001, India",RAIPUR,Raipur,Chhattisgarh,492001,board,ICSE,Day,Co-ed.,true,21.2462357,81.6333357,,https://locate.cisce.org/,2026-08-25
CG021,St. Anne's English Medium School,"KURUD, Dhamtari, Chhattisgarh, 493663, India",KURUD,Dhamtari,Chhattisgarh,493663,board,ICSE,Day/Boarding,Co-ed.,true,20.8303531,81.708443,,https://locate.cisce.org/,2026-08-25
CG022,St. Mary's English Medium School,"Raipur, Raipur, Chhattisgarh, 492004, India",Raipur,Raipur,Chhattisgarh,492004,board,ICSE / ISC,Day/Boarding,Co-ed.,true,21.2460118,81.6706688,https://www.stmarysemschoolsmmi.com,https://locate.cisce.org/,2026-08-25
CG023,St. Stephen's Model School,"BASNA, Mahasamund, Chhattisgarh, 493555, India",BASNA,Mahasamund,Chhattisgarh,493555,board,ICSE / ISC,Day,Co-ed.,true,21.3165792,82.7785318,,https://locate.cisce.org/,2026-08-25
CG024,Adeshwar Public School,"KONDAGAON, Kondagaon, Chhattisgarh, 494226, India",KONDAGAON,Kondagaon,Chhattisgarh,494226,board,ICSE / ISC,Day,Co-ed.,true,19.5583587,81.6829431,,https://locate.cisce.org/,2026-08-25
CG025,Ursuline English Medium School,"AMBIKAPUR, Surguja, Chhattisgarh, 497001, India",AMBIKAPUR,Surguja,Chhattisgarh,497001,board,ICSE / ISC,Day,Co-ed.,true,23.1326757,83.1880207,https://www.uemsambikapur.in,https://locate.cisce.org/,2026-08-25
CG026,Foliage Public School,"Bilaspur, Bilaspur, Chhattisgarh, 495224, India",Bilaspur,Bilaspur,Chhattisgarh,495224,board,ICSE,Day,Co-ed.,true,21.9628018,82.0490856,,https://locate.cisce.org/,2026-08-25
CG027,Shri Sai International School,"KANKER, Kanker, Chhattisgarh, 494334, India",KANKER,Kanker,Chhattisgarh,494334,board,ICSE,Day/Boarding,Co-ed.,true,20.2616974,81.3839326,,https://locate.cisce.org/,2026-08-25
CG028,St. Xavier's High School,"Bilaspur, Bilaspur, Chhattisgarh, 495001, India",Bilaspur,Bilaspur,Chhattisgarh,495001,board,ICSE,Day,Co-ed.,true,22.0937793,82.1536696,https://www.stxavierssarkanda.com,https://locate.cisce.org/,2026-08-25
CG029,St. Xavier's High School,"Bilaspur, Bilaspur, Chhattisgarh, 495001, India",Bilaspur,Bilaspur,Chhattisgarh,495001,board,ICSE,Day,Co-ed.,true,22.0460871,82.1466934,https://stxavierssirgitti.in,https://locate.cisce.org/,2026-08-25
CG030,Shri Durga Gurukulam School,"BALRAMPUR, Balrampur, Chhattisgarh, 497119, India",BALRAMPUR,Balrampur,Chhattisgarh,497119,board,ICSE,Day,Co-ed.,false,23.5940532,83.6268616,https://WWW.shridurgagurukulam.com,https://locate.cisce.org/,2026-08-25
CH004,St. Xavier's Senior Secondary School,"CHANDIGARH, Chandigarh, Chandigarh, 160 047, India",CHANDIGARH,Chandigarh,Chandigarh,160047,board,ICSE / ISC,Day/Residential,Co-ed.,true,30.7091155,76.7516874,https://stxaviers.com,https://locate.cisce.org/,2026-08-25
CH005,St. Stephen's School,"CHANDIGARH, Chandigarh, Chandigarh, 160 047, India",CHANDIGARH,Chandigarh,Chandigarh,160047,board,ICSE / ISC,Day,Co-ed.,true,30.7080246,76.7650318,,https://locate.cisce.org/,2026-08-25
CH007,TENDER HEART HIGH SCHOOL,"CHANDIGARH, Chandigarh, Chandigarh, 160 020, India",CHANDIGARH,Chandigarh,Chandigarh,160020,board,ICSE,Day,Co-ed.,true,30.7143217,76.7747687,https://tenderheartschool.in,https://locate.cisce.org/,2026-08-25
CH008,Strawberry Fields High School,"CHANDIGARH, Chandigarh, Chandigarh, 160 019, India",CHANDIGARH,Chandigarh,Chandigarh,160019,board,ICSE / ISC,Day,Co-ed.,true,30.7299586,76.8101038,https://www.strawberryfieldshighschool.com,https://locate.cisce.org/,2026-08-25
CH009,C.l. Aggarwal Dav Model School,"CHANDIGARH, Chandigarh, Chandigarh, 160019, India",CHANDIGARH,Chandigarh,Chandigarh,160019,board,ICSE,Day,Co-ed.,true,30.7356404,76.8036144,https://www.claggarwaldavchd.com,https://locate.cisce.org/,2026-08-25
DE001,The Frank Anthony Public School,"NEW DELHI, South Delhi, New Delhi, 110 024, India",NEW DELHI,South Delhi,New Delhi,110024,board,ICSE / ISC,Day,Co-ed.,true,28.5642859,77.2369229,,https://locate.cisce.org/,2026-08-25
DE004,Swami Hariharanand Public School,"DELHI, North Delhi, New Delhi, 110 006, India",DELHI,North Delhi,New Delhi,110006,board,ICSE,Day,Co-ed.,true,28.6607474,77.238251,,https://locate.cisce.org/,2026-08-25
DE005,Don Bosco Technical Institute,"South Delhi, South Delhi, New Delhi, 110 025, India",South Delhi,South Delhi,New Delhi,110025,board,CVE,Day/Residential,Co-ed.,true,28.5610731,77.2827598,,https://locate.cisce.org/,2026-08-25
GO001,Manovikas English Medium School,"Margao, South Goa, Goa, 403 602, India",Margao,South Goa,Goa,403602,board,ICSE / ISC,Day,Co-ed.,true,15.2938703,73.9903489,https://manovikas.edu.in,https://locate.cisce.org/,2026-08-25
GO002,Sharada Mandir School,"Panaji, North Goa, Goa, 403 001, India",Panaji,North Goa,Goa,403001,board,ICSE / ISC,Day,Co-ed.,true,15.4774686,73.8121396,,https://locate.cisce.org/,2026-08-25
GO003,Mater Dei Institution,"Bardez, South Goa, Goa, 403 511, India",Bardez,South Goa,Goa,403511,board,ICSE,Day,Co-ed.,true,15.5462545,73.789068,,https://locate.cisce.org/,2026-08-25
GO005,St. Andrew's School,"Vasco da Gama, South Goa, Goa, 403802, India",Vasco da Gama,South Goa,Goa,403802,board,ICSE / ISC,Day,Co-ed.,true,15.399596,73.8173423,,https://locate.cisce.org/,2026-08-25
GO006,G. V. M' S Utkarsh Vidyamandir,"Ponda, North Goa, Goa, 403401, India",Ponda,North Goa,Goa,403401,board,ICSE,Day,Co-ed.,true,15.4003,74.0038,https://utkarshvidyamandir.com/,https://locate.cisce.org/,2026-08-25
GO007,Sharada Mandir School,"OLD GOA, North Goa, Goa, 403110, India",OLD GOA,North Goa,Goa,403110,board,ICSE,Day,Co-ed.,true,15.5013509,73.9134937,https://www.sharadamandir.edu.in,https://locate.cisce.org/,2026-08-25
GO008,St. Francis School,"Mapusa, North Goa, Goa, 403526, India",Mapusa,North Goa,Goa,403526,board,ICSE,Day,Co-ed.,true,15.6132462,73.8249973,,https://locate.cisce.org/,2026-08-25
GO009,Jnyan Vikas School,"Bardez, North Goa, Goa, 403521, India",Bardez,North Goa,Goa,403521,board,ICSE,Day,Co-ed.,true,15.5214797,73.8207813,https://www.jnyanvikasschool.com,https://locate.cisce.org/,2026-08-25
GU001,S.d.a. Higher Secondary School,"Maninagar East, Ahmedabad, Gujarat, 380 008, India",Maninagar East,Ahmedabad,Gujarat,380008,board,ICSE / ISC,Day,Co-ed.,true,22.9791758,72.5959874,,https://locate.cisce.org/,2026-08-25
GU002,Metas Adventist School,"Athwa Lines, Surat, Gujarat, 395 001, India",Athwa Lines,Surat,Gujarat,395001,board,ICSE / ISC,Day,Co-ed.,true,21.1791991,72.8105342,https://www.suratschool.metasofsda.in,https://locate.cisce.org/,2026-08-25
GU003,S.N. Kansagra School,"RAJKOT, Rajkot, Gujarat, 360 005, India",RAJKOT,Rajkot,Gujarat,360005,board,ICSE / ISC,Day,Co-ed.,true,22.2876452,70.7622956,https://www.tges.org,https://locate.cisce.org/,2026-08-25
GU004,Queen Of Angels' Convent Higher Secondary School,"BHARUCH, Bharuch, Gujarat, 392 015, India",BHARUCH,Bharuch,Gujarat,392015,board,ICSE / ISC,Day,Co-ed.,true,21.7319993,72.6291514,,https://locate.cisce.org/,2026-08-25
GU005,Atul Vidyalaya,"Atul, Valsad, Gujarat, 396 020, India",Atul,Valsad,Gujarat,396020,board,ICSE / ISC,Day,Co-ed.,true,20.5370052,72.9413502,https://www.atulvidyalaya.ac.in/,https://locate.cisce.org/,2026-08-25
GU006,Seventh-day Adventist Higher Secondary School,"Vijalpur, Navsari, Gujarat, 396 450, India",Vijalpur,Navsari,Gujarat,396450,board,ICSE / ISC,Day,Co-ed.,true,20.9385756,72.9220516,,https://locate.cisce.org/,2026-08-25
GU007,Eklavya School,"AHMEDABAD, Ahmedabad, Gujarat, 382 210, India",AHMEDABAD,Ahmedabad,Gujarat,382210,board,ICSE / ISC,Day,Co-ed.,true,22.966896,72.4709341,https://www.eklavya.org,https://locate.cisce.org/,2026-08-25
GU008,Anand Niketan,"Shilaj, Ahmedabad, Gujarat, 380 058, India",Shilaj,Ahmedabad,Gujarat,380058,board,ICSE / ISC,Day,Co-ed.,true,23.052317,72.4835883,https://www.anandniketan.org,https://locate.cisce.org/,2026-08-25
GU009,M. S. B. Educational Institute,"Lilisra, Panchmahal, Gujarat, 389 001, India",Lilisra,Panchmahal,Gujarat,389001,board,ICSE / ISC,Day,Co-ed.,true,22.7788044,73.6142795,,https://locate.cisce.org/,2026-08-25
GU010,Seventh Day Adventist High School,"Vyara, Surat, Gujarat, 394 650, India",Vyara,Surat,Gujarat,394650,board,ICSE / ISC,Day/Residential,Co-ed.,true,21.0930868,73.3384471,,https://locate.cisce.org/,2026-08-25
GU011,Amarjyoti Saraswati International School,"Kalvibid, Bhavnagar, Gujarat, 364 002, India",Kalvibid,Bhavnagar,Gujarat,364002,board,ICSE / ISC,Day,Co-ed.,true,21.7394688,72.143597,https://www.theasis.org,https://locate.cisce.org/,2026-08-25
GU012,Ryan International School,"Dumas Road, Surat, Gujarat, 395 007, India",Dumas Road,Surat,Gujarat,395007,board,ICSE / ISC,Day,Co-ed.,true,21.1466932,72.7599657,https://www.ryaninterantional.org,https://locate.cisce.org/,2026-08-25
GU013,S. G. V. P. International School,"Chharodi, Ahmedabad, Gujarat, 382 481, India",Chharodi,Ahmedabad,Gujarat,382481,board,ICSE / ISC,Day/Residential,Boys,true,23.122946,72.5387207,https://www.sgvp.org,https://locate.cisce.org/,2026-08-25
GU014,Zydus School For Excellence,"Ahmedabad , Ahmedabad, Gujarat, 380 058, India",Ahmedabad,Ahmedabad,Gujarat,380058,board,ICSE / ISC,Day,Co-ed.,true,23.0053051,72.5367504,https://www.zydusschool.org,https://locate.cisce.org/,2026-08-25
GU015,J.G. International School,"AHMEDABAD, Ahmedabad, Gujarat, 380 061, India",AHMEDABAD,Ahmedabad,Gujarat,380061,board,ICSE / ISC,Day,Co-ed.,true,23.064053,72.526074,https://www.jginternationalschool.in,https://locate.cisce.org/,2026-08-25
GU016,Nalanda International School,"VADODARA, Vadodara, Gujarat, 391 101, India",VADODARA,Vadodara,Gujarat,391101,board,ICSE / ISC,Day,Co-ed.,true,22.3198544,73.1050789,https://www.nalandaschool.org,https://locate.cisce.org/,2026-08-25
GU017,Al Madrasa-Tus-Saifiya-Tul-Burhaniah,"Rajkot, Rajkot, Gujarat, 360006, India",Rajkot,Rajkot,Gujarat,360006,board,ICSE / ISC,Day,Co-ed.,true,22.3686263,70.7340762,,https://locate.cisce.org/,2026-08-25
GU018,Smt. S.M. Vaghasia English Medium School,"AMRELI, Amreli, Gujarat, 365 601, India",AMRELI,Amreli,Gujarat,365601,board,ICSE,Day/Residential,Co-ed.,true,21.5893961,71.2223191,https://www.lptshgsankulamreli.org,https://locate.cisce.org/,2026-08-25
GU019,Lalji Mehrotra Lions School,"Ahmedabad, Ahmedabad, Gujarat, 380 060, India",Ahmedabad,Ahmedabad,Gujarat,380060,board,ICSE / ISC,Day,Co-ed.,true,23.0974358,72.5314579,https://www.lmlschool.com,https://locate.cisce.org/,2026-08-25
GU020,S. N. V. International School,"Nadiad, Kheda, Gujarat, 387370, India",Nadiad,Kheda,Gujarat,387370,board,ICSE / ISC,Day,Co-ed.,true,22.6340518,72.9057573,https://www.snvschool.org,https://locate.cisce.org/,2026-08-25
GU021,Anand Niketan,"Satellite, Ahmedabad, Gujarat, 380 015, India",Satellite,Ahmedabad,Gujarat,380015,board,ICSE / ISC,Day,Co-ed.,true,23.0301227,72.5178289,,https://locate.cisce.org/,2026-08-25
GU022,The New Tulip International School,"AHMEDABAD, Ahmedabad, Gujarat, 380 058, India",AHMEDABAD,Ahmedabad,Gujarat,380058,board,ICSE / ISC,Day,Co-ed.,true,23.0378914,72.4687152,,https://locate.cisce.org/,2026-08-25
GU023,Ryan International School,"Taluka Palsana, Surat, Gujarat, 394 310, India",Taluka Palsana,Surat,Gujarat,394310,board,ICSE,Day,Co-ed.,true,22.7060498,70.4667936,,https://locate.cisce.org/,2026-08-25
GU024,Saint Paul's School,"RAJKOT, Rajkot, Gujarat, 360 005, India",RAJKOT,Rajkot,Gujarat,360005,board,ICSE / ISC,Day,Co-ed.,true,22.290483,70.7432074,https://www.saintpaulsrajkot.org,https://locate.cisce.org/,2026-08-25
GU025,Billabong High International School,"Near Royal Acres, Vadodara, Gujarat, 390 010 , India",Near Royal Acres,Vadodara,Gujarat,390010,board,ICSE / ISC,Day,Co-ed.,true,22.2648023,73.1689322,https://www.kkel.com,https://locate.cisce.org/,2026-08-25
GU027,Divine International School,"Nikol, Ahmedabad, Gujarat, 382 350, India",Nikol,Ahmedabad,Gujarat,382350,board,ICSE,Day,Co-ed.,true,23.0539459,72.6646371,https://www.divineinterntaional.org,https://locate.cisce.org/,2026-08-25
GU028,Swaminarayan Dham International School,"GANDHINAGAR, Gandhinagar, Gujarat, 382 009, India",GANDHINAGAR,Gandhinagar,Gujarat,382009,board,ICSE / ISC,Day,Co-ed.,true,23.1858523,72.6387912,https://www.sdis.edu.in,https://locate.cisce.org/,2026-08-25
GU030,Vapi Public School,"Vapi, Valsad, Gujarat, 396 191, India",Vapi,Valsad,Gujarat,396191,board,ICSE / ISC,Day,Co-ed.,true,20.4411348,72.8814619,https://www.vapipublicschool.in,https://locate.cisce.org/,2026-08-25
GU031,Madhav International School,"Ahmedabad, Ahmedabad, Gujarat, 382418, India",Ahmedabad,Ahmedabad,Gujarat,382418,board,ICSE / ISC,Day,Co-ed.,true,23.0023571,72.663899,https://www.madhavinternationalschool.org,https://locate.cisce.org/,2026-08-25
GU033,Angel English Medium School,"Vyara, Surat, Gujarat, 394650, India",Vyara,Surat,Gujarat,394650,board,ICSE / ISC,Day,Co-ed.,true,21.1104293,73.3861266,,https://locate.cisce.org/,2026-08-25
GU034,Redbricks School,"Village Santej, Gandhinagar, Gujarat, 382721, India",Village Santej,Gandhinagar,Gujarat,382721,board,ICSE / ISC,Day,Co-ed.,true,23.1018926,72.474632,https://www.redbricks-school.org,https://locate.cisce.org/,2026-08-25
GU035,S. B. Sharma World School,"Jamnagar, Jamnagar, Gujarat, 361006, India",Jamnagar,Jamnagar,Gujarat,361006,board,ICSE / ISC,Day,Co-ed.,true,22.4689908,70.0443411,https://www.sbsworldschool.org,https://locate.cisce.org/,2026-08-25
GU037,Dr. Vijaypat Singhania School,"KILLA PARDI, Valsad, Gujarat, 396125, India",KILLA PARDI,Valsad,Gujarat,396125,board,ICSE / ISC,Day,Co-ed.,true,20.5124532,72.947993,https://www.singhaniaschoolvapi.com,https://locate.cisce.org/,2026-08-25
GU038,Jamnabai Narsee School,"Gandhinagar, Gandhinagar, Gujarat, 382355, India",Gandhinagar,Gandhinagar,Gujarat,382355,board,ICSE / ISC,Day,Co-ed.,true,23.0387519,72.6825629,https://www.jnsgiftcity.org,https://locate.cisce.org/,2026-08-25
GU039,Mother Teresa Memorial School,"AHMEDABAD, Ahmedabad, Gujarat, 380058, India",AHMEDABAD,Ahmedabad,Gujarat,380058,board,ICSE,Day,Co-ed.,true,23.0031049,72.4536027,https://www.motherteresamemorialschool.in,https://locate.cisce.org/,2026-08-25
GU040,St Xavier's Public School,"GANDHIDHAM, Kutch, Gujarat, 370205, India",GANDHIDHAM,Kutch,Gujarat,370205,board,ICSE / ISC,Day,Co-ed.,true,23.0559892,70.0873272,https://stxaviersshinai.com,https://locate.cisce.org/,2026-08-25
GU041,Surya Varsani Academy,"BHUJ, Kutch, Gujarat, 370427, India",BHUJ,Kutch,Gujarat,370427,board,ICSE,Day/Residential,Co-ed.,true,23.1661234,69.637584,https://www.sva.school,https://locate.cisce.org/,2026-08-25
GU042,Alpha International School,"AHMEDABAD, Ahmedabad, Gujarat, 380060, India",AHMEDABAD,Ahmedabad,Gujarat,380060,board,ICSE,Day,Co-ed.,true,23.1068758,72.5251293,https://www.alphaschoolahmedabad.com,https://locate.cisce.org/,2026-08-25
GU043,St. Xavier's Public School,"JUNAGADH, Junagadh, Gujarat, 362002, India",JUNAGADH,Junagadh,Gujarat,362002,board,ICSE,Day,Co-ed.,true,21.5604004,70.3620122,,https://locate.cisce.org/,2026-08-25
GU044,New Era Global School,"MORBI, Rajkot, Gujarat, 363641, India",MORBI,Rajkot,Gujarat,363641,board,ICSE,Day/Residential,Co-ed.,true,22.7419128,70.793247,https://www.neweraglobalschool.org,https://locate.cisce.org/,2026-08-25
GU045,St. Xavier's School,"MEHSANA, Mehsana, Gujarat, 384002, India",MEHSANA,Mehsana,Gujarat,384002,board,ICSE,Day,Co-ed.,true,23.6206669,72.3789701,https://app.stxaviermehsana.org,https://locate.cisce.org/,2026-08-25
GU046,Edunova Global Public School,"AHMEDABAD, Ahmedabad, Gujarat, 382435, India",AHMEDABAD,Ahmedabad,Gujarat,382435,board,ICSE,Day/Boarding,Co-ed.,true,22.9393789,72.6654211,https://edunova.ac.in,https://locate.cisce.org/,2026-08-25
GU047,Little Steps School,"Surendranagar, Surendranagar, Gujarat, 363002, India",Surendranagar,Surendranagar,Gujarat,363002,board,ICSE,Day,Co-ed.,false,22.7163982,71.6301631,,https://locate.cisce.org/,2026-08-25
GU048,Kusumben Mohanlal Gosrani International School,"jamnagar, Jamnagar, Gujarat, 361004, India",jamnagar,Jamnagar,Gujarat,361004,board,ICSE,Day,Co-ed.,false,22.4622952,70.0663617,https://kmgis.oshwaleducationtrust.org,https://locate.cisce.org/,2026-08-25
GU049,Divine Mercy School,"Umargam, Valsad, Gujarat, 396165, India",Umargam,Valsad,Gujarat,396165,board,ICSE,Day,Co-ed.,false,20.1488233,72.7782035,,https://locate.cisce.org/,2026-08-25
HA001,St. Paul's High School,"Ambala City, Ambala, Haryana, 134 003, India",Ambala City,Ambala,Haryana,134003,board,ICSE,Day,Co-ed.,true,30.3598937,76.7956575,https://www.stpaulsambala.org,https://locate.cisce.org/,2026-08-25
HA002,St. Thomas Higher Secondary School,"Jagadhri, Yamunanagar, Haryana, 135 003, India",Jagadhri,Yamunanagar,Haryana,135003,board,ICSE / ISC,Day,Co-ed.,true,30.1647425,77.2979025,,https://locate.cisce.org/,2026-08-25
HA003,Bell Toll Public School,"Ambala City, Ambala, Haryana, 134 002, India",Ambala City,Ambala,Haryana,134002,board,ICSE,Day,Co-ed.,true,30.6609635,76.2967499,,https://locate.cisce.org/,2026-08-25
HA004,St. Joseph's High School,"Mandi Dabwali, Sirsa, Haryana, 125 104, India",Mandi Dabwali,Sirsa,Haryana,125104,board,ICSE,Day,Co-ed.,true,29.948049,74.7341349,https://www.stjosephpilar.com,https://locate.cisce.org/,2026-08-25
HA008,St. Kabir's Residential & Day School,"Dabra Road, Hisar, Haryana, 125 005, India",Dabra Road,Hisar,Haryana,125005,board,ICSE / ISC,Day,Co-ed.,true,29.1330739,75.7409188,https://www.saintkabir.co.in,https://locate.cisce.org/,2026-08-25
HA010,Lord Jesus Public School,"Vijay Park, GURUGRAM, Haryana, 122 001, India",Vijay Park,GURUGRAM,Haryana,122001,board,ICSE / ISC,Day,Co-ed.,true,29.0587757,76.085601,https://www.lordjesuspublicschool.com,https://locate.cisce.org/,2026-08-25
HA011,Adarsh Public School,"KARNAL, Karnal, Haryana, 132 001, India",KARNAL,Karnal,Haryana,132001,board,ICSE / ISC,Day,Co-ed.,true,29.7090671,77.0089851,https://www.apskarnal.com,https://locate.cisce.org/,2026-08-25
HA012,Little Flower Convent School,"PANCHKULA, Panchkula, Haryana, 134 113, India",PANCHKULA,Panchkula,Haryana,134113,board,ICSE / ISC,Day,Co-ed.,true,30.6798774,76.844708,https://www.littleflowerschoolpkl.com,https://locate.cisce.org/,2026-08-25
HA013,Orchids The International School,"Gurugram, GURUGRAM, Haryana, 122 001, India",Gurugram,GURUGRAM,Haryana,122001,board,ICSE / ISC,Day,Co-ed.,true,28.4244603,77.0991242,https://www.orchidstheinternationalschool.com,https://locate.cisce.org/,2026-08-25
HA014,Jiva Public School,"FARIDABAD, Faridabad, Haryana, 121 001, India",FARIDABAD,Faridabad,Haryana,121001,board,ICSE / ISC,Day,Co-ed.,true,28.4173823,77.2994144,https://www.jivapublicschool.com,https://locate.cisce.org/,2026-08-25
HA015,The Shri Ram School,"D.L.F. City, GURUGRAM, Haryana, 122 002, India",D.L.F. City,GURUGRAM,Haryana,122002,board,ICSE / ISC,Day,Co-ed.,true,28.5008186,77.0945853,,https://locate.cisce.org/,2026-08-25
HA017,Rishi Public School,"GURUGRAM, GURUGRAM, Haryana, 122 001, India",GURUGRAM,GURUGRAM,Haryana,122001,board,ICSE / ISC,Day,Co-ed.,true,28.4528403,77.0497982,https://www.rishischool.com,https://locate.cisce.org/,2026-08-25
HA020,St. Xavier's High School,"PANCHKULA, Panchkula, Haryana, 134 109, India",PANCHKULA,Panchkula,Haryana,134109,board,ICSE,Day,Co-ed.,true,30.6633443,76.8566349,,https://locate.cisce.org/,2026-08-25
HA021,The Shri Ram School,"D.L.F. City, GURUGRAM, Haryana, 122 002, India",D.L.F. City,GURUGRAM,Haryana,122002,board,ICSE / ISC,Day,Co-ed.,true,28.4674365,77.0846863,https://www.tsrs.org,https://locate.cisce.org/,2026-08-25
HA022,Saupin's School,"PANCHKULA, Panchkula, Haryana, 134 113, India",PANCHKULA,Panchkula,Haryana,134113,board,ICSE,Day,Co-ed.,true,30.6953385,76.8436041,https://www.saupinsschoolpkl.com,https://locate.cisce.org/,2026-08-25
HA023,Lt. Atul Katarya Memorial School,"GURUGRAM, GURUGRAM, Haryana, 122 001, India",GURUGRAM,GURUGRAM,Haryana,122001,board,ICSE / ISC,Day,Co-ed.,true,28.3902816,77.0494188,https://www.akmsggn.com,https://locate.cisce.org/,2026-08-25
HA025,St. Mary's Convent School,"Narwana, Jind, Haryana, 126 116, India",Narwana,Jind,Haryana,126116,board,ICSE / ISC,Day,Co-ed.,true,29.7181666,76.1325525,http://stmarysnarwana.com/,https://locate.cisce.org/,2026-08-25
HA026,Christ Raja Convent School,"JIND, Jind, Haryana, 126 101, India",JIND,Jind,Haryana,126101,board,ICSE / ISC,Day,Co-ed.,true,29.3389378,76.2968672,,https://locate.cisce.org/,2026-08-25
HA027,Scottish High International School,"Sector 57, GURUGRAM, Haryana, 122 002, India",Sector 57,GURUGRAM,Haryana,122002,board,ICSE / ISC,Day,Co-ed.,true,28.4223425,77.0883682,https://www.scottishigh.com,https://locate.cisce.org/,2026-08-25
HA030,Shikshantar Sr. Sec. School,"GURUGRAM, GURUGRAM, Haryana, 122 001, India",GURUGRAM,GURUGRAM,Haryana,122001,board,ICSE / ISC,Day,Co-ed.,true,28.4583384,77.06652,,https://locate.cisce.org/,2026-08-25
HA033,Matrikiran High School,"GURUGRAM, GURUGRAM, Haryana, 122012, India",GURUGRAM,GURUGRAM,Haryana,122012,board,ICSE / ISC,Day,Co-ed.,true,28.3956737,76.9671865,https://www.matrikiran.in,https://locate.cisce.org/,2026-08-25
HA034,St Thomas Convent School,"Pehowa, Kurukshetra, Haryana, 136 128, India",Pehowa,Kurukshetra,Haryana,136128,board,ICSE,Day,Co-ed.,true,29.9799553,76.5930265,https://WWW.STTHOMASPEHOWA.COM,https://locate.cisce.org/,2026-08-25
HA035,The Alpine Top School,"Ratia, Fatehabad, Haryana, 125051, India",Ratia,Fatehabad,Haryana,125051,board,ICSE / ISC,Day,Co-ed.,true,29.7082124,75.570212,https://www.alpinetopschool.com,https://locate.cisce.org/,2026-08-25
HA036,Apex Convent School,"Fatehabad, Fatehabad, Haryana, 125050, India",Fatehabad,Fatehabad,Haryana,125050,board,ICSE / ISC,Day,Co-ed.,true,29.5063001,75.4498207,https://www.apexconventschool.in,https://locate.cisce.org/,2026-08-25
HA037,Wisdom School,"Hisar, Hisar, Haryana, 125044, India",Hisar,Hisar,Haryana,125044,board,ICSE,Day,Co-ed.,true,29.1232185,75.7460688,https://www.wisdomschoolhisar.com,https://locate.cisce.org/,2026-08-25
HA038,K S Convent School,"KURUKSHETRA, Kurukshetra, Haryana, 136119, India",KURUKSHETRA,Kurukshetra,Haryana,136119,board,ICSE / ISC,Day,Co-ed.,true,29.9548018,76.7931478,,https://locate.cisce.org/,2026-08-25
HA039,Bloomburg School,"Yamuna Nagar, Yamunanagar, Haryana, 135001, India",Yamuna Nagar,Yamunanagar,Haryana,135001,board,ICSE,Day,Co-ed.,true,30.1151587,77.2524554,,https://locate.cisce.org/,2026-08-25
HA040,Oxbridge School,"REWARI, Rewari, Haryana, 123106, India",REWARI,Rewari,Haryana,123106,board,ICSE / ISC,Day,Co-ed.,true,28.2154897,76.8104368,,https://locate.cisce.org/,2026-08-25
HA041,Jiet Convent School,"Jind, Jind, Haryana, 126 102, India",Jind,Jind,Haryana,126102,board,ICSE,Day,Co-ed.,true,29.3224774,76.3416412,,https://locate.cisce.org/,2026-08-25
HA042,Shree Ram Global School,"TOHANA, Fatehabad, Haryana, 125120, India",TOHANA,Fatehabad,Haryana,125120,board,ICSE,Day,Co-ed.,true,29.681406,75.8942341,https://www.ha042cisce.org,https://locate.cisce.org/,2026-08-25
HA043,Navjyoti Vidya Mandir,"KARNAL, Karnal, Haryana, 132001, India",KARNAL,Karnal,Haryana,132001,board,ICSE,Day,Co-ed.,true,29.7131244,77.0040399,https://nvmkarnal.com/,https://locate.cisce.org/,2026-08-25
HA044,J. P. Sr. Sec. School,"KARNAL, Karnal, Haryana, 132001, India",KARNAL,Karnal,Haryana,132001,board,ICSE,Day,Co-ed.,true,29.6668651,77.0072575,https://JPSCHOOL.CO.IN,https://locate.cisce.org/,2026-08-25
HA045,Lord Krishna Convent School,"GURUGRAM, GURUGRAM, Haryana, 122001, India",GURUGRAM,GURUGRAM,Haryana,122001,board,ICSE,Day,Co-ed.,true,28.4819476,77.0016855,https://www.lordkrishnaconventschool.com,https://locate.cisce.org/,2026-08-25
HA046,SACRED HEART SENIOR SECONDARY SCHOOL,"SAMALKHA, Panipat, Haryana, 132102, India",SAMALKHA,Panipat,Haryana,132102,board,ICSE,Day,Co-ed.,true,29.2486184,77.0151132,,https://locate.cisce.org/,2026-08-25
HA047,Starway Sr Sec School,"yamuna nagar, Yamunanagar, Haryana, 135001, India",yamuna nagar,Yamunanagar,Haryana,135001,board,ICSE,Day,Co-ed.,true,30.0744336,77.2333529,https://starwayschool.keeptherise.com,https://locate.cisce.org/,2026-08-25
HA048,Agastya International School,"ROHTAK, Rohtak, Haryana, 124001, India",ROHTAK,Rohtak,Haryana,124001,board,ICSE,Day/Boarding,Co-ed.,false,28.9123757,76.6225908,https://www.aisrohtak.in,https://locate.cisce.org/,2026-08-25
HA049,Guru Nanak Sr. Sec. School,"Karnal, Karnal, Haryana, 132001, India",Karnal,Karnal,Haryana,132001,board,ICSE,Day,Co-ed.,false,29.7865151,77.0348573,,https://locate.cisce.org/,2026-08-25
HP001,Dagshai Public School,"Dagshai Cantt, Solan, Himachal Pradesh, 173 210, India",Dagshai Cantt,Solan,Himachal Pradesh,173210,board,ICSE / ISC,Day/Residential,Co-ed.,true,31.104963,77.1639874,https://www.dagshaipublicschool.in,https://locate.cisce.org/,2026-08-25
HP002,Sacred Heart Senior Secondary School,"Dalhousie, Chamba, Himachal Pradesh, 176 304, India",Dalhousie,Chamba,Himachal Pradesh,176304,board,ICSE / ISC,Day/Residential,Co-ed.,true,32.5351875,75.9671064,,https://locate.cisce.org/,2026-08-25
HP003,Our Lady Of The Snows High School,"KULLU, Kullu, Himachal Pradesh, 175 101, India",KULLU,Kullu,Himachal Pradesh,175101,board,ICSE / ISC,Day,Co-ed.,true,31.9591246,77.1091991,https://olskullu.org,https://locate.cisce.org/,2026-08-25
HP004,Bishop Cotton School,"SHIMLA, Shimla, Himachal Pradesh, 171 002, India",SHIMLA,Shimla,Himachal Pradesh,171002,board,ICSE / ISC,Residential,Boys,true,31.104963,77.1639874,https://www.bishopcottonshimla.com,https://locate.cisce.org/,2026-08-25
HP008,Auckland House School,"SHIMLA, Shimla, Himachal Pradesh, 171 001, India",SHIMLA,Shimla,Himachal Pradesh,171001,board,ICSE / ISC,Day/Residential,Girls,true,31.1063931,77.1768317,,https://locate.cisce.org/,2026-08-25
HP010,Shimla Public School,"Khalini, Shimla, Himachal Pradesh, 171 002, India",Khalini,Shimla,Himachal Pradesh,171002,board,ICSE,Day/Residential,Co-ed.,true,31.0843682,77.161458,http://www.shimlapublicschool.com/,https://locate.cisce.org/,2026-08-25
HP012,Gorton Mission School,"Kotgarh, Shimla, Himachal Pradesh, 172 031, India",Kotgarh,Shimla,Himachal Pradesh,172031,board,ICSE / ISC,Day/Residential,Co-ed.,true,31.3113704,77.4744889,,https://locate.cisce.org/,2026-08-25
HP013,Dayanand Adarsh Vidyalaya,"Sunny Side, Solan, Himachal Pradesh, 173 212, India",Sunny Side,Solan,Himachal Pradesh,173212,board,ICSE / ISC,Day,Co-ed.,true,32.1024076,77.5619419,,https://locate.cisce.org/,2026-08-25
HP014,Sacred Heart Sr. Sec. School,"Dharamsala, Kangra, Himachal Pradesh, 176 057, India",Dharamsala,Kangra,Himachal Pradesh,176057,board,ICSE / ISC,Day,Co-ed.,true,32.1952609,76.3535986,https://www.shsdharamshala.in,https://locate.cisce.org/,2026-08-25
HP016,International Sahaja Public School,"Dharamsala Cantt., Kangra, Himachal Pradesh, 176 216, India",Dharamsala Cantt.,Kangra,Himachal Pradesh,176216,board,ICSE / ISC,Residential,Co-ed.,true,32.219042,76.3234037,https://www.isps.edu.in,https://locate.cisce.org/,2026-08-25
HP017,Mount Carmel School,"Rakkar Colony, Una, Himachal Pradesh, 174 303, India",Rakkar Colony,Una,Himachal Pradesh,174303,board,ICSE / ISC,Day,Co-ed.,true,31.4607153,76.3014896,https://www.mcsuna.in,https://locate.cisce.org/,2026-08-25
HP018,Day Star School,"Manali, Kullu, Himachal Pradesh, 175 131, India",Manali,Kullu,Himachal Pradesh,175131,board,ICSE / ISC,Day,Co-ed.,true,32.2431872,77.1891761,https://www.daystarmanali.org,https://locate.cisce.org/,2026-08-25
HP019,Trinity School,"Mohal, Kullu, Himachal Pradesh, 175 126, India",Mohal,Kullu,Himachal Pradesh,175126,board,ICSE / ISC,Day/Boarding,Co-ed.,true,31.9158133,77.125881,https://www.trinityschoolkullu.com,https://locate.cisce.org/,2026-08-25
HP022,St. Paul's Senior Secondary School,"Palampur, Kangra, Himachal Pradesh, 176 061, India",Palampur,Kangra,Himachal Pradesh,176061,board,ICSE,Day,Co-ed.,true,32.1108599,76.5362526,https://www.stpaulspalampur.com,https://locate.cisce.org/,2026-08-25
HP023,Kullu Valley School,"Ramshila, Kullu, Himachal Pradesh, 175 101, India",Ramshila,Kullu,Himachal Pradesh,175101,board,ICSE / ISC,Day/Residential,Co-ed.,true,32.1024076,77.5619419,https://www.kulluvalleyschool.com,https://locate.cisce.org/,2026-08-25
HP024,Carmel Convent School,"Nahan, Sirmaur, Himachal Pradesh, 173 001, India",Nahan,Sirmaur,Himachal Pradesh,173001,board,ICSE / ISC,Day,Co-ed.,true,30.5614132,77.2967984,,https://locate.cisce.org/,2026-08-25
HP025,St. Mary's School,"SHIMLA, Shimla, Himachal Pradesh, 171 005, India",SHIMLA,Shimla,Himachal Pradesh,171005,board,ICSE / ISC,Day,Co-ed.,true,31.0905231,77.1352137,,https://locate.cisce.org/,2026-08-25
HP026,E.C.I. Chalet Day School,"The Mall, Shimla, Himachal Pradesh, 171 001, India",The Mall,Shimla,Himachal Pradesh,171001,board,ICSE,Day,Co-ed.,true,31.0994225,77.1746971,,https://locate.cisce.org/,2026-08-25
HP027,Mount Carmel School,"Thakurdwara, Kangra, Himachal Pradesh, 176 102, India",Thakurdwara,Kangra,Himachal Pradesh,176102,board,ICSE / ISC,Day,Co-ed.,true,32.0848779,76.5105244,https://palampur.mountcarmelschools.in,https://locate.cisce.org/,2026-08-25
HP028,Mount Carmel School,"Baijnath, Kangra, Himachal Pradesh, 176 125, India",Baijnath,Kangra,Himachal Pradesh,176125,board,ICSE,Day,Co-ed.,true,32.0521085,76.6492869,https://www.mcsbaijnath.com,https://locate.cisce.org/,2026-08-25
HP029,Mount Carmel High School,"Gaggal, Kangra, Himachal Pradesh, 176 209, India",Gaggal,Kangra,Himachal Pradesh,176209,board,ICSE / ISC,Day,Co-ed.,true,32.1643678,76.2623945,https://www.mcsgaggal.com,https://locate.cisce.org/,2026-08-25
HP030,Auckland House School For Boys,"SHIMLA, Shimla, Himachal Pradesh, 171001, India",SHIMLA,Shimla,Himachal Pradesh,171001,board,ICSE / ISC,Day,Boys,true,31.104963,77.1639874,,https://locate.cisce.org/,2026-08-25
HP031,U. S. Global Public School,"Sanghnai, Una, Himachal Pradesh, 177212, India",Sanghnai,Una,Himachal Pradesh,177212,board,ICSE / ISC,Day,Co-ed.,true,31.72028,76.0253512,,https://locate.cisce.org/,2026-08-25
HP032,Dhaliara Public School,"DHALIARA, Kangra, Himachal Pradesh, 177103, India",DHALIARA,Kangra,Himachal Pradesh,177103,board,ICSE,Day,Co-ed.,true,31.8821568,76.2250514,https://www.dhaliarapublicschool.com,https://locate.cisce.org/,2026-08-25
HP033,D A V Public School,"Manali, Kullu, Himachal Pradesh, 175131, India",Manali,Kullu,Himachal Pradesh,175131,board,ICSE,Day,Co-ed.,true,32.2431872,77.1891761,https://www.davmanali.com,https://locate.cisce.org/,2026-08-25
HP034,Almighty Public School,"HAMIRPUR, Hamirpur, Himachal Pradesh, 177001, India",HAMIRPUR,Hamirpur,Himachal Pradesh,177001,board,ICSE,Day/Boarding,Co-ed.,true,31.6861745,76.5213092,https://www.apshamirpur.in,https://locate.cisce.org/,2026-08-25
HP035,Oakwood School,"MANDI, Mandi, Himachal Pradesh, 175001, India",MANDI,Mandi,Himachal Pradesh,175001,board,ICSE,Day,Co-ed.,true,31.6784233,76.9308159,https://www.oakwoodschool.com,https://locate.cisce.org/,2026-08-25
HP036,St Luke's School,"BADDI, Solan, Himachal Pradesh, 173205, India",BADDI,Solan,Himachal Pradesh,173205,board,ICSE,Day,Co-ed.,true,30.9578258,76.7913558,https://www.stlukeschoolbaddi.com,https://locate.cisce.org/,2026-08-25
HP037,Academic Hills Public School,"Shamshi, Kullu, Himachal Pradesh, 175126, India",Shamshi,Kullu,Himachal Pradesh,175126,board,ICSE,Day/Boarding,Co-ed.,true,31.9029872,77.1329285,https://theacademichills.com/,https://locate.cisce.org/,2026-08-25
HP038,Mother Teresa Global Convent School,"Nagrota Bagwan, Kangra, Himachal Pradesh, 176047, India",Nagrota Bagwan,Kangra,Himachal Pradesh,176047,board,ICSE,Day,Co-ed.,true,32.1053971,76.3789037,https://motherteresaglobal.com/?bypass_code=Ubswiu,https://locate.cisce.org/,2026-08-25
HP039,St. Stephen's Sr. Sec. School,"Chamba, Chamba, Himachal Pradesh, 176310, India",Chamba,Chamba,Himachal Pradesh,176310,board,ICSE,Day,Co-ed.,false,32.5582348,76.1227948,https://ststephenscba.in/,https://locate.cisce.org/,2026-08-25
JH002,De Nobili School,"DHANBAD, Dhanbad, Jharkhand, 828 207, India",DHANBAD,Dhanbad,Jharkhand,828207,board,ICSE / ISC,Day,Co-ed.,true,23.7851098,86.811867,https://www.denobilimaithon.in,https://locate.cisce.org/,2026-08-25
JH003,De Nobili School,"C.M.R.I., Dhanbad, Jharkhand, 828 001, India",C.M.R.I.,Dhanbad,Jharkhand,828001,board,ICSE / ISC,Day,Co-ed.,true,23.6913486,85.2722472,https://www.denobilicmri.in,https://locate.cisce.org/,2026-08-25
JH004,De Nobili School,"DHANBAD, Dhanbad, Jharkhand, 828 204, India",DHANBAD,Dhanbad,Jharkhand,828204,board,ICSE / ISC,Day,Co-ed.,true,23.7727471,86.7322072,,https://locate.cisce.org/,2026-08-25
JH005,De Nobili School,"DHANBAD, Dhanbad, Jharkhand, 828 122, India",DHANBAD,Dhanbad,Jharkhand,828122,board,ICSE / ISC,Day,Co-ed.,true,23.7483096,86.7058637,https://denobilisindri.in,https://locate.cisce.org/,2026-08-25
JH006,St. Xavier's School,"Bokaro Steel City, Bokaro, Jharkhand, 827 001, India",Bokaro Steel City,Bokaro,Jharkhand,827001,board,ICSE / ISC,Day,Co-ed.,true,23.6579047,86.1525056,https://www.xaviersbokaro.com,https://locate.cisce.org/,2026-08-25
JH007,Sacred Heart School,"Daltonganj, Palamu, Jharkhand, 822 102, India",Daltonganj,Palamu,Jharkhand,822102,board,ICSE / ISC,Day,Co-ed.,true,24.0130307,84.1065662,https://www.shschianki.com,https://locate.cisce.org/,2026-08-25
JH008,Carmel School,"DHANBAD, Dhanbad, Jharkhand, 828 001, India",DHANBAD,Dhanbad,Jharkhand,828001,board,ICSE / ISC,Day,Girls,true,23.8027075,86.4262086,https://www.carmelschooldhanbad.com,https://locate.cisce.org/,2026-08-25
JH009,De Nobili School,"DHANBAD, Dhanbad, Jharkhand, 828 108, India",DHANBAD,Dhanbad,Jharkhand,828108,board,ICSE / ISC,Day,Co-ed.,true,23.7956531,86.4303859,,https://locate.cisce.org/,2026-08-25
JH010,Carmel School,"Digwadih, Dhanbad, Jharkhand, 828 108, India",Digwadih,Dhanbad,Jharkhand,828108,board,ICSE / ISC,Day,Girls,true,23.6894705,86.4170415,https://www.carmelschooldigwadih.in,https://locate.cisce.org/,2026-08-25
JH011,De Nobili School,"DHANBAD, Dhanbad, Jharkhand, 828121, India",DHANBAD,Dhanbad,Jharkhand,828121,board,ICSE / ISC,Day,Co-ed.,true,23.8127092,86.292808,https://dnssijua.com,https://locate.cisce.org/,2026-08-25
JH012,St. Francis School,"B. Deoghar, Deoghar, Jharkhand, 814 112, India",B. Deoghar,Deoghar,Jharkhand,814112,board,ICSE / ISC,Day,Co-ed.,true,24.494007,86.6946257,https://www.sfsdeoghar.com,https://locate.cisce.org/,2026-08-25
JH013,De Nobili School,"Chandrapura, Bokaro, Jharkhand, 828 403, India",Chandrapura,Bokaro,Jharkhand,828403,board,ICSE / ISC,Day,Co-ed.,true,23.7470083,86.1186865,https://www.denobilictps.com,https://locate.cisce.org/,2026-08-25
JH014,Carmel School,"GIRIDIH, Giridih, Jharkhand, 815 301, India",GIRIDIH,Giridih,Jharkhand,815301,board,ICSE / ISC,Residential,Co-ed.,true,24.189582,86.2982374,https://www.carmelschoolgiridih.com,https://locate.cisce.org/,2026-08-25
JH015,St. Thomas School,"GODDA, Godda, Jharkhand, 814 133, India",GODDA,Godda,Jharkhand,814133,board,ICSE,Day,Co-ed.,true,24.8255215,87.2135177,https://www.stthomasgodda.com,https://locate.cisce.org/,2026-08-25
JH016,Patratu School Of Economics,"RAMGARH, Ramgarh, Jharkhand, 829 119, India",RAMGARH,Ramgarh,Jharkhand,829119,board,ICSE,Day,Co-ed.,true,23.6407926,85.2935849,,https://locate.cisce.org/,2026-08-25
JH017,Siddharth Public School,"Siddarth Nagar, Hazaribag, Jharkhand, 829 122, India",Siddarth Nagar,Hazaribag,Jharkhand,829122,board,ICSE / ISC,Day,Co-ed.,true,23.6362593,85.5124209,,https://locate.cisce.org/,2026-08-25
JH018,Gulmohur High School,"Jamshedpur, East Singhbhum, Jharkhand, 831 004, India",Jamshedpur,East Singhbhum,Jharkhand,831004,board,ICSE / ISC,Day,Co-ed.,true,22.7711858,86.2439004,https://www.gulmohurschool.org,https://locate.cisce.org/,2026-08-25
JH019,Little Flower School,"Jamshedpur, East Singhbhum, Jharkhand, 831 004, India",Jamshedpur,East Singhbhum,Jharkhand,831004,board,ICSE / ISC,Day,Co-ed.,true,22.7711858,86.2439004,,https://locate.cisce.org/,2026-08-25
JH020,Loyola School,"Jamshedpur, East Singhbhum, Jharkhand, 831 001, India",Jamshedpur,East Singhbhum,Jharkhand,831001,board,ICSE / ISC,Day,Co-ed.,true,22.8067933,86.1830838,https://www.loyolajsr.com,https://locate.cisce.org/,2026-08-25
JH021,Sacred Heart Convent School,"Jamshedpur, East Singhbhum, Jharkhand, 831 001, India",Jamshedpur,East Singhbhum,Jharkhand,831001,board,ICSE / ISC,Day,Girls,true,22.8045266,86.1888395,https://www.shcjsr.org,https://locate.cisce.org/,2026-08-25
JH022,D. B. M. S. English School,"Jamshedpur, East Singhbhum, Jharkhand, 831 005, India",Jamshedpur,East Singhbhum,Jharkhand,831005,board,ICSE / ISC,Day,Co-ed.,true,22.8069075,86.1729015,https://www.dbms.edu.in,https://locate.cisce.org/,2026-08-25
JH023,Rajendra Vidyalaya,"Jamshedpur, East Singhbhum, Jharkhand, 831 001, India",Jamshedpur,East Singhbhum,Jharkhand,831001,board,ICSE / ISC,Day,Co-ed.,true,22.8334736,86.198661,https://www.rvjsr.in,https://locate.cisce.org/,2026-08-25
JH024,Hill Top School,"Jamshedpur, East Singhbhum, Jharkhand, 831 004, India",Jamshedpur,East Singhbhum,Jharkhand,831004,board,ICSE / ISC,Day,Co-ed.,true,22.7711858,86.2439004,https://www.hilltopschooljamshedpur.org/,https://locate.cisce.org/,2026-08-25
JH025,Kerala Samajam Model School,"Jamshedpur, East Singhbhum, Jharkhand, 831009 , India",Jamshedpur,East Singhbhum,Jharkhand,831009,board,ICSE / ISC,Day,Co-ed.,true,22.797318,86.2147789,https://www.ksms.ac.in,https://locate.cisce.org/,2026-08-25
JH026,Church School,"Jamshedpur, East Singhbhum, Jharkhand, 831 001, India",Jamshedpur,East Singhbhum,Jharkhand,831001,board,ICSE / ISC,Day,Co-ed.,true,22.8083843,86.1852258,,https://locate.cisce.org/,2026-08-25
JH027,Carmel School,"Madhupur, Deoghar, Jharkhand, 815 353, India",Madhupur,Deoghar,Jharkhand,815353,board,ICSE,Day,Co-ed.,true,24.2659039,86.6467108,https://www.carmelschoolmadhupur.com,https://locate.cisce.org/,2026-08-25
JH028,Bishop Westcott Boys' School,"RANCHI, Ranchi, Jharkhand, 834 010, India",RANCHI,Ranchi,Jharkhand,834010,board,ICSE / ISC,Day/Residential,Co-ed.,true,23.362497,85.349871,https://www.bishopwestcottboysschool.com,https://locate.cisce.org/,2026-08-25
JH029,Bishop Westcott Girls' School,"RANCHI, Ranchi, Jharkhand, 834 010, India",RANCHI,Ranchi,Jharkhand,834010,board,ICSE / ISC,Day/Residential,Girls,true,23.362497,85.349871,https://www.namkombwgs.com,https://locate.cisce.org/,2026-08-25
JH030,Loreto Convent,"RANCHI, Ranchi, Jharkhand, 834 002, India",RANCHI,Ranchi,Jharkhand,834002,board,ICSE / ISC,Day,Girls,true,23.3295971,85.315569,,https://locate.cisce.org/,2026-08-25
JH031,St. Xavier's School,"RANCHI, Ranchi, Jharkhand, 834 002, India",RANCHI,Ranchi,Jharkhand,834002,board,ICSE / ISC,Day,Boys,true,23.339132,85.3191237,https://www.stxaviersschool.com,https://locate.cisce.org/,2026-08-25
JH032,St. Anthony's School,"RANCHI, Ranchi, Jharkhand, 834 002, India",RANCHI,Ranchi,Jharkhand,834002,board,ICSE,Day,Co-ed.,true,23.3418612,85.3132986,,https://locate.cisce.org/,2026-08-25
JH033,St. Thomas School,"Dhurwa, Ranchi, Jharkhand, 834 004, India",Dhurwa,Ranchi,Jharkhand,834004,board,ICSE / ISC,Day,Co-ed.,true,23.3082694,85.2948778,https://stthomasschoolranchi.com,https://locate.cisce.org/,2026-08-25
JH034,S.d.a. Senior Secondary School,"Khunti, Ranchi, Jharkhand, 835 210, India",Khunti,Ranchi,Jharkhand,835210,board,ICSE / ISC,Day/Residential,Co-ed.,true,23.0797595,85.2774207,https://sdakhunti.co.in,https://locate.cisce.org/,2026-08-25
JH035,Sacred Heart School,"Hulhundu, Ranchi, Jharkhand, 835 221, India",Hulhundu,Ranchi,Jharkhand,835221,board,ICSE / ISC,Day,Girls,true,23.256937,85.2916454,https://www.sacredhearthulhundu.com,https://locate.cisce.org/,2026-08-25
JH036,Ursuline English Medium School,"Muri, Ranchi, Jharkhand, 835 101, India",Muri,Ranchi,Jharkhand,835101,board,ICSE,Day/Residential,Co-ed.,true,23.3784241,85.8614181,,https://locate.cisce.org/,2026-08-25
JH037,St. Xavier's School,"Purani Sahibganj, Sahebganj, Jharkhand, 816 109, India",Purani Sahibganj,Sahebganj,Jharkhand,816109,board,ICSE / ISC,Day,Co-ed.,true,25.2466366,87.6500974,,https://locate.cisce.org/,2026-08-25
JH038,St. Joseph's Convent High School,"Singhbhum, East Singhbhum, Jharkhand, 832 104, India",Singhbhum,East Singhbhum,Jharkhand,832104,board,ICSE / ISC,Day,Co-ed.,true,22.3650858,85.4375574,,https://locate.cisce.org/,2026-08-25
JH039,Loyola School,"Taldanga, Dhanbad, Jharkhand, 828 202, India",Taldanga,Dhanbad,Jharkhand,828202,board,ICSE / ISC,Day,Co-ed.,true,23.7406688,86.7870285,https://loyolataldanga.com,https://locate.cisce.org/,2026-08-25
JH040,Narbheram Hansraj English School,"Jamshedpur, East Singhbhum, Jharkhand, 831 001, India",Jamshedpur,East Singhbhum,Jharkhand,831001,board,ICSE / ISC,Day,Co-ed.,true,22.795655,86.1802439,https://www.nhes.ac.in,https://locate.cisce.org/,2026-08-25
JH041,Bishop's School,"Old H.B. Road, Ranchi, Jharkhand, 834 001, India",Old H.B. Road,Ranchi,Jharkhand,834001,board,ICSE / ISC,Day/Residential,Co-ed.,true,23.3996742,85.3888718,,https://locate.cisce.org/,2026-08-25
JH042,Vig English School,"Jamshedpur, East Singhbhum, Jharkhand, 831 015, India",Jamshedpur,East Singhbhum,Jharkhand,831015,board,ICSE / ISC,Day,Co-ed.,true,22.7761396,86.2339334,https://www.vigenglishschooljsr.com,https://locate.cisce.org/,2026-08-25
JH043,A. D. L. S. Sunshine School,"Jamshedpur, East Singhbhum, Jharkhand, 831 001, India",Jamshedpur,East Singhbhum,Jharkhand,831001,board,ICSE / ISC,Day,Co-ed.,true,22.8047623,86.2028402,https://adlssunshine.org,https://locate.cisce.org/,2026-08-25
JH044,Mount View School,"Jamshedpur, East Singhbhum, Jharkhand, 831 018, India",Jamshedpur,East Singhbhum,Jharkhand,831018,board,ICSE,Day,Co-ed.,true,22.842961,86.2326317,,https://locate.cisce.org/,2026-08-25
JH046,St. Francis School,"Harmu Housing Colony, Ranchi, Jharkhand, 834 012, India",Harmu Housing Colony,Ranchi,Jharkhand,834012,board,ICSE / ISC,Day,Co-ed.,true,23.3552463,85.307311,https://www.stfrancisranchi.com,https://locate.cisce.org/,2026-08-25
JH047,St. Francis School,"Jasidih, Deoghar, Jharkhand, 814 112, India",Jasidih,Deoghar,Jharkhand,814112,board,ICSE / ISC,Day,Co-ed.,true,24.5213913,86.6421759,,https://locate.cisce.org/,2026-08-25
JH048,Andhra Association English School,"Jamshedpur, East Singhbhum, Jharkhand, 831 005, India",Jamshedpur,East Singhbhum,Jharkhand,831005,board,ICSE / ISC,Day,Co-ed.,true,22.8033317,86.1728619,http://aaeskadmajsr.com/,https://locate.cisce.org/,2026-08-25
JH050,Motilal Nehru Public School,"Jamshedpur, East Singhbhum, Jharkhand, 831 001, India",Jamshedpur,East Singhbhum,Jharkhand,831001,board,ICSE / ISC,Day,Co-ed.,true,22.8047412,86.1888167,https://www.mnps.in,https://locate.cisce.org/,2026-08-25
JH051,Dayanand Anglo Vedic Public School,"Jamshedpur, East Singhbhum, Jharkhand, 831 009, India",Jamshedpur,East Singhbhum,Jharkhand,831009,board,ICSE / ISC,Day,Co-ed.,true,22.8004625,86.2240928,https://www.davpatelnagar.com,https://locate.cisce.org/,2026-08-25
JH052,Dayanand Public School,"Jamshedpur, East Singhbhum, Jharkhand, 831001, India",Jamshedpur,East Singhbhum,Jharkhand,831001,board,ICSE / ISC,Day,Co-ed.,true,22.8016908,86.1965369,https://www.dayanandpublicschool.edu.in,https://locate.cisce.org/,2026-08-25
JH053,Ramakrishna Mission English School,"Jamshedpur, East Singhbhum, Jharkhand, 831 001, India",Jamshedpur,East Singhbhum,Jharkhand,831001,board,ICSE / ISC,Day,Co-ed.,true,22.7941746,86.1793377,,https://locate.cisce.org/,2026-08-25
JH054,Tagore Academy,"Jamshedpur, East Singhbhum, Jharkhand, 831 001, India",Jamshedpur,East Singhbhum,Jharkhand,831001,board,ICSE / ISC,Day,Co-ed.,true,22.8095156,86.2030856,,https://locate.cisce.org/,2026-08-25
JH055,Madhusthali Vidyapeeth,"Madhupur, Deoghar, Jharkhand, 815 353, India",Madhupur,Deoghar,Jharkhand,815353,board,ICSE / ISC,Day/Residential,Girls,true,24.2659039,86.6467108,https://www.madhusthali.edu.in,https://locate.cisce.org/,2026-08-25
JH056,Kerala Public School,"Jamshedpur, East Singhbhum, Jharkhand, 832 110, India",Jamshedpur,East Singhbhum,Jharkhand,832110,board,ICSE / ISC,Day,Co-ed.,true,22.8363203,86.2054078,,https://locate.cisce.org/,2026-08-25
JH057,Ramakrishna Mission English School,"Jamshedpur, East Singhbhum, Jharkhand, 831 009, India",Jamshedpur,East Singhbhum,Jharkhand,831009,board,ICSE / ISC,Day,Co-ed.,true,22.8027208,86.2252747,,https://locate.cisce.org/,2026-08-25
JH058,Ramakrishna Vivekananda Sarada Vidyapith,"EAST SINGHBHUM, East Singhbhum, Jharkhand, 832 303, India",EAST SINGHBHUM,East Singhbhum,Jharkhand,832303,board,ICSE,Day,Co-ed.,true,22.6295086,86.4664177,,https://locate.cisce.org/,2026-08-25
JH059,Sister Nivedita English High School,"Jamshedpur, East Singhbhum, Jharkhand, 831 007, India",Jamshedpur,East Singhbhum,Jharkhand,831007,board,ICSE,Day,Co-ed.,true,22.7724451,86.2090605,,https://locate.cisce.org/,2026-08-25
JH060,Vivekananda English High School,"Jamshedpur, East Singhbhum, Jharkhand, 831 001, India",Jamshedpur,East Singhbhum,Jharkhand,831001,board,ICSE,Day,Co-ed.,true,22.8117706,86.2046418,,https://locate.cisce.org/,2026-08-25
JH061,Bishop Westcott School,"Via Khunti, Ranchi, Jharkhand, 835 210, India",Via Khunti,Ranchi,Jharkhand,835210,board,ICSE,Residential,Co-ed.,true,23.3537041,85.2992695,https://www.bishopwestcottschoolsoeko.org,https://locate.cisce.org/,2026-08-25
JH062,Don Bosco Academy,"RANCHI, Ranchi, Jharkhand, 829 208, India",RANCHI,Ranchi,Jharkhand,829208,board,ICSE,Day,Co-ed.,true,23.6498584,84.9440346,https://www.donboscoranchi.org,https://locate.cisce.org/,2026-08-25
JH063,St. John's High School,"Jamshedpur, East Singhbhum, Jharkhand, 831 006, India",Jamshedpur,East Singhbhum,Jharkhand,831006,board,ICSE / ISC,Day,Co-ed.,true,22.759344,86.1904324,,https://locate.cisce.org/,2026-08-25
JH065,Kerala Public School,"Jamshedpur, East Singhbhum, Jharkhand, 831 005, India",Jamshedpur,East Singhbhum,Jharkhand,831005,board,ICSE / ISC,Day,Co-ed.,true,22.8096432,86.1603645,,https://locate.cisce.org/,2026-08-25
JH066,River View English School,"Jamshedpur, East Singhbhum, Jharkhand, 831 005, India",Jamshedpur,East Singhbhum,Jharkhand,831005,board,ICSE,Day,Co-ed.,true,22.7968602,86.1732685,,https://locate.cisce.org/,2026-08-25
JH067,Edwards English School,"JAMTARA, Jamtara, Jharkhand, 815 351, India",JAMTARA,Jamtara,Jharkhand,815351,board,ICSE,Day,Co-ed.,true,23.9400259,86.9123195,,https://locate.cisce.org/,2026-08-25
JH068,W. John Multipurpose Boarding School,"Ranchi, Ranchi, Jharkhand, 835 303, India",Ranchi,Ranchi,Jharkhand,835303,board,ICSE,Day/Residential,Co-ed.,true,23.3240036,85.1886982,https://www.wjohnschool.org,https://locate.cisce.org/,2026-08-25
JH069,Carmel School,"Bokaro Thermal, Bokaro, Jharkhand, 829 107, India",Bokaro Thermal,Bokaro,Jharkhand,829107,board,ICSE / ISC,Day,Co-ed.,true,23.7978583,85.8844404,https://www.carmelbokaro.com,https://locate.cisce.org/,2026-08-25
JH070,Carmel School,"Namkum, Ranchi, Jharkhand, 834 010, India",Namkum,Ranchi,Jharkhand,834010,board,ICSE,Day,Girls,true,23.35428,85.3513468,,https://locate.cisce.org/,2026-08-25
JH071,St. Xavier's English School,"Chaibasa, West Singhbhum, Jharkhand, 833 201, India",Chaibasa,West Singhbhum,Jharkhand,833201,board,ICSE / ISC,Day,Co-ed.,true,22.5488813,85.8091193,https://www.stxaviersenglishschool.ac.in,https://locate.cisce.org/,2026-08-25
JH072,Bishop Westcott Girls' School,"RANCHI, Ranchi, Jharkhand, 834 002, India",RANCHI,Ranchi,Jharkhand,834002,board,ICSE,Day,Co-ed.,true,23.333111,85.2980494,,https://locate.cisce.org/,2026-08-25
JH073,N. E. L. C. Don Bosco School,"P. O. Dumka, Dumka, Jharkhand, 814 101, India",P. O. Dumka,Dumka,Jharkhand,814101,board,ICSE / ISC,Day,Co-ed.,true,24.2684794,87.2488088,https://www.nelcdonbosco.in,https://locate.cisce.org/,2026-08-25
JH074,R.V.S. Academy,"Jamshedpur, East Singhbhum, Jharkhand, 831 018, India",Jamshedpur,East Singhbhum,Jharkhand,831018,board,ICSE / ISC,Day,Co-ed.,true,22.8415836,86.2325295,https://www.rvsacademy.com,https://locate.cisce.org/,2026-08-25
JH075,Mazzarello School,"RANCHI, Ranchi, Jharkhand, 834 010, India",RANCHI,Ranchi,Jharkhand,834010,board,ICSE,Day,Co-ed.,true,23.272858,85.3826164,http://Mazzarello School. com,https://locate.cisce.org/,2026-08-25
JH076,METAS ADVENTIST SCHOOL,"Baragain, Ranchi, Jharkhand, 834 009, India",Baragain,Ranchi,Jharkhand,834009,board,ICSE / ISC,Day,Co-ed.,true,23.3981176,85.3549594,https://ranchischool.metasofsda.in,https://locate.cisce.org/,2026-08-25
JH077,Carmel School,"Hazaribagh, Hazaribag, Jharkhand, 825 301, India",Hazaribagh,Hazaribag,Jharkhand,825301,board,ICSE / ISC,Day,Co-ed.,true,23.9924992,85.3635888,https://hazaribagcarmel.in,https://locate.cisce.org/,2026-08-25
JH078,Srikrishna Public School,"Jamshedpur, East Singhbhum, Jharkhand, 831 001, India",Jamshedpur,East Singhbhum,Jharkhand,831001,board,ICSE / ISC,Day,Co-ed.,true,22.7926791,86.176548,https://srikrishnapublicschool.jsr,https://locate.cisce.org/,2026-08-25
JH079,St. Joseph's School,"DUMKA, Dumka, Jharkhand, 814 101, India",DUMKA,Dumka,Jharkhand,814101,board,ICSE,Day,Co-ed.,true,24.2720622,87.2427846,,https://locate.cisce.org/,2026-08-25
JH080,Carmel Junior College,"Jamshedpur, East Singhbhum, Jharkhand, 831 011, India",Jamshedpur,East Singhbhum,Jharkhand,831011,board,ICSE / ISC,Day,Co-ed.,true,22.8215098,86.1748624,,https://locate.cisce.org/,2026-08-25
JH081,Bishop Hartmann Academy,"RANCHI, Ranchi, Jharkhand, 835 103, India",RANCHI,Ranchi,Jharkhand,835103,board,ICSE / ISC,Day,Co-ed.,true,23.3544012,85.4021741,https://www.bhaacademy.in,https://locate.cisce.org/,2026-08-25
JH082,St. Clare's School,"KODERMA, Koderma, Jharkhand, 825 410, India",KODERMA,Koderma,Jharkhand,825410,board,ICSE,Day,Co-ed.,true,24.4722315,85.6097559,,https://locate.cisce.org/,2026-08-25
JH083,St. Charles School,"Hatia, Ranchi, Jharkhand, 834 003, India",Hatia,Ranchi,Jharkhand,834003,board,ICSE,Day,Co-ed.,true,23.2992143,85.3149142,,https://locate.cisce.org/,2026-08-25
JH084,St. Francis School,"RANCHI, Ranchi, Jharkhand, 834 010, India",RANCHI,Ranchi,Jharkhand,834010,board,ICSE / ISC,Day,Co-ed.,true,23.35428,85.3513468,https://www.sfsranchi.com,https://locate.cisce.org/,2026-08-25
JH085,Lievens Academy,"LOHARDAGA, Lohardaga, Jharkhand, 835 302, India",LOHARDAGA,Lohardaga,Jharkhand,835302,board,ICSE,Day,Co-ed.,true,23.455681,84.6819074,https://www.lievensacademy.com,https://locate.cisce.org/,2026-08-25
JH086,J.H. Tarapore School,"Jamshedpur, East Singhbhum, Jharkhand, 831 001, India",Jamshedpur,East Singhbhum,Jharkhand,831001,board,ICSE / ISC,Day,Co-ed.,true,22.8037578,86.1779827,,https://locate.cisce.org/,2026-08-25
JH087,St. Ann's School,"Ramgarh, Hazaribag, Jharkhand, 829 122, India",Ramgarh,Hazaribag,Jharkhand,829122,board,ICSE,Day,Co-ed.,true,23.623995,85.5301232,https://www.stannsschoolramgarh.com,https://locate.cisce.org/,2026-08-25
JH088,Holy Child School,"DUMKA, Dumka, Jharkhand, 814 101, India",DUMKA,Dumka,Jharkhand,814101,board,ICSE / ISC,Day,Co-ed.,true,24.2831608,87.2375751,,https://locate.cisce.org/,2026-08-25
JH089,Mount Carmel School,"RANCHI, Ranchi, Jharkhand, 835 219, India",RANCHI,Ranchi,Jharkhand,835219,board,ICSE / ISC,Day,Co-ed.,true,23.4839689,85.4790703,https://www.mountcarmelormanjhi.com,https://locate.cisce.org/,2026-08-25
JH090,Don Bosco School,"Kokar, Ranchi, Jharkhand, 834 001, India",Kokar,Ranchi,Jharkhand,834001,board,ICSE / ISC,Day,Co-ed.,true,23.3725989,85.3544807,https://www.donboscoranchi.com,https://locate.cisce.org/,2026-08-25
JH091,Don Bosco School,"GUMLA, Gumla, Jharkhand, 835 207, India",GUMLA,Gumla,Jharkhand,835207,board,ICSE,Day,Co-ed.,true,22.9303309,84.9583449,https://www.Donboscogumla.com,https://locate.cisce.org/,2026-08-25
JH092,St. Mary's School,"West Singhbhum, West Singhbhum, Jharkhand, 833 218, India",West Singhbhum,West Singhbhum,Jharkhand,833218,board,ICSE / ISC,Day,Co-ed.,true,22.1604979,85.5009977,https://www.stmarysnoamundi.ac.in,https://locate.cisce.org/,2026-08-25
JH093,St. Xavier's English School,"Chakradharpur, West Singhbhum, Jharkhand, 833 102, India",Chakradharpur,West Singhbhum,Jharkhand,833102,board,ICSE / ISC,Day,Co-ed.,true,22.6652099,85.6460561,https://stxaviersenglishschoolckp.com,https://locate.cisce.org/,2026-08-25
JH094,Children Of The New Dawn,"Khunti, Khunti, Jharkhand, 835 227, India",Khunti,Khunti,Jharkhand,835227,board,ICSE / ISC,Day,Co-ed.,true,22.9299539,85.0934851,https://www.cndtorpa.org,https://locate.cisce.org/,2026-08-25
JH095,Tarapore School,"Jamshedpur, West Singhbhum, Jharkhand, 831009, India",Jamshedpur,West Singhbhum,Jharkhand,831009,board,ICSE / ISC,Day,Co-ed.,true,22.8037975,86.2228251,https://www.taraporeschool.com,https://locate.cisce.org/,2026-08-25
JH096,Ramakrishna Vivekananda International English School,"Baharagora, East Singhbhum, Jharkhand, 832 101, India",Baharagora,East Singhbhum,Jharkhand,832101,board,ICSE,Day,Co-ed.,true,22.2930112,86.8191037,,https://locate.cisce.org/,2026-08-25
JH097,"Xavier School, Gamharia","Jamshedpur, Seraikela Kharsawan, Jharkhand, 832108, India",Jamshedpur,Seraikela Kharsawan,Jharkhand,832108,board,ICSE / ISC,Day,Co-ed.,true,22.8362439,86.0894017,https://www.xavierschool.in,https://locate.cisce.org/,2026-08-25
JH098,St. Francis De Sales School,"Seraikella, Seraikela Kharsawan, Jharkhand, 833219, India",Seraikella,Seraikela Kharsawan,Jharkhand,833219,board,ICSE,Day,Co-ed.,true,22.7039054,85.9351942,https://www.sfsseraikella.in,https://locate.cisce.org/,2026-08-25
JH099,"St, Xavier's School","Ranchi, Ranchi, Jharkhand, 834004, India",Ranchi,Ranchi,Jharkhand,834004,board,ICSE,Day,Co-ed.,true,22.260423,84.8535844,https://www.stxaviersschooldhurwa.com,https://locate.cisce.org/,2026-08-25
JH100,Seventh Day Adventist School,"Karmatar, Jamtara, Jharkhand, 815352, India",Karmatar,Jamtara,Jharkhand,815352,board,ICSE,Day,Co-ed.,true,24.0877622,86.7039059,,https://locate.cisce.org/,2026-08-25
JH101,V. S. Public School,"Sini, Seraikela Kharsawan, Jharkhand, 833220, India",Sini,Seraikela Kharsawan,Jharkhand,833220,board,ICSE,Day,Co-ed.,true,22.7811615,85.957916,https://www.vspssini.org,https://locate.cisce.org/,2026-08-25
JH102,De Nobili School,"Dhanbad, Dhanbad, Jharkhand, 828104, India",Dhanbad,Dhanbad,Jharkhand,828104,board,ICSE / ISC,Day,Co-ed.,true,23.8134549,86.390883,https://www.denobilibhuli.in,https://locate.cisce.org/,2026-08-25
JH103,Ramakrishna Vivekananda International English High School,"Chakulia, East Singhbhum, Jharkhand, 832301, India",Chakulia,East Singhbhum,Jharkhand,832301,board,ICSE,Day/Residential,Co-ed.,true,22.69028,86.4212616,https://www.jh103cisce.org,https://locate.cisce.org/,2026-08-25
JH104,Ramakrishna Mission Lady Indrasingh English School,"Jamshedpur, East Singhbhum, Jharkhand, 831008, India",Jamshedpur,East Singhbhum,Jharkhand,831008,board,ICSE,Day,Co-ed.,true,22.7753571,86.2387144,https://www.rkmjamshedpur.org,https://locate.cisce.org/,2026-08-25
JH105,Cluny Convent School,"Ranchi, Ranchi, Jharkhand, 834009, India",Ranchi,Ranchi,Jharkhand,834009,board,ICSE,Day,Co-ed.,true,23.3804317,85.3640994,https://www.clunyschoolranchi.com,https://locate.cisce.org/,2026-08-25
JH106,St. Francis School,"RANCHI, Ranchi, Jharkhand, 834005, India",RANCHI,Ranchi,Jharkhand,834005,board,ICSE,Day,Co-ed.,true,23.4110444,85.225048,https://www.stfrancisschoolbanhora.com,https://locate.cisce.org/,2026-08-25
JH107,St. Joseph School,"Pakur, Pakur, Jharkhand, 816107, India",Pakur,Pakur,Jharkhand,816107,board,ICSE,Day/Boarding,Co-ed.,true,24.6203887,87.8537478,https://www.stjosephsschool.in,https://locate.cisce.org/,2026-08-25
JH108,Providence School,"Sahibganj, Sahebganj, Jharkhand, 816109, India",Sahibganj,Sahebganj,Jharkhand,816109,board,ICSE / ISC,Day,Co-ed.,true,25.2431795,87.6457853,,https://locate.cisce.org/,2026-08-25
JH109,St.Maria School,"RANCHI, Ranchi, Jharkhand, 835205, India",RANCHI,Ranchi,Jharkhand,835205,board,ICSE,Day,Co-ed.,true,23.4758024,85.1647866,https://wwwstmariaschoolranchi,https://locate.cisce.org/,2026-08-25
JH110,D S M School For Excellence,"Jamshedpur, East Singhbhum, Jharkhand, 831001, India",Jamshedpur,East Singhbhum,Jharkhand,831001,board,ICSE / ISC,Day,Co-ed.,true,22.8023194,86.212296,https://www.dsmsfe.in,https://locate.cisce.org/,2026-08-25
JH111,St. Joseph's School,"JAMTARA, Jamtara, Jharkhand, 815351, India",JAMTARA,Jamtara,Jharkhand,815351,board,ICSE,Day,Co-ed.,true,23.8477472,87.1846624,,https://locate.cisce.org/,2026-08-25
JH112,Carmel School,"RANCHI, Ranchi, Jharkhand, 835205, India",RANCHI,Ranchi,Jharkhand,835205,board,ICSE / ISC,Day,Co-ed.,true,23.4380384,85.1473542,https://carmelschoolbrambe.com,https://locate.cisce.org/,2026-08-25
JH113,Mount Assisi School,"GODDA, Godda, Jharkhand, 814153, India",GODDA,Godda,Jharkhand,814153,board,ICSE / ISC,Day,Co-ed.,true,24.6790301,87.1796793,,https://locate.cisce.org/,2026-08-25
JH114,Holy Family School,"BARHARWA, Sahebganj, Jharkhand, 816101, India",BARHARWA,Sahebganj,Jharkhand,816101,board,ICSE / ISC,Day,Co-ed.,true,24.8566197,87.7775631,https://holyfamilyschoolbhw.com,https://locate.cisce.org/,2026-08-25
JH115,S S Academy,"Jamshedpur, East Singhbhum, Jharkhand, 831018, India",Jamshedpur,East Singhbhum,Jharkhand,831018,board,ICSE / ISC,Day,Co-ed.,true,22.8350895,86.2371101,https://www.ssacademy.net,https://locate.cisce.org/,2026-08-25
JH116,St. Xavier's Academy,"Daltonganj, Palamu, Jharkhand, 822102, India",Daltonganj,Palamu,Jharkhand,822102,board,ICSE,Day,Co-ed.,true,24.0453125,84.0933781,https://xavierdaltonganj.com,https://locate.cisce.org/,2026-08-25
JH117,Sumana Dutta Memorial Vivekananda International School,"Jamshedpur, East Singhbhum, Jharkhand, 831018, India",Jamshedpur,East Singhbhum,Jharkhand,831018,board,ICSE,Day,Co-ed.,true,22.8264995,86.2347952,,https://locate.cisce.org/,2026-08-25
JH118,St. Mary's School,"JAMTARA, Jamtara, Jharkhand, 815354, India",JAMTARA,Jamtara,Jharkhand,815354,board,ICSE,Day,Co-ed.,true,23.8495762,86.8831223,,https://locate.cisce.org/,2026-08-25
JH119,St. Joseph's School,"DUMKA, Dumka, Jharkhand, 814141, India",DUMKA,Dumka,Jharkhand,814141,board,ICSE,Day,Co-ed.,true,24.3946328,87.0474368,,https://locate.cisce.org/,2026-08-25
JH120,Carmel School,"DUMKA, Dumka, Jharkhand, 814101, India",DUMKA,Dumka,Jharkhand,814101,board,ICSE,Day,Co-ed.,true,24.2799793,87.2756293,,https://locate.cisce.org/,2026-08-25
JH121,Fr. Agnel School,"RANCHI, Ranchi, Jharkhand, 834002, India",RANCHI,Ranchi,Jharkhand,834002,board,ICSE / ISC,Day,Co-ed.,true,23.3422803,85.3047959,https://www.fragnelschoolranchi.com,https://locate.cisce.org/,2026-08-25
JH122,Bethany Convent School,"RANCHI, Ranchi, Jharkhand, 835222, India",RANCHI,Ranchi,Jharkhand,835222,board,ICSE,Day,Co-ed.,true,23.4189785,85.2209249,,https://locate.cisce.org/,2026-08-25
JH123,St. Xavier's Collegiate School,"DUMKA, Dumka, Jharkhand, 814101, India",DUMKA,Dumka,Jharkhand,814101,board,ICSE,Day,Co-ed.,true,24.3235671,87.2145498,,https://locate.cisce.org/,2026-08-25
JH124,St. Claret School,"Latehar, Latehar, Jharkhand, 822111, India",Latehar,Latehar,Jharkhand,822111,board,ICSE,Day,Co-ed.,true,23.8475182,84.1171249,https://www.stclaretschoolbarwadih.in,https://locate.cisce.org/,2026-08-25
JH125,St. Anthony Academy,"Jamshedpur, East Singhbhum, Jharkhand, 831012, India",Jamshedpur,East Singhbhum,Jharkhand,831012,board,ICSE,Day,Co-ed.,true,22.8248317,86.2821367,https://www.stanthonyacademypokhari.com,https://locate.cisce.org/,2026-08-25
JH126,Vivekananda International School,"Jamshedpur, East Singhbhum, Jharkhand, 831012, India",Jamshedpur,East Singhbhum,Jharkhand,831012,board,ICSE,Day,Co-ed.,true,22.8208876,86.2023844,,https://locate.cisce.org/,2026-08-25
JH127,St. Mary's School,"Gumla, Gumla, Jharkhand, 835227, India",Gumla,Gumla,Jharkhand,835227,board,ICSE / ISC,Day,Co-ed.,true,22.9182841,84.9531416,,https://locate.cisce.org/,2026-08-25
JH128,Kerala Public School Gamharia,"Jamshedpur, Seraikela Kharsawan, Jharkhand, 832108, India",Jamshedpur,Seraikela Kharsawan,Jharkhand,832108,board,ICSE / ISC,Day,Co-ed.,true,22.8125346,86.1065068,https://www.keralapublicschooltrust.com,https://locate.cisce.org/,2026-08-25
JH129,St. Paul's Academy Garhwa,"GARHWA, Garhwa, Jharkhand, 822114, India",GARHWA,Garhwa,Jharkhand,822114,board,ICSE,Day,Co-ed.,true,24.1084558,83.6773928,http://stpaulsacademygarhwa.com,https://locate.cisce.org/,2026-08-25
JH130,St. Joseph's School,"DEOGHAR, Deoghar, Jharkhand, 814152, India",DEOGHAR,Deoghar,Jharkhand,814152,board,ICSE / ISC,Day,Co-ed.,true,24.4064969,86.583074,https://stjosephdeoghar.com/,https://locate.cisce.org/,2026-08-25
JH131,St. Thomas School,"DHAMRI MEHARMA, Godda, Jharkhand, 814160, India",DHAMRI MEHARMA,Godda,Jharkhand,814160,board,ICSE,Day,Co-ed.,true,25.1808548,87.3494293,https://www.stthomasdhamri.com,https://locate.cisce.org/,2026-08-25
JH132,St. Joseph's School,"Jamua, Giridih, Jharkhand, 815315, India",Jamua,Giridih,Jharkhand,815315,board,ICSE,Day,Co-ed.,true,22.6792148,85.6211626,,https://locate.cisce.org/,2026-08-25
JH133,R M S High School,"Jamshedpur, East Singhbhum, Jharkhand, 831011, India",Jamshedpur,East Singhbhum,Jharkhand,831011,board,ICSE / ISC,Day,Co-ed.,true,22.8215227,86.1750051,https://www.rmsbalichela.org,https://locate.cisce.org/,2026-08-25
JH134,Mount Carmel School,"HAZARIBAG, Hazaribag, Jharkhand, 825302, India",HAZARIBAG,Hazaribag,Jharkhand,825302,board,ICSE,Day,Co-ed.,true,23.9820189,85.3792745,http://mountcarmelschoolhazaribagh.in,https://locate.cisce.org/,2026-08-25
JH135,"Ursuline English Medium School, Khunti","Khunti, Khunti, Jharkhand, 835210, India",Khunti,Khunti,Jharkhand,835210,board,ICSE,Day,Co-ed.,true,23.0689837,85.2897059,,https://locate.cisce.org/,2026-08-25
JH136,Aloans Dreamcatchers,"RANCHI, Ranchi, Jharkhand, 834006, India",RANCHI,Ranchi,Jharkhand,834006,board,ICSE,Day,Co-ed.,true,23.4893561,85.317499,https://aloans.co.in,https://locate.cisce.org/,2026-08-25
JH137,De Nobili School,"GOMOH, Dhanbad, Jharkhand, 828401, India",GOMOH,Dhanbad,Jharkhand,828401,board,ICSE,Day,Co-ed.,true,23.8702222,86.1520657,https://www.denobiligomoh.in,https://locate.cisce.org/,2026-08-25
JH138,Loyola English Medium School,"Khunti, Khunti, Jharkhand, 835210, India",Khunti,Khunti,Jharkhand,835210,board,ICSE,Day,Co-ed.,true,23.0662782,85.2768803,,https://locate.cisce.org/,2026-08-25
JH139,Prabhat Tara English Medium School,"Ranchi, Ranchi, Jharkhand, 834004, India",Ranchi,Ranchi,Jharkhand,834004,board,ICSE,Day,Co-ed.,true,23.3070426,85.278714,https://www.ptemschool.in,https://locate.cisce.org/,2026-08-25
JH140,Assumption School,"SIMDEGA, Simdega, Jharkhand, 835223, India",SIMDEGA,Simdega,Jharkhand,835223,board,ICSE,Day,Co-ed.,true,22.5653477,84.4737018,,https://locate.cisce.org/,2026-08-25
JH141,St. Xavier's Academy,"Latehar, Latehar, Jharkhand, 829206, India",Latehar,Latehar,Jharkhand,829206,board,ICSE,Day,Co-ed.,true,23.7443064,84.5150095,https://www.stxaviersacademylth.com,https://locate.cisce.org/,2026-08-25
JH142,St. Anthony's Higher Secondary School,"Khunti, Khunti, Jharkhand, 835210, India",Khunti,Khunti,Jharkhand,835210,board,ICSE,Day,Co-ed.,true,23.0335677,85.2230744,,https://locate.cisce.org/,2026-08-25
JH143,St. Joseph's School,"Giridih, Giridih, Jharkhand, 815316, India",Giridih,Giridih,Jharkhand,815316,board,ICSE,Day,Co-ed.,true,24.190193,86.2825098,https://www.sjsgrd.com,https://locate.cisce.org/,2026-08-25
JH144,Shanti Niketan Public School,"BARWADIH, Latehar, Jharkhand, 822111, India",BARWADIH,Latehar,Jharkhand,822111,board,ICSE,Day,Co-ed.,true,23.8475182,84.1171249,,https://locate.cisce.org/,2026-08-25
JH145,Loyola English Medium School,"BOKARO, Bokaro, Jharkhand, 829149, India",BOKARO,Bokaro,Jharkhand,829149,board,ICSE,Day,Co-ed.,true,23.7398122,85.7455598,,https://locate.cisce.org/,2026-08-25
JH146,Loyola School,"Jamshedpur, East Singhbhum, Jharkhand, 831004, India",Jamshedpur,East Singhbhum,Jharkhand,831004,board,ICSE / ISC,Day,Co-ed.,true,22.780896,86.2586179,https://www.loyolaschooltelco.com,https://locate.cisce.org/,2026-08-25
JH147,ST. FRANCIS SCHOOL,"Ramgarh, Ramgarh, Jharkhand, 829102, India",Ramgarh,Ramgarh,Jharkhand,829102,board,ICSE,Day,Co-ed.,true,23.618489,85.5018225,,https://locate.cisce.org/,2026-08-25
JH148,Lok Nayak J P Vidya Mandir,"Hazaribagh, Hazaribag, Jharkhand, 825402, India",Hazaribagh,Hazaribag,Jharkhand,825402,board,ICSE,Day,Co-ed.,true,24.0830389,85.3956316,,https://locate.cisce.org/,2026-08-25
JH149,D A V Shiksha Deep,"RANCHI, Ranchi, Jharkhand, 834005, India",RANCHI,Ranchi,Jharkhand,834005,board,ICSE,Day,Co-ed.,true,23.3952467,85.2774968,,https://locate.cisce.org/,2026-08-25
JH150,Kids Campus High School,"Hazaribag, Hazaribag, Jharkhand, 825301, India",Hazaribag,Hazaribag,Jharkhand,825301,board,ICSE,Day,Co-ed.,true,24.0070843,85.3545631,,https://locate.cisce.org/,2026-08-25
JH151,LOYOLA ACADEMY,"CHATRA, Chatra, Jharkhand, 825401, India",CHATRA,Chatra,Jharkhand,825401,board,ICSE,Day,Co-ed.,true,24.2915365,84.6309074,,https://locate.cisce.org/,2026-08-25
JH152,Holy Spirit School,"SIMDEGA, Simdega, Jharkhand, 835235, India",SIMDEGA,Simdega,Jharkhand,835235,board,ICSE,Day,Co-ed.,true,22.6182211,84.4930056,,https://locate.cisce.org/,2026-08-25
JH153,Shree Sakchi Gujarati English School,"Jamshedpur, East Singhbhum, Jharkhand, 831001, India",Jamshedpur,East Singhbhum,Jharkhand,831001,board,ICSE,Day,Co-ed.,true,22.7608234,86.2048699,,https://locate.cisce.org/,2026-08-25
JH154,Delhi Public School,"CHATRA, Chatra, Jharkhand, 825401, India",CHATRA,Chatra,Jharkhand,825401,board,ICSE,Day,Co-ed.,true,24.1839859,84.87898,,https://locate.cisce.org/,2026-08-25
JH155,S K Public School,"Jamshedpur, East Singhbhum, Jharkhand, 831004, India",Jamshedpur,East Singhbhum,Jharkhand,831004,board,ICSE,Day,Co-ed.,true,22.773274,86.2430401,,https://locate.cisce.org/,2026-08-25
JH156,Little Flower English Medium School,"SIMDEGA, Simdega, Jharkhand, 835228, India",SIMDEGA,Simdega,Jharkhand,835228,board,ICSE,Day,Co-ed.,true,22.6867468,84.5064881,,https://locate.cisce.org/,2026-08-25
JH157,Maria Ines Institute,"RANCHI, Ranchi, Jharkhand, 835221, India",RANCHI,Ranchi,Jharkhand,835221,board,ICSE,Day,Co-ed.,true,23.2825477,85.3085169,,https://locate.cisce.org/,2026-08-25
JH158,Ursuline English Medium School,"GUMLA, Gumla, Jharkhand, 835229, India",GUMLA,Gumla,Jharkhand,835229,board,ICSE,Day,Co-ed.,true,22.8494102,84.7945116,,https://locate.cisce.org/,2026-08-25
JH159,St. Gabriel & Monica School,"RANCHI, Ranchi, Jharkhand, 834008, India",RANCHI,Ranchi,Jharkhand,834008,board,ICSE,Day,Co-ed.,true,23.3972234,85.357311,,https://locate.cisce.org/,2026-08-25
JH160,St. Thomas School,"RANCHI, Ranchi, Jharkhand, 835221, India",RANCHI,Ranchi,Jharkhand,835221,board,ICSE,Day,Co-ed.,true,23.3088353,85.2894456,,https://locate.cisce.org/,2026-08-25
JH161,St. Ursula School,"SIMDEGA, Simdega, Jharkhand, 835235, India",SIMDEGA,Simdega,Jharkhand,835235,board,ICSE,Day,Co-ed.,true,22.6251888,84.4435223,,https://locate.cisce.org/,2026-08-25
JH162,Don Bosco English Medium School,"RANCHI, Ranchi, Jharkhand, 834003, India",RANCHI,Ranchi,Jharkhand,834003,board,ICSE,Day,Co-ed.,true,23.297153,85.31827,,https://locate.cisce.org/,2026-08-25
JH163,St. Xavier's Mission School,"Madhupur, Deoghar, Jharkhand, 815353, India",Madhupur,Deoghar,Jharkhand,815353,board,ICSE,Day,Co-ed.,false,24.2428077,86.6488286,,https://locate.cisce.org/,2026-08-25
JH164,DELHI INTERNATIONAL PUBLIC SCHOOL,"Koderma, Koderma, Jharkhand, 825309, India",Koderma,Koderma,Jharkhand,825309,board,ICSE,Day/Boarding,Co-ed.,false,24.3255105,85.5167054,,https://locate.cisce.org/,2026-08-25
JH165,"St. Joseph's Convent High School, Kashida","GHATSILA, East Singhbhum, Jharkhand, 832303, India",GHATSILA,East Singhbhum,Jharkhand,832303,board,ICSE,Day,Co-ed.,false,22.5854548,86.4901379,,https://locate.cisce.org/,2026-08-25
JH166,St. Xavier's School,"GUMLA, Gumla, Jharkhand, 835207, India",GUMLA,Gumla,Jharkhand,835207,board,ICSE,Day,Co-ed.,false,23.0467143,84.5585213,,https://locate.cisce.org/,2026-08-25
JH167,HOLY FAMILY SCHOOL,"SIMDEGA, Simdega, Jharkhand, 835212, India",SIMDEGA,Simdega,Jharkhand,835212,board,ICSE,Day,Co-ed.,false,22.5454031,84.1197643,,https://locate.cisce.org/,2026-08-25
JK001,Sprawling Buds School,"JAMMU, Jammu, Jammu and Kashmir, 181123, India",JAMMU,Jammu,Jammu and Kashmir,181123,board,ICSE,Day,Co-ed.,true,32.7767064,74.8270669,,https://locate.cisce.org/,2026-08-25
JK002,St. Peter`s Higher Secondary School,"JAMMU, Jammu, Jammu and Kashmir, 181101, India",JAMMU,Jammu,Jammu and Kashmir,181101,board,ICSE / ISC,Day,Co-ed.,true,32.6691117,74.8387384,https://www.stpeterschoolkaranbagh.com,https://locate.cisce.org/,2026-08-25
JK003,St. Peter's High School,"LEH, Leh, Ladakh, 194101, India",LEH,Leh,Ladakh,194101,board,ICSE,Day,Co-ed.,true,34.111769,77.5877318,https://www.stpeterschoolleh.com,https://locate.cisce.org/,2026-08-25
JK004,Leh Modern School,"LEH, Leh, Jammu and Kashmir, 194101, India",LEH,Leh,Jammu and Kashmir,194101,board,ICSE,Day,Co-ed.,true,34.111769,77.5877318,https://www.lehmodernschool.com,https://locate.cisce.org/,2026-08-25
JK005,Ops Higher Secondary School,"KATHUA, Kathua, Jammu and Kashmir, 814104, India",KATHUA,Kathua,Jammu and Kashmir,814104,board,ICSE,Day,Co-ed.,false,32.3863082,75.5173465,,https://locate.cisce.org/,2026-08-25
KA001,American Friendship Residential School,"Renumakalahalli, Kolar, Karnataka, 561 209, India",Renumakalahalli,Kolar,Karnataka,561209,board,ICSE / ISC,Residential,Co-ed.,true,13.5097235,77.7859725,https://nrti.com/afrs,https://locate.cisce.org/,2026-08-25
KA002,Baldwin Boys' High School,"Richmond Town, BENGALURU, Karnataka, 560 025, India",Richmond Town,BENGALURU,Karnataka,560025,board,ICSE,Day,Boys,true,12.9635893,77.6044928,,https://locate.cisce.org/,2026-08-25
KA003,Baldwin Girls' High School,"BENGALURU, BENGALURU, Karnataka, 560 025, India",BENGALURU,BENGALURU,Karnataka,560025,board,ICSE / ISC,Day,Girls,true,12.9666936,77.6088709,,https://locate.cisce.org/,2026-08-25
KA004,Bishop Cotton Boys' School,"St. Mark's Road, BENGALURU, Karnataka, 560 001, India",St. Mark's Road,BENGALURU,Karnataka,560001,board,ICSE / ISC,Day/Residential,Boys,true,12.9723084,77.6012,https://www.cottonboys.com  www.bishopcottonboysschool.edu.in,https://locate.cisce.org/,2026-08-25
KA005,Bishop Cotton Girls' School,"St. Mark's Road, BENGALURU, Karnataka, 560 001, India",St. Mark's Road,BENGALURU,Karnataka,560001,board,ICSE / ISC,Day/Residential,Girls,true,12.9723084,77.6012,https://www.bishopcottongirls.com,https://locate.cisce.org/,2026-08-25
KA006,Clarence High School,"Richards Town, BENGALURU, Karnataka, 560 005, India",Richards Town,BENGALURU,Karnataka,560005,board,ICSE / ISC,Day,Co-ed.,true,13.0054545,77.6161788,https://www.clarencehighschool.in,https://locate.cisce.org/,2026-08-25
KA007,Cluny Convent High School,"Malleswaram, BENGALURU, Karnataka, 560 003, India",Malleswaram,BENGALURU,Karnataka,560003,board,ICSE / ISC,Day,Girls,true,13.0081794,77.578814,,https://locate.cisce.org/,2026-08-25
KA008,The Frank Anthony Public School,"Ulsoor, BENGALURU, Karnataka, 560 008, India",Ulsoor,BENGALURU,Karnataka,560008,board,ICSE / ISC,Day,Co-ed.,true,12.9713384,77.6285089,https://www.fapsian.com,https://locate.cisce.org/,2026-08-25
KA009,Sacred Heart Girls' High School,"Museum Road, BENGALURU, Karnataka, 560 025, India",Museum Road,BENGALURU,Karnataka,560025,board,ICSE / ISC,Day,Girls,true,12.9722636,77.6042632,https://shghs.edu.in,https://locate.cisce.org/,2026-08-25
KA010,The Cathedral High School,"BENGALURU, BENGALURU, Karnataka, 560 025, India",BENGALURU,BENGALURU,Karnataka,560025,board,ICSE,Day/Boarding,Co-ed.,true,12.9666195,77.6085016,https://www.cathedralhighschool.in,https://locate.cisce.org/,2026-08-25
KA011,Seventh Day Adventist Higher Secondary School,"Frazer Town, BENGALURU, Karnataka, 560 005, India",Frazer Town,BENGALURU,Karnataka,560005,board,ICSE / ISC,Day,Co-ed.,true,12.9943207,77.6121255,,https://locate.cisce.org/,2026-08-25
KA012,Sophia High School,"BENGALURU, BENGALURU, Karnataka, 560 001, India",BENGALURU,BENGALURU,Karnataka,560001,board,ICSE / ISC,Day,Girls,true,12.986702,77.587238,https://www.sophiahighschool.org,https://locate.cisce.org/,2026-08-25
KA013,St. Charles High School,"BENGALURU, BENGALURU, Karnataka, 560 084, India",BENGALURU,BENGALURU,Karnataka,560084,board,ICSE,Day,Girls,true,13.0163011,77.6314178,,https://locate.cisce.org/,2026-08-25
KA014,St. Francis Xavier Girls' High School,"Frazer Town, BENGALURU, Karnataka, 560 005, India",Frazer Town,BENGALURU,Karnataka,560005,board,ICSE / ISC,Day/Residential,Girls,true,12.9933198,77.6138204,https://www.sfxghs.org,https://locate.cisce.org/,2026-08-25
KA015,St. Germain High School,"BENGALURU, BENGALURU, Karnataka, 560 005, India",BENGALURU,BENGALURU,Karnataka,560005,board,ICSE,Day,Boys,true,12.9970483,77.6144076,https://www.stgermainacademy.com,https://locate.cisce.org/,2026-08-25
KA016,St. John's High School,"BENGALURU, BENGALURU, Karnataka, 560 005, India",BENGALURU,BENGALURU,Karnataka,560005,board,ICSE / ISC,Day,Co-ed.,true,12.9915899,77.6123716,https://www.johnshighedu.com,https://locate.cisce.org/,2026-08-25
KA017,St. Joseph's Boys High School,"BENGALURU, BENGALURU, Karnataka, 560 025, India",BENGALURU,BENGALURU,Karnataka,560025,board,ICSE / ISC,Day,Co-ed.,true,12.9716016,77.6043095,https://www.sjbhs.edu.in,https://locate.cisce.org/,2026-08-25
KA018,Cambridge School,"K. R. Puram, BENGALURU, Karnataka, 560 036, India",K. R. Puram,BENGALURU,Karnataka,560036,board,ICSE,Day,Co-ed.,true,12.9887719,77.6822129,https://www.cambridge-school.edu.in,https://locate.cisce.org/,2026-08-25
KA019,Bethany High School,"Koramangala Layout, BENGALURU, Karnataka, 560 095, India",Koramangala Layout,BENGALURU,Karnataka,560095,board,ICSE / ISC,Day/Residential,Co-ed.,true,12.9406477,77.6209455,https://www.bethanyinstitutions.edu.in,https://locate.cisce.org/,2026-08-25
KA020,The Valley School,"BENGALURU, Bangalore Rural, Karnataka, 560 062, India",BENGALURU,Bangalore Rural,Karnataka,560062,board,ICSE / ISC,Day/Residential,Co-ed.,true,12.8379474,77.5164482,https://www.thevalleyschool.info,https://locate.cisce.org/,2026-08-25
KA021,B.P. Indian Public School,"Malleswaram, BENGALURU, Karnataka, 560 003, India",Malleswaram,BENGALURU,Karnataka,560003,board,ICSE / ISC,Day,Co-ed.,true,13.003355,77.5660287,,https://locate.cisce.org/,2026-08-25
KA022,Bangalore Public School,"H.A.L.-II Stage, BENGALURU, Karnataka, 560 008, India",H.A.L.-II Stage,BENGALURU,Karnataka,560008,board,ICSE,Day,Co-ed.,true,12.963026,77.6446004,,https://locate.cisce.org/,2026-08-25
KA023,Presidency School,"Nandini Layout, BENGALURU, Karnataka, 560 096, India",Nandini Layout,BENGALURU,Karnataka,560096,board,ICSE,Day,Co-ed.,true,13.0136616,77.5339379,https://www.presidencynlo.org,https://locate.cisce.org/,2026-08-25
KA024,Presidency School,"BENGALURU, BENGALURU, Karnataka, 560 032, India",BENGALURU,BENGALURU,Karnataka,560032,board,ICSE,Day,Co-ed.,true,13.0282403,77.5909837,,https://locate.cisce.org/,2026-08-25
KA025,Tunbridge High School,"BENGALURU, BENGALURU, Karnataka, 560 001, India",BENGALURU,BENGALURU,Karnataka,560001,board,ICSE,Day,Co-ed.,true,12.9790802,77.6068754,https://www.tunbridgehs.com,https://locate.cisce.org/,2026-08-25
KA026,St. Mira's English School,"Rajaji Nagar, BENGALURU, Karnataka, 560 010, India",Rajaji Nagar,BENGALURU,Karnataka,560010,board,ICSE,Day,Co-ed.,true,12.9792749,77.5536601,https://www.stmiras.org,https://locate.cisce.org/,2026-08-25
KA027,New Horizon Public School,"Indiranagar, BENGALURU, Karnataka, 560 008, India",Indiranagar,BENGALURU,Karnataka,560008,board,ICSE / ISC,Day,Co-ed.,true,12.9506526,77.6392151,https://www.newhorizonindia.edu,https://locate.cisce.org/,2026-08-25
KA028,St. Paul's English School,"J.P. Nagar, BENGALURU, Karnataka, 560 078, India",J.P. Nagar,BENGALURU,Karnataka,560078,board,ICSE / ISC,Day,Co-ed.,true,12.9136572,77.586852,,https://locate.cisce.org/,2026-08-25
KA029,Mallya Aditi International School,"Yelahanka, BENGALURU, Karnataka, 560 064, India",Yelahanka,BENGALURU,Karnataka,560064,board,ICSE / ISC,Day,Co-ed.,true,13.1154662,77.6069977,,https://locate.cisce.org/,2026-08-25
KA030,The Oxford English School,"J.P. Nagar, BENGALURU, Karnataka, 560 078, India",J.P. Nagar,BENGALURU,Karnataka,560078,board,ICSE / ISC,Day,Co-ed.,true,12.9110189,77.5784312,https://www.theoxford.edu,https://locate.cisce.org/,2026-08-25
KA031,Florence Public School,"R.T. Nagar, BENGALURU, Karnataka, 560 032, India",R.T. Nagar,BENGALURU,Karnataka,560032,board,ICSE,Day,Co-ed.,true,13.0225809,77.5931039,,https://locate.cisce.org/,2026-08-25
KA032,The Eastwood High School,"Ulsoor, BENGALURU, Karnataka, 560 008, India",Ulsoor,BENGALURU,Karnataka,560008,board,ICSE,Day,Co-ed.,true,12.971188,77.6287399,,https://locate.cisce.org/,2026-08-25
KA035,Innisfree House School,"J.P. Nagar, BENGALURU, Karnataka, 560 078, India",J.P. Nagar,BENGALURU,Karnataka,560078,board,ICSE / ISC,Day,Co-ed.,true,12.9075039,77.5864014,,https://locate.cisce.org/,2026-08-25
KA036,New Public English School,"Vijaya Nagar, BENGALURU, Karnataka, 560 040, India",Vijaya Nagar,BENGALURU,Karnataka,560040,board,ICSE,Day,Co-ed.,true,12.9686694,77.5365313,,https://locate.cisce.org/,2026-08-25
KA037,Carmel School,"Banashankari, BENGALURU, Karnataka, 560 070, India",Banashankari,BENGALURU,Karnataka,560070,board,ICSE,Day,Co-ed.,true,12.9155691,77.5567733,,https://locate.cisce.org/,2026-08-25
KA038,St. Mary's Public School,"Bengaluru, BENGALURU, Karnataka, 560 052, India",Bengaluru,BENGALURU,Karnataka,560052,board,ICSE / ISC,Day,Co-ed.,true,12.9858418,77.5979943,https://www.stmaryspublicschool.co.in,https://locate.cisce.org/,2026-08-25
KA039,Little Flower Public School,"BENGALURU, BENGALURU, Karnataka, 560 085, India",BENGALURU,BENGALURU,Karnataka,560085,board,ICSE,Day,Co-ed.,true,12.9301384,77.5538719,,https://locate.cisce.org/,2026-08-25
KA040,Clarence Public School,"J.P. Nagar, BENGALURU, Karnataka, 560 078, India",J.P. Nagar,BENGALURU,Karnataka,560078,board,ICSE,Day,Co-ed.,true,12.9082282,77.5955566,,https://locate.cisce.org/,2026-08-25
KA041,St. Ann's High School,"Rajaji Nagar, BENGALURU, Karnataka, 560 010, India",Rajaji Nagar,BENGALURU,Karnataka,560010,board,ICSE,Day,Co-ed.,true,12.978216,77.5533043,,https://locate.cisce.org/,2026-08-25
KA042,S. Cadambi Vidya Kendra English Sec. School,"Basweshwarnagar, BENGALURU, Karnataka, 560 079, India",Basweshwarnagar,BENGALURU,Karnataka,560079,board,ICSE,Day,Co-ed.,true,12.9902261,77.5485576,https://www.scvk.org,https://locate.cisce.org/,2026-08-25
KA043,Sharada Residential School,"Kunjibettu, Udupi, Karnataka, 576 102, India",Kunjibettu,Udupi,Karnataka,576102,board,ICSE / ISC,Residential,Co-ed.,true,13.3474268,74.7635881,https://www.sharadaresidentialschool.edu.in,https://locate.cisce.org/,2026-08-25
KA044,Vidya Niketan School,"Hebbal, BENGALURU, Karnataka, 560 024, India",Hebbal,BENGALURU,Karnataka,560024,board,ICSE / ISC,Day,Co-ed.,true,13.0539011,77.608788,,https://locate.cisce.org/,2026-08-25
KA045,Vivekananda Educational Centre,"Jayanagar, BENGALURU, Karnataka, 560 011, India",Jayanagar,BENGALURU,Karnataka,560011,board,ICSE,Day,Co-ed.,true,12.9266567,77.5917927,https://vecjnr.edu.in,https://locate.cisce.org/,2026-08-25
KA046,Twinklers School,"BENGALURU, BENGALURU, Karnataka, 560 082, India",BENGALURU,BENGALURU,Karnataka,560082,board,ICSE / ISC,Day,Co-ed.,true,12.759086,77.486202,,https://locate.cisce.org/,2026-08-25
KA047,Sandur Girls Residential School,"Hosapete, Bellary, Karnataka, 583201, India",Hosapete,Bellary,Karnataka,583201,board,ICSE,Day,Girls,true,16.1289671,74.6561453,https://www.sgrschool.com,https://locate.cisce.org/,2026-08-25
KA048,Sri Kumaran Public School,"Bangalore South Taluk, BENGALURU, Karnataka, 560 062, India",Bangalore South Taluk,BENGALURU,Karnataka,560062,board,ICSE / ISC,Day,Co-ed.,true,12.8932897,77.5664197,https://www.kumarans.org,https://locate.cisce.org/,2026-08-25
KA049,Sree Rama Vidyalaya,"Jaya Nagar, BENGALURU, Karnataka, 560 011, India",Jaya Nagar,BENGALURU,Karnataka,560011,board,ICSE,Day,Co-ed.,true,12.9393634,77.5840811,,https://locate.cisce.org/,2026-08-25
KA050,Phoenix Public Residential School,"Honaga, Belgaum, Karnataka, 591 113, India",Honaga,Belgaum,Karnataka,591113,board,ICSE / ISC,Day/Residential,Co-ed.,true,15.3156773,75.1442427,https://www.phoenixpublicschool.info,https://locate.cisce.org/,2026-08-25
KA051,Ekya School,"J.P. Nagar, BENGALURU, Karnataka, 560 078, India",J.P. Nagar,BENGALURU,Karnataka,560078,board,ICSE,Day,Co-ed.,true,12.907795,77.596938,https://www.ekyaschools.com,https://locate.cisce.org/,2026-08-25
KA052,Jyothi English Medium School,"Chintamani, Kolar, Karnataka, 563 125, India",Chintamani,Kolar,Karnataka,563125,board,ICSE / ISC,Day/Residential,Co-ed.,true,12.4195327,75.7394623,https://www.jyothischool.com,https://locate.cisce.org/,2026-08-25
KA053,Coorg Public School,"S. Kodagu, Kodagu, Karnataka, 571 213, India",S. Kodagu,Kodagu,Karnataka,571213,board,ICSE,Day/Residential,Co-ed.,true,12.1902543,75.9269767,https://www.coorgpublicschool.org.in,https://locate.cisce.org/,2026-08-25
KA054,Sishu Griha Montessori And High,"Bangalore South Taluk, BENGALURU, Karnataka, 560 075, India",Bangalore South Taluk,BENGALURU,Karnataka,560075,board,ICSE / ISC,Day,Co-ed.,true,12.964857,77.64822,https://www.sishugriha.in,https://locate.cisce.org/,2026-08-25
KA055,Sayyid Akbar Husayni School,"Gulbarga, Kalaburagi, Karnataka, 585 104, India",Gulbarga,Kalaburagi,Karnataka,585104,board,ICSE / ISC,Day,Co-ed.,true,17.329731,76.8342957,https://www.kedus.org,https://locate.cisce.org/,2026-08-25
KA056,Acharya Pathasala Public School,"Narasimha Raja Colony, BENGALURU, Karnataka, 560 019, India",Narasimha Raja Colony,BENGALURU,Karnataka,560019,board,ICSE / ISC,Day,Co-ed.,true,12.9868744,77.5178872,,https://locate.cisce.org/,2026-08-25
KA057,National Academy For Learning,"Basweshwarnagar, BENGALURU, Karnataka, 560 079, India",Basweshwarnagar,BENGALURU,Karnataka,560079,board,ICSE / ISC,Day,Co-ed.,true,12.9879576,77.5374662,,https://locate.cisce.org/,2026-08-25
KA058,St. Thomas Public School,"Indira Nagar, BENGALURU, Karnataka, 560 075, India",Indira Nagar,BENGALURU,Karnataka,560075,board,ICSE,Day,Co-ed.,true,12.9585291,77.6553974,https://www.stthomaspublicschool.in,https://locate.cisce.org/,2026-08-25
KA059,Vidyaniketan Public School,"Kaup, Udupi, Karnataka, 574 106, India",Kaup,Udupi,Karnataka,574106,board,ICSE,Day/Residential,Co-ed.,true,13.3368614,74.7395159,https://www.jannavidya.com,https://locate.cisce.org/,2026-08-25
KA060,Carmel High School,"Basaweshwaranagar, BENGALURU, Karnataka, 560 079, India",Basaweshwaranagar,BENGALURU,Karnataka,560079,board,ICSE,Day,Co-ed.,true,12.9892675,77.5397293,https://www.carmeledu.com,https://locate.cisce.org/,2026-08-25
KA061,Notre Dame School,"Hinkal, Mysore, Karnataka, 570 017, India",Hinkal,Mysore,Karnataka,570017,board,ICSE,Day,Co-ed.,true,12.3210934,76.5873225,,https://locate.cisce.org/,2026-08-25
KA062,Dayananda Sagar International School,"Kumaraswamy Layout, BENGALURU, Karnataka, 560 078, India",Kumaraswamy Layout,BENGALURU,Karnataka,560078,board,ICSE,Day,Co-ed.,true,12.9081233,77.5649846,https://www.dayanandasagar.edu,https://locate.cisce.org/,2026-08-25
KA063,Acharya Vidya Kula,"12 K.M. Stone, Mysore, Karnataka, 571 130, India",12 K.M. Stone,Mysore,Karnataka,571130,board,ICSE,Day,Co-ed.,true,12.2958104,76.6393805,https://www.acharyavidyakula.org,https://locate.cisce.org/,2026-08-25
KA064,Sri Vani Public School,"Rajaji Nagar, BENGALURU, Karnataka, 560 010, India",Rajaji Nagar,BENGALURU,Karnataka,560010,board,ICSE,Day,Co-ed.,true,13.0428693,77.5778822,https://www.srivani.edu.in,https://locate.cisce.org/,2026-08-25
KA065,Mysore Public School,"MYSORE, Mysore, Karnataka, 570 008, India",MYSORE,Mysore,Karnataka,570008,board,ICSE / ISC,Day/Residential,Co-ed.,true,12.2540061,76.620407,https://mysorepublicschool.com,https://locate.cisce.org/,2026-08-25
KA066,Sri Siddhi Vinayaka Residential School,"UDUPI, Udupi, Karnataka, 576 283, India",UDUPI,Udupi,Karnataka,576283,board,ICSE,Residential,Co-ed.,true,13.6521944,74.7307807,https://www.ssrshattiangadi.in,https://locate.cisce.org/,2026-08-25
KA067,Green Park Central School,"Hiriadka, Udupi, Karnataka, 576 113, India",Hiriadka,Udupi,Karnataka,576113,board,ICSE,Day,Co-ed.,true,13.3435442,74.8729083,https://www.greenparkcentralschool.in,https://locate.cisce.org/,2026-08-25
KA068,R.t. Nagar Public School,"BENGALURU, BENGALURU, Karnataka, 560 032, India",BENGALURU,BENGALURU,Karnataka,560032,board,ICSE,Day,Co-ed.,true,13.0255962,77.5995171,https://www.rtnagargroups.com,https://locate.cisce.org/,2026-08-25
KA069,Sri K.V. English School,"Chickballapur, Kolar, Karnataka, 562 101, India",Chickballapur,Kolar,Karnataka,562101,board,ICSE,Day,Co-ed.,true,13.585348,77.7931226,,https://locate.cisce.org/,2026-08-25
KA070,Bishop Sargant School,"Tumkur, Tumkur, Karnataka, 572 102, India",Tumkur,Tumkur,Karnataka,572102,board,ICSE / ISC,Day,Co-ed.,true,13.3387641,77.0976452,https://www.bishopsargant.com,https://locate.cisce.org/,2026-08-25
KA071,Sandur Residential School,"Shivapur, Bellary, Karnataka, 583 119, India",Shivapur,Bellary,Karnataka,583119,board,ICSE,Day/Residential,Co-ed.,true,15.0937231,76.5372173,https://www.sandurschool.edu.in,https://locate.cisce.org/,2026-08-25
KA072,Daffodils English School,"Bengaluru, BENGALURU, Karnataka, 560 094, India",Bengaluru,BENGALURU,Karnataka,560094,board,ICSE,Day,Co-ed.,true,13.0286599,77.5733599,https://www.daffodils.school,https://locate.cisce.org/,2026-08-25
KA073,Acts Secondary School,"Bengaluru, BENGALURU, Karnataka, 560 100, India",Bengaluru,BENGALURU,Karnataka,560100,board,ICSE / ISC,Day,Co-ed.,true,12.8329351,77.6654825,https://actssecondaryschool.in/,https://locate.cisce.org/,2026-08-25
KA076,The New Cambridge English School,"Bengaluru, BENGALURU, Karnataka, 560 104, India",Bengaluru,BENGALURU,Karnataka,560104,board,ICSE,Day,Co-ed.,true,12.9585816,77.5324846,https://www.tncicse.org,https://locate.cisce.org/,2026-08-25
KA077,St. Philomena's English Primary School,"BENGALURU, BENGALURU, Karnataka, 560 097, India",BENGALURU,BENGALURU,Karnataka,560097,board,ICSE,Day,Co-ed.,true,13.0810718,77.5561667,https://www.stphilomenasschool.co,https://locate.cisce.org/,2026-08-25
KA078,St. Theresa's School,"Mangaluru, Dakshina Kannada, Karnataka, 575 002, India",Mangaluru,Dakshina Kannada,Karnataka,575002,board,ICSE / ISC,Day,Co-ed.,true,12.8728021,74.8550992,https://sttheresasicse.org,https://locate.cisce.org/,2026-08-25
KA079,Ryan International School,"M.H. Colony, BENGALURU, Karnataka, 560 037, India",M.H. Colony,BENGALURU,Karnataka,560037,board,ICSE / ISC,Day,Co-ed.,true,12.9650995,77.7183429,https://www.ryaninternational.org,https://locate.cisce.org/,2026-08-25
KA080,International School,"BENGALURU, BENGALURU, Karnataka, 562 125, India",BENGALURU,BENGALURU,Karnataka,562125,board,ICSE,Day,Boys,true,12.910911,77.6844166,,https://locate.cisce.org/,2026-08-25
KA081,Cambridge Public School,"H. S. R. Layout, BENGALURU, Karnataka, 560 101, India",H. S. R. Layout,BENGALURU,Karnataka,560101,board,ICSE / ISC,Day,Co-ed.,true,12.9188714,77.6471106,,https://locate.cisce.org/,2026-08-25
KA082,EuroSchool,"H.S.R. Extension, BENGALURU, Karnataka, 560102, India",H.S.R. Extension,BENGALURU,Karnataka,560102,board,ICSE / ISC,Day,Co-ed.,true,12.907427,77.6456264,https://www.euroschoolindia.com,https://locate.cisce.org/,2026-08-25
KA083,Appollo National Public School,"Banashankari, BENGALURU, Karnataka, 560 085, India",Banashankari,BENGALURU,Karnataka,560085,board,ICSE / ISC,Day,Co-ed.,true,12.9234415,77.5511944,https://www.appollonps.com,https://locate.cisce.org/,2026-08-25
KA084,Auden Institute Of Education,"Banashankari, BENGALURU, Karnataka, 560 085, India",Banashankari,BENGALURU,Karnataka,560085,board,ICSE,Day,Co-ed.,true,12.941439,77.544371,https://www.audenpublicschool.com,https://locate.cisce.org/,2026-08-25
KA085,Rashtreeya Vidyalaya Public School,"Visweswarapuram, BENGALURU, Karnataka, 560 004, India",Visweswarapuram,BENGALURU,Karnataka,560004,board,ICSE,Day,Co-ed.,true,12.9215877,77.5802611,https://www.rvpublicschool.com,https://locate.cisce.org/,2026-08-25
KA086,Miranda English Medium School,"H.A.L. III Stage, BENGALURU, Karnataka, 560 075, India",H.A.L. III Stage,BENGALURU,Karnataka,560075,board,ICSE,Day,Co-ed.,true,12.9684411,77.6508878,https://www.mirandaschool.info,https://locate.cisce.org/,2026-08-25
KA087,Vidyashilp Academy,"BENGALURU, BENGALURU, Karnataka, 560064, India",BENGALURU,BENGALURU,Karnataka,560064,board,ICSE / ISC,Day,Co-ed.,true,13.1301994,77.5897569,https://www.vidyashilp.com,https://locate.cisce.org/,2026-08-25
KA088,Maruthi Vidyalaya,"BENGALURU, BENGALURU, Karnataka, 560 043, India",BENGALURU,BENGALURU,Karnataka,560043,board,ICSE,Day,Co-ed.,true,13.028992,77.65274,https://www.maruthividyalaya.com,https://locate.cisce.org/,2026-08-25
KA089,St. Charles High School,"St. Thomas Town, BENGALURU, Karnataka, 560 084, India",St. Thomas Town,BENGALURU,Karnataka,560084,board,ICSE,Day,Girls,true,13.0159044,77.6378619,https://www.stcharleskhalli.in,https://locate.cisce.org/,2026-08-25
KA090,The Sudarshan Vidya Mandir I.C.S.E. Academy,"Jayanagar, BENGALURU, Karnataka, 560 041, India",Jayanagar,BENGALURU,Karnataka,560041,board,ICSE,Day,Co-ed.,true,12.925295,77.593979,https://www.sudarshanvm.org,https://locate.cisce.org/,2026-08-25
KA091,Mount Senoria School,"Laggere, BENGALURU, Karnataka, 560 058, India",Laggere,BENGALURU,Karnataka,560058,board,ICSE,Day,Co-ed.,true,13.004007,77.527933,https://www.mountsenoriaschool.com,https://locate.cisce.org/,2026-08-25
KA092,Lowry Memorial High School,"BENGALURU, BENGALURU, Karnataka, 560 016, India",BENGALURU,BENGALURU,Karnataka,560016,board,ICSE / ISC,Day,Co-ed.,true,13.0029587,77.6677669,,https://locate.cisce.org/,2026-08-25
KA094,Holy Angel's High School,"Vijayanagar, BENGALURU, Karnataka, 560 040, India",Vijayanagar,BENGALURU,Karnataka,560040,board,ICSE,Day,Co-ed.,true,12.9630771,77.552902,https://holyangelshighschool.org,https://locate.cisce.org/,2026-08-25
KA095,S.S.B. International School,"Indiranagar, BENGALURU, Karnataka, 560 038, India",Indiranagar,BENGALURU,Karnataka,560038,board,ICSE,Day,Co-ed.,true,12.9735682,77.6400406,,https://locate.cisce.org/,2026-08-25
KA096,R.N.S. Vidyaniketan,"Vijayanagar, BENGALURU, Karnataka, 560 040, India",Vijayanagar,BENGALURU,Karnataka,560040,board,ICSE,Day,Co-ed.,true,12.9611023,77.5331619,https://www.bsrnsv.com,https://locate.cisce.org/,2026-08-25
KA097,De Paul International Residential School,"Srirangapatna Taluk, Mandya, Karnataka, 571 606, India",Srirangapatna Taluk,Mandya,Karnataka,571606,board,ICSE / ISC,Day/Residential,Co-ed.,true,12.4243779,76.6833269,,https://locate.cisce.org/,2026-08-25
KA098,Auxilium School,"Virgoanagar Post, BENGALURU, Karnataka, 560 049, India",Virgoanagar Post,BENGALURU,Karnataka,560049,board,ICSE / ISC,Day,Co-ed.,true,13.0412173,77.7433662,https://www.auxiliumbangalore.org,https://locate.cisce.org/,2026-08-25
KA099,St. Flowers English Medium School,"Bengaluru, BENGALURU, Karnataka, 560040, India",Bengaluru,BENGALURU,Karnataka,560040,board,ICSE,Day,Co-ed.,true,12.9664494,77.5652947,https://www.stflowerschool.com,https://locate.cisce.org/,2026-08-25
KA100,National Residential School,"Konandoor, Shimoga, Karnataka, 577 422, India",Konandoor,Shimoga,Karnataka,577422,board,ICSE,Day/Boarding,Co-ed.,true,13.6894963,75.2449892,https://www.nrskonandur.org,https://locate.cisce.org/,2026-08-25
KA101,Silas International School,"UDUPI, Udupi, Karnataka, 576 105, India",UDUPI,Udupi,Karnataka,576105,board,ICSE,Day/Residential,Co-ed.,true,13.3630278,74.7390833,,https://locate.cisce.org/,2026-08-25
KA102,South East Asian International School,"Virgo Nagar, BENGALURU, Karnataka, 560 049, India",Virgo Nagar,BENGALURU,Karnataka,560049,board,ICSE,Day,Co-ed.,true,13.0148152,77.7129152,https://www.seaedu.ac.in,https://locate.cisce.org/,2026-08-25
KA103,St. Dominic's School,"Anekal Taluk, BENGALURU, Karnataka, 562 107, India",Anekal Taluk,BENGALURU,Karnataka,562107,board,ICSE / ISC,Day,Co-ed.,true,12.7825847,77.7710089,,https://locate.cisce.org/,2026-08-25
KA104,New Baldwin International School,"Banaswadi, BENGALURU, Karnataka, 560 043, India",Banaswadi,BENGALURU,Karnataka,560043,board,ICSE,Day,Co-ed.,true,13.012852,77.664316,https://www.newbaldwininstitutuions.org,https://locate.cisce.org/,2026-08-25
KA105,GREEN VALLEY INTERNATIONAL SCHOOL,"UDUPI, Udupi, Karnataka, 576 228, India",UDUPI,Udupi,Karnataka,576228,board,ICSE / ISC,Day/Boarding,Co-ed.,true,13.917362,74.6049061,https://www.gvnschool.net,https://locate.cisce.org/,2026-08-25
KA106,Vidyodaya Public School,"Vadiraja Road, Udupi, Karnataka, 576 101, India",Vadiraja Road,Udupi,Karnataka,576101,board,ICSE,Day,Co-ed.,true,13.3413868,74.7533398,,https://locate.cisce.org/,2026-08-25
KA107,Deccan International School,"Chikkalsandra, BENGALURU, Karnataka, 560 061, India",Chikkalsandra,BENGALURU,Karnataka,560061,board,ICSE / ISC,Day,Co-ed.,true,12.9126888,77.5551353,https://www.deccan.edu.in,https://locate.cisce.org/,2026-08-25
KA108,Divine English School,"Yeshwanthpura, BENGALURU, Karnataka, 560 022, India",Yeshwanthpura,BENGALURU,Karnataka,560022,board,ICSE,Day,Co-ed.,true,13.0216226,77.5560884,https://www.divinefoundations.org,https://locate.cisce.org/,2026-08-25
KA109,Jnanasarovara International Residential School,"Bannur Road, Mysore, Karnataka, 570 028, India",Bannur Road,Mysore,Karnataka,570028,board,ICSE / ISC,Day/Residential,Co-ed.,true,12.315543,76.7497775,https://www.jirsm.com,https://locate.cisce.org/,2026-08-25
KA110,School Vivekananda,"Sahakaranagar, BENGALURU, Karnataka, 560 092, India",Sahakaranagar,BENGALURU,Karnataka,560092,board,ICSE,Day,Co-ed.,true,13.0615618,77.5872699,https://www.schoolvivekananda.com,https://locate.cisce.org/,2026-08-25
KA111,Vidya Jyothi School,"Basavanatha, Kolar, Karnataka, 563 101, India",Basavanatha,Kolar,Karnataka,563101,board,ICSE,Day,Co-ed.,true,13.1108132,78.1493171,,https://locate.cisce.org/,2026-08-25
KA112,Nandini Vidyanikethana,"Vijayapura, Bangalore Rural, Karnataka, 562 135, India",Vijayapura,Bangalore Rural,Karnataka,562135,board,ICSE,Day,Co-ed.,true,13.278454,77.8070925,https://www.nandinividyanikethana.org,https://locate.cisce.org/,2026-08-25
KA113,Vidyanidhi Public School,"Gauribidanur Taluk, Chikballapur, Karnataka, 561 208, India",Gauribidanur Taluk,Chikballapur,Karnataka,561208,board,ICSE,Day,Co-ed.,true,13.5569168,77.5143834,,https://locate.cisce.org/,2026-08-25
KA114,Embassy Public School,"Magadi Main Road, BENGALURU, Karnataka, 560 091, India",Magadi Main Road,BENGALURU,Karnataka,560091,board,ICSE,Day,Co-ed.,true,12.9868236,77.51367,,https://locate.cisce.org/,2026-08-25
KA116,Cauvery Public School,"Elechakanahalli Post, Mandya, Karnataka, 571 401, India",Elechakanahalli Post,Mandya,Karnataka,571401,board,ICSE,Day/Boarding,Co-ed.,true,12.4955404,76.8050832,https://cauverypublicschool.org,https://locate.cisce.org/,2026-08-25
KA117,Swargarani School,"Rajarajeshwari Nagar, BENGALURU, Karnataka, 560 098, India",Rajarajeshwari Nagar,BENGALURU,Karnataka,560098,board,ICSE,Day,Co-ed.,true,12.9197763,77.5203643,https://www.swargaranischool.com,https://locate.cisce.org/,2026-08-25
KA118,The Presidency Public School,"Sira, Tumkur, Karnataka, 572 137, India",Sira,Tumkur,Karnataka,572137,board,ICSE,Day/Residential,Co-ed.,true,13.7576917,76.8989378,https://sirapresidency.org,https://locate.cisce.org/,2026-08-25
KA119,Gnana Deepa Academy Residential School,"Devanahalli, Bangalore Rural, Karnataka, 562 110, India",Devanahalli,Bangalore Rural,Karnataka,562110,board,ICSE,Day/Boarding,Co-ed.,true,13.2437197,77.7172413,,https://locate.cisce.org/,2026-08-25
KA120,Sarala Birla Academy,"Bannerghatta, BENGALURU, Karnataka, 560 083, India",Bannerghatta,BENGALURU,Karnataka,560083,board,ICSE / ISC,Residential,Boys,true,12.7990671,77.6611341,https://www.saralabirlaacademy.org,https://locate.cisce.org/,2026-08-25
KA121,St. Peter's School,"Sarjapura Road, BENGALURU, Karnataka, 560 035, India",Sarjapura Road,BENGALURU,Karnataka,560035,board,ICSE / ISC,Day,Co-ed.,true,12.9116541,77.6826639,,https://locate.cisce.org/,2026-08-25
KA122,Seshadripuram Public School,"Yelahanka New Town, BENGALURU, Karnataka, 560 064, India",Yelahanka New Town,BENGALURU,Karnataka,560064,board,ICSE / ISC,Day,Co-ed.,true,13.0981481,77.5757871,https://spsynk.ac.in,https://locate.cisce.org/,2026-08-25
KA123,St. Francis School,"Koramangala, BENGALURU, Karnataka, 560 034, India",Koramangala,BENGALURU,Karnataka,560034,board,ICSE / ISC,Day,Co-ed.,true,12.9352403,77.624532,https://www.stfrancisschoolicse.com,https://locate.cisce.org/,2026-08-25
KA124,Amber Valley Residential School,"Mugthihalli, Chikkamagaluru, Karnataka, 577 133, India",Mugthihalli,Chikkamagaluru,Karnataka,577133,board,ICSE / ISC,Residential,Co-ed.,true,13.2756879,75.7252491,https://www.ambervalleyschool.org,https://locate.cisce.org/,2026-08-25
KA125,Baldwin Co-Education Extension High School,"Rajarajeshwari Nagar, BENGALURU, Karnataka, 560 098, India",Rajarajeshwari Nagar,BENGALURU,Karnataka,560098,board,ICSE,Day,Co-ed.,true,12.9200024,77.5182467,,https://locate.cisce.org/,2026-08-25
KA126,Prakriya Green Wisdom School,"Sarjapura Road, BENGALURU, Karnataka, 560 035, India",Sarjapura Road,BENGALURU,Karnataka,560035,board,ICSE / ISC,Day,Co-ed.,true,12.885842,77.6976191,https://www.prakriyaschool.edu.in,https://locate.cisce.org/,2026-08-25
KA127,Karaumbiah's Academy For Learning And Sports,"South Coorg, Kodagu, Karnataka, 571 213, India",South Coorg,Kodagu,Karnataka,571213,board,ICSE / ISC,Day/Residential,Co-ed.,true,12.178631,75.9135809,https://www.kalschool.com,https://locate.cisce.org/,2026-08-25
KA128,Sri Vani Education Centre,"Basaveshwaranagar, BENGALURU, Karnataka, 560 079, India",Basaveshwaranagar,BENGALURU,Karnataka,560079,board,ICSE,Day,Co-ed.,true,12.9837964,77.5378215,https://www.srivani.edu.in,https://locate.cisce.org/,2026-08-25
KA129,Sri Vishweshwaraiah School,"Hospet Road, Bellary, Karnataka, 583 104, India",Hospet Road,Bellary,Karnataka,583104,board,ICSE,Day,Co-ed.,true,15.1656573,76.8594613,,https://locate.cisce.org/,2026-08-25
KA130,Fusco's School,"BENGALURU, BENGALURU, Karnataka, 560 038, India",BENGALURU,BENGALURU,Karnataka,560038,board,ICSE,Day,Co-ed.,true,12.982535,77.6350697,,https://locate.cisce.org/,2026-08-25
KA131,Glowinstar Integrated School,"UDUPI, Udupi, Karnataka, 576 103, India",UDUPI,Udupi,Karnataka,576103,board,ICSE,Day,Co-ed.,true,13.3374486,74.7307807,,https://locate.cisce.org/,2026-08-25
KA132,St. Ann's School,"Gauribidanur, Chikballapur, Karnataka, 561 208, India",Gauribidanur,Chikballapur,Karnataka,561208,board,ICSE,Day,Co-ed.,true,13.5927952,77.5077104,,https://locate.cisce.org/,2026-08-25
KA133,Sri Venu Central School,"Srinivaspur, Kolar, Karnataka, 563 135, India",Srinivaspur,Kolar,Karnataka,563135,board,ICSE,Day,Co-ed.,true,13.3326778,78.1934911,,https://locate.cisce.org/,2026-08-25
KA135,Cambridge Public School,"Yelahanka, BENGALURU, Karnataka, 560 064, India",Yelahanka,BENGALURU,Karnataka,560064,board,ICSE,Day,Co-ed.,true,13.0967722,77.5857567,,https://locate.cisce.org/,2026-08-25
KA136,M.E.S. Kishore Kendra Public School,"BENGALURU, BENGALURU, Karnataka, 560 097, India",BENGALURU,BENGALURU,Karnataka,560097,board,ICSE,Day,Co-ed.,true,12.9742497,77.6385779,https://mesinstitutions.in .,https://locate.cisce.org/,2026-08-25
KA137,The Regency Public School,"BENGALURU, BENGALURU, Karnataka, 560 097, India",BENGALURU,BENGALURU,Karnataka,560097,board,ICSE,Day,Co-ed.,true,13.0848031,77.5603075,https://www.regencyinstitutions.com,https://locate.cisce.org/,2026-08-25
KA138,New Millennium School,"BENGALURU, BENGALURU, Karnataka, 560 043, India",BENGALURU,BENGALURU,Karnataka,560043,board,ICSE,Day,Co-ed.,true,13.0411068,77.6622027,"https://www,newmillenniumschool,com",https://locate.cisce.org/,2026-08-25
KA139,General Thimmaiah Public School,"Madikeri, Kodagu, Karnataka, 571 201, India",Madikeri,Kodagu,Karnataka,571201,board,ICSE,Day,Co-ed.,true,12.4194196,75.7415912,,https://locate.cisce.org/,2026-08-25
KA140,Patel Public School,"BENGALURU, BENGALURU, Karnataka, 560 033, India",BENGALURU,BENGALURU,Karnataka,560033,board,ICSE,Day,Co-ed.,true,12.91484,77.605919,https://www.patelschool.com,https://locate.cisce.org/,2026-08-25
KA141,Shree Bharathi Vidyalaya,"Vijayanagar, BENGALURU, Karnataka, 560 040, India",Vijayanagar,BENGALURU,Karnataka,560040,board,ICSE,Day,Co-ed.,true,36.778261,-119.4179324,https://www.bharathividyalaya.in,https://locate.cisce.org/,2026-08-25
KA142,S.J.R. Kengeri Public School,"BENGALURU, BENGALURU, Karnataka, 560 060, India",BENGALURU,BENGALURU,Karnataka,560060,board,ICSE,Day,Co-ed.,true,12.9307795,77.4933216,https://www.sjrkps.org.in,https://locate.cisce.org/,2026-08-25
KA143,Ryan International School,"Yelahanka, BENGALURU, Karnataka, 560 063, India",Yelahanka,BENGALURU,Karnataka,560063,board,ICSE,Day,Co-ed.,true,13.1393292,77.5877318,,https://locate.cisce.org/,2026-08-25
KA144,Don Bosco School,"Kelagote, Chitradurga, Karnataka, 577 501, India",Kelagote,Chitradurga,Karnataka,577501,board,ICSE,Day,Co-ed.,true,14.5743119,76.291355,https://www.donboscoicseschoolchitradurga.com,https://locate.cisce.org/,2026-08-25
KA145,St. Vincent Pallotti School,"BENGALURU, BENGALURU, Karnataka, 560 043, India",BENGALURU,BENGALURU,Karnataka,560043,board,ICSE / ISC,Day,Co-ed.,true,13.0255399,77.6471693,https://stvincentpallottischoolblr.com,https://locate.cisce.org/,2026-08-25
KA146,New Baldwin International Residential School,"BENGALURU, BENGALURU, Karnataka, 560 049, India",BENGALURU,BENGALURU,Karnataka,560049,board,ICSE,Day/Boarding,Co-ed.,true,12.990941,77.7068225,https://www.newbaldwininstitutions.org,https://locate.cisce.org/,2026-08-25
KA147,SRI CHAITANYA TECHNO SCHOOL,"Gangavathi, Koppal, Karnataka, 583 227, India",Gangavathi,Koppal,Karnataka,583227,board,ICSE,Day,Co-ed.,true,15.4441161,76.506834,,https://locate.cisce.org/,2026-08-25
KA148,M G School For Excellence,"Bannerghatta Road, BENGALURU, Karnataka, 560 076, India",Bannerghatta Road,BENGALURU,Karnataka,560076,board,ICSE / ISC,Day,Co-ed.,true,13.0926552,77.5803393,https://www.mgexcellence.org,https://locate.cisce.org/,2026-08-25
KA149,B. M. English School,"BENGALURU, BENGALURU, Karnataka, 562 149, India",BENGALURU,BENGALURU,Karnataka,562149,board,ICSE,Day,Co-ed.,true,12.9584906,77.540527,,https://locate.cisce.org/,2026-08-25
KA150,Bhageerathi Bai Narayana Rao Maanay Public School,"Bengaluru, BENGALURU, Karnataka, 560 070, India",Bengaluru,BENGALURU,Karnataka,560070,board,ICSE / ISC,Day,Co-ed.,true,12.920145,77.5670064,https://www.bnmschools.org,https://locate.cisce.org/,2026-08-25
KA151,Gnana Jyothi School,"Mulbagal, Kolar, Karnataka, 563 131, India",Mulbagal,Kolar,Karnataka,563131,board,ICSE,Day,Co-ed.,true,13.1585774,78.365657,https://www.gnanajyothiicsemulbagal.in,https://locate.cisce.org/,2026-08-25
KA152,Sarvodaya National Public School,"Vijayanagar, BENGALURU, Karnataka, 560 040, India",Vijayanagar,BENGALURU,Karnataka,560040,board,ICSE / ISC,Day,Co-ed.,true,12.9741847,77.531022,,https://locate.cisce.org/,2026-08-25
KA153,Greenwood High,"Varthur Via, BENGALURU, Karnataka, 560 087, India",Varthur Via,BENGALURU,Karnataka,560087,board,ICSE / ISC,Day,Co-ed.,true,12.905787,77.746507,https://www.greenwoodhigh.edu.in,https://locate.cisce.org/,2026-08-25
KA154,Kanva Public School,"Nelamangala, BENGALURU, Karnataka, 562 123, India",Nelamangala,BENGALURU,Karnataka,562123,board,ICSE,Day,Co-ed.,true,13.0805445,77.4223862,,https://locate.cisce.org/,2026-08-25
KA155,Mitra Academy,"BENGALURU, BENGALURU, Karnataka, 560 076, India",BENGALURU,BENGALURU,Karnataka,560076,board,ICSE,Day,Co-ed.,true,12.9156234,77.5982576,https://www.mitraacademy.com,https://locate.cisce.org/,2026-08-25
KA156,Primus Public School,"BENGALURU, BENGALURU, Karnataka, 560 035, India",BENGALURU,BENGALURU,Karnataka,560035,board,ICSE,Day,Co-ed.,true,12.910911,77.6844166,https://www.primusschool.com,https://locate.cisce.org/,2026-08-25
KA157,Shantiniketan Trust School,"BENGALURU, BENGALURU, Karnataka, 560 076, India",BENGALURU,BENGALURU,Karnataka,560076,board,ICSE,Day,Co-ed.,true,12.9678937,77.6387666,,https://locate.cisce.org/,2026-08-25
KA158,Inventure Academy,"Chikkavaderpura, BENGALURU, Karnataka, 562 125, India",Chikkavaderpura,BENGALURU,Karnataka,562125,board,ICSE / ISC,Day,Co-ed.,true,12.910911,77.6844166,,https://locate.cisce.org/,2026-08-25
KA159,Varin International Residential School,"TUMKUR, Tumkur, Karnataka, 572 118, India",TUMKUR,Tumkur,Karnataka,572118,board,ICSE,Day/Residential,Co-ed.,true,13.2865378,77.0898084,https://www.virstumkur.in,https://locate.cisce.org/,2026-08-25
KA160,St. Mary's Public School,"Banglore, BENGALURU, Karnataka, 560 057, India",Banglore,BENGALURU,Karnataka,560057,board,ICSE,Day,Co-ed.,true,13.0508349,77.5140162,https://www.stmarys-school.in,https://locate.cisce.org/,2026-08-25
KA161,Basavarajeswari Public School & College,"BELLARY, Bellary, Karnataka, 583 101, India",BELLARY,Bellary,Karnataka,583101,board,ICSE,Day,Co-ed.,true,15.1414758,76.9453988,,https://locate.cisce.org/,2026-08-25
KA162,Ebenezer International School,"Electronic City, BENGALURU, Karnataka, 560 099, India",Electronic City,BENGALURU,Karnataka,560099,board,ICSE / ISC,Day/Residential,Co-ed.,true,12.8395856,77.6973065,,https://locate.cisce.org/,2026-08-25
KA163,Christ Academy I. C. S. E. School,"BENGALURU, BENGALURU, Karnataka, 560 083, India",BENGALURU,BENGALURU,Karnataka,560083,board,ICSE / ISC,Day,Co-ed.,true,12.826889,77.616348,https://www.christacademy.in,https://locate.cisce.org/,2026-08-25
KA164,Chinmaya Vidyalaya,"BENGALURU, BENGALURU, Karnataka, 560 034, India",BENGALURU,BENGALURU,Karnataka,560034,board,ICSE / ISC,Day,Co-ed.,true,12.9435466,77.6178522,,https://locate.cisce.org/,2026-08-25
KA165,St. Philomena's Public School,"Anekal Taluk, BENGALURU, Karnataka, 562 125, India",Anekal Taluk,BENGALURU,Karnataka,562125,board,ICSE,Day,Co-ed.,true,12.8575579,77.7864057,,https://locate.cisce.org/,2026-08-25
KA166,Shanti Dhama English Higher Primary School,"BENGALURU, BENGALURU, Karnataka, 560 091, India",BENGALURU,BENGALURU,Karnataka,560091,board,ICSE,Day,Co-ed.,true,12.9898955,77.5025203,,https://locate.cisce.org/,2026-08-25
KA167,DEVIN ACADEMY FOR LEARNING,"BENGALURU, BENGALURU, Karnataka, 560 092, India",BENGALURU,BENGALURU,Karnataka,560092,board,ICSE,Day,Co-ed.,true,13.0600192,77.5903955,,https://locate.cisce.org/,2026-08-25
KA168,Kroot Memorial School,"BENGALURU, BENGALURU, Karnataka, 562 114, India",BENGALURU,BENGALURU,Karnataka,562114,board,ICSE,Day,Co-ed.,true,12.9990646,77.6740062,https://www.krootmemorialschoolhoskote.com,https://locate.cisce.org/,2026-08-25
KA169,Martin Luther English School,"BSK III stage, BENGALURU, Karnataka, 560 050, India",BSK III stage,BENGALURU,Karnataka,560050,board,ICSE,Day,Co-ed.,true,12.9409002,77.5489038,,https://locate.cisce.org/,2026-08-25
KA170,Mc' Nay Doon's Public School,"R.T. Nagar Post, BENGALURU, Karnataka, 560 032, India",R.T. Nagar Post,BENGALURU,Karnataka,560032,board,ICSE,Day,Co-ed.,true,13.0274146,77.604279,,https://locate.cisce.org/,2026-08-25
KA171,St. Francis Icse School,"Chamarajanagar, Chamarajanagar, Karnataka, 571 342, India",Chamarajanagar,Chamarajanagar,Karnataka,571342,board,ICSE,Day,Co-ed.,true,11.9178497,76.9729472,,https://locate.cisce.org/,2026-08-25
KA172,Parivarthan Gurukul Heritage English Medium School,"Hubli, Dharwad, Karnataka, 580 030, India",Hubli,Dharwad,Karnataka,580030,board,ICSE / ISC,Day,Co-ed.,true,15.3672832,75.0989719,,https://locate.cisce.org/,2026-08-25
KA173,Vinayaka Public School,"Yelahanka, BENGALURU, Karnataka, 560 063, India",Yelahanka,BENGALURU,Karnataka,560063,board,ICSE,Day,Co-ed.,true,13.1090916,77.6066534,https://www.vinayakapublicschool.com,https://locate.cisce.org/,2026-08-25
KA174,R.V.S.R. Central School,"Gangavathi Taluk, Koppal, Karnataka, 583 229, India",Gangavathi Taluk,Koppal,Karnataka,583229,board,ICSE,Day/Boarding,Co-ed.,true,15.427802,76.5414263,,https://locate.cisce.org/,2026-08-25
KA175,St. Michael's High School,"BENGALURU, BENGALURU, Karnataka, 560 077, India",BENGALURU,BENGALURU,Karnataka,560077,board,ICSE,Day,Co-ed.,true,13.0548149,77.6471722,https://www.stmichaelshighschool.com,https://locate.cisce.org/,2026-08-25
KA176,Bangalore International Public School,"BENGALURU, BENGALURU, Karnataka, 560 061, India",BENGALURU,BENGALURU,Karnataka,560061,board,ICSE / ISC,Day,Co-ed.,true,12.9076566,77.5470486,https://www.bips.co.in,https://locate.cisce.org/,2026-08-25
KA177,Pupil Tree School,"BELLARY, Bellary, Karnataka, 583 101, India",BELLARY,Bellary,Karnataka,583101,board,ICSE,Day,Co-ed.,true,15.1542041,76.9263688,https://www.pupiltreeschool.com,https://locate.cisce.org/,2026-08-25
KA178,Patel Public School,"Bellandur Post, BENGALURU, Karnataka, 560 103, India",Bellandur Post,BENGALURU,Karnataka,560103,board,ICSE,Day,Co-ed.,true,13.0277979,77.632506,https://www.patelpublicschools.com,https://locate.cisce.org/,2026-08-25
KA179,Sri R.V. School,"KOLAR, Kolar, Karnataka, 563 101, India",KOLAR,Kolar,Karnataka,563101,board,ICSE,Day,Co-ed.,true,13.1362143,78.1290986,,https://locate.cisce.org/,2026-08-25
KA180,Lorven Public School,"BENGALURU, BENGALURU, Karnataka, 560 081, India",BENGALURU,BENGALURU,Karnataka,560081,board,ICSE,Day,Co-ed.,true,12.7934516,77.7058764,https://www.lorvenpublicschool.org,https://locate.cisce.org/,2026-08-25
KA181,Outreach School,"BENGALURU, BENGALURU, Karnataka, 560 027, India",BENGALURU,BENGALURU,Karnataka,560027,board,ICSE,Day,Co-ed.,true,12.9522211,77.5957604,https://www.outreachschool.in,https://locate.cisce.org/,2026-08-25
KA182,Venus International Public School,"BENGALURU, BENGALURU, Karnataka, 560 010, India",BENGALURU,BENGALURU,Karnataka,560010,board,ICSE,Day,Co-ed.,true,12.9714187,77.5786109,,https://locate.cisce.org/,2026-08-25
KA183,Anantha International School,"Arsikere, Hassan, Karnataka, 573 103, India",Arsikere,Hassan,Karnataka,573103,board,ICSE,Day,Co-ed.,true,13.3192437,76.2496223,https://www.ananthschool.in,https://locate.cisce.org/,2026-08-25
KA184,Adhyayan School,"MYSORE, Mysore, Karnataka, 570 029, India",MYSORE,Mysore,Karnataka,570029,board,ICSE,Day,Co-ed.,true,12.3187532,76.6962052,https://adhyayaninstitutions.in,https://locate.cisce.org/,2026-08-25
KA185,California Public School,"Kamakshipalya, BENGALURU, Karnataka, 560 079, India",Kamakshipalya,BENGALURU,Karnataka,560079,board,ICSE,Day,Co-ed.,true,12.9890174,77.4992006,https://www.californiapublicschool.in,https://locate.cisce.org/,2026-08-25
KA186,Holy Spirit School,"S.O.S. Post, BENGALURU, Karnataka, 560 076, India",S.O.S. Post,BENGALURU,Karnataka,560076,board,ICSE,Day,Co-ed.,true,12.8665783,77.5919442,https://www.holyspiritedu.com,https://locate.cisce.org/,2026-08-25
KA187,Orchids The International School,"BENGALURU, BENGALURU, Karnataka, 560 057, India",BENGALURU,BENGALURU,Karnataka,560057,board,ICSE,Day,Co-ed.,true,13.0943011,77.4880275,https://www.vijayashreepublicschool.com,https://locate.cisce.org/,2026-08-25
KA189,Sharath Memorial School,"Ramanagaram, Bangalore Rural, Karnataka, 571 511, India",Ramanagaram,Bangalore Rural,Karnataka,571511,board,ICSE,Day,Co-ed.,true,12.725236,77.2732457,,https://locate.cisce.org/,2026-08-25
KA190,St. Mary's Convent School,"BENGALURU, BENGALURU, Karnataka, 560 083, India",BENGALURU,BENGALURU,Karnataka,560083,board,ICSE,Day,Co-ed.,true,12.8638301,77.6166599,https://www.stmarysbegur.com,https://locate.cisce.org/,2026-08-25
KA191,Akshara Residential School,"Shikaripura, Shimoga, Karnataka, 577 427, India",Shikaripura,Shimoga,Karnataka,577427,board,ICSE,Day/Boarding,Co-ed.,true,14.2598166,75.3266416,,https://locate.cisce.org/,2026-08-25
KA192,Holy Saint High School,"Jayanagar, BENGALURU, Karnataka, 560 082, India",Jayanagar,BENGALURU,Karnataka,560082,board,ICSE,Day,Co-ed.,true,12.9267132,77.5760151,,https://locate.cisce.org/,2026-08-25
KA193,Vasavi Vidya Peetha,"Magadi, Bangalore Rural, Karnataka, 562 120, India",Magadi,Bangalore Rural,Karnataka,562120,board,ICSE,Day,Co-ed.,true,12.9590096,77.2197005,,https://locate.cisce.org/,2026-08-25
KA194,Lawrence High School,"BENGALURU, BENGALURU, Karnataka, 560 102, India",BENGALURU,BENGALURU,Karnataka,560102,board,ICSE,Day,Co-ed.,true,12.9124203,77.635258,https://www.lawrenceschool.in,https://locate.cisce.org/,2026-08-25
KA195,Green Country Public School,"Ambruthahalli, BENGALURU, Karnataka, 560 092, India",Ambruthahalli,BENGALURU,Karnataka,560092,board,ICSE,Day,Co-ed.,true,13.012086,77.6923271,https://www.greencountrypublicschool.org,https://locate.cisce.org/,2026-08-25
KA196,Silicon Valley School,"Off. Bannerghatta Road, BENGALURU, Karnataka, 560 083, India",Off. Bannerghatta Road,BENGALURU,Karnataka,560083,board,ICSE,Day,Co-ed.,true,12.7943268,77.6209092,https://www.siliconvalleyschool.in,https://locate.cisce.org/,2026-08-25
KA197,St. Francis De Sales Public School,"BENGALURU, BENGALURU, Karnataka, 560 100, India",BENGALURU,BENGALURU,Karnataka,560100,board,ICSE / ISC,Day,Co-ed.,true,12.836297,77.679425,https://www.sfsicse.com,https://locate.cisce.org/,2026-08-25
KA198,S.G.M. Public School,"BENGALURU, BENGALURU, Karnataka, 560 026, India",BENGALURU,BENGALURU,Karnataka,560026,board,ICSE,Day,Co-ed.,true,12.9435271,77.5459682,https://www.sgmpublicschool.in,https://locate.cisce.org/,2026-08-25
KA199,Santhome Public School,"MANDYA, Mandya, Karnataka, 571 403, India",MANDYA,Mandya,Karnataka,571403,board,ICSE,Day,Co-ed.,true,12.5023106,76.8747539,https://www.santhomeschoolmandya.com,https://locate.cisce.org/,2026-08-25
KA200,Vibgyor High,"Varthur (Marathahalli), BENGALURU, Karnataka, 560 066, India",Varthur (Marathahalli),BENGALURU,Karnataka,560066,board,ICSE / ISC,Day,Co-ed.,true,12.9549709,77.717209,https://www.vibgyorhigh.com,https://locate.cisce.org/,2026-08-25
KA201,Gnanodaya Public School,"Srirangapatna Taluk, Mandya, Karnataka, 571 438, India",Srirangapatna Taluk,Mandya,Karnataka,571438,board,ICSE,Day/Boarding,Co-ed.,true,12.372383,76.695554,,https://locate.cisce.org/,2026-08-25
KA202,Silicon Valley School,"BENGALURU, BENGALURU, Karnataka, 560 092, India",BENGALURU,BENGALURU,Karnataka,560092,board,ICSE,Day,Co-ed.,true,13.0617152,77.5847744,https://www.siliconvalleyschool.co,https://locate.cisce.org/,2026-08-25
KA203,Shanti Niketan Public School,"Hospet, Bellary, Karnataka, 583 201, India",Hospet,Bellary,Karnataka,583201,board,ICSE,Day,Co-ed.,true,15.2679584,76.3985177,https://WWW.SNPSCHOOL.IN,https://locate.cisce.org/,2026-08-25
KA204,St. Dominic's School,"BENGALURU, BENGALURU, Karnataka, 560 061, India",BENGALURU,BENGALURU,Karnataka,560061,board,ICSE,Day,Co-ed.,true,12.9203761,77.5157335,https://www.stdominicsweb.com,https://locate.cisce.org/,2026-08-25
KA205,Lady Vailankanni English School,"BENGALURU, BENGALURU, Karnataka, 560 087, India",BENGALURU,BENGALURU,Karnataka,560087,board,ICSE,Day,Co-ed.,true,12.9388787,77.7412047,https://www.ladyvailankannigroup.net,https://locate.cisce.org/,2026-08-25
KA206,Nazareth School,"Chikmagalur, Chikkamagaluru, Karnataka, 577 113, India",Chikmagalur,Chikkamagaluru,Karnataka,577113,board,ICSE / ISC,Day,Co-ed.,true,13.1345897,75.6414425,,https://locate.cisce.org/,2026-08-25
KA207,Kenneth George English School,"Kempapura, BENGALURU, Karnataka, 560 024, India",Kempapura,BENGALURU,Karnataka,560024,board,ICSE,Day,Co-ed.,true,13.0452926,77.5806159,,https://locate.cisce.org/,2026-08-25
KA208,Ryan International School,"Bannerghatta, BENGALURU, Karnataka, 560 083, India",Bannerghatta,BENGALURU,Karnataka,560083,board,ICSE,Day,Co-ed.,true,12.8214233,77.5857614,,https://locate.cisce.org/,2026-08-25
KA209,Dnyan Prabodhan Mandir,"Udyambag, Belgaum, Karnataka, 590 008, India",Udyambag,Belgaum,Karnataka,590008,board,ICSE,Day,Co-ed.,true,15.8210174,74.4869235,https://www.dnyanprabodhan.com,https://locate.cisce.org/,2026-08-25
KA210,Aradhana School,"BENGALURU, BENGALURU, Karnataka, 560 076, India",BENGALURU,BENGALURU,Karnataka,560076,board,ICSE,Day,Co-ed.,true,12.8921652,77.6047308,https://www.aradhanaacademy.com,https://locate.cisce.org/,2026-08-25
KA211,Amarajyothi English Primary School,"Bengaluru, BENGALURU, Karnataka, 560 036, India",Bengaluru,BENGALURU,Karnataka,560036,board,ICSE,Day,Co-ed.,true,13.0027035,77.7015664,,https://locate.cisce.org/,2026-08-25
KA212,V. E. S. Model Convent,"Bangalore South Taluk, BENGALURU, Karnataka, 562 130, India",Bangalore South Taluk,BENGALURU,Karnataka,562130,board,ICSE / ISC,Day,Co-ed.,true,12.9853503,77.529142,https://www.ves.org.in,https://locate.cisce.org/,2026-08-25
KA213,St. Mary's International School,"Indavara Post, Chikkamagaluru, Karnataka, 577 101, India",Indavara Post,Chikkamagaluru,Karnataka,577101,board,ICSE / ISC,Day/Residential,Co-ed.,true,13.3143734,75.7653111,,https://locate.cisce.org/,2026-08-25
KA214,Triveni Public School,"Bagalagunte, BENGALURU, Karnataka, 560 073, India",Bagalagunte,BENGALURU,Karnataka,560073,board,ICSE,Day,Co-ed.,true,13.0556153,77.5073365,,https://locate.cisce.org/,2026-08-25
KA215,Gem International Residential School,"Gauribidanur Taluk, Chikballapur, Karnataka, 561 213, India",Gauribidanur Taluk,Chikballapur,Karnataka,561213,board,ICSE / ISC,Day/Boarding,Co-ed.,true,13.4908866,77.4788014,,https://locate.cisce.org/,2026-08-25
KA216,Gopalan International School,"Whitefield Road, BENGALURU, Karnataka, 560 048, India",Whitefield Road,BENGALURU,Karnataka,560048,board,ICSE / ISC,Day,Co-ed.,true,12.9887812,77.7545602,https://www.gopalanschool.com,https://locate.cisce.org/,2026-08-25
KA217,Gopalan National School,"BENGALURU, BENGALURU, Karnataka, 560 048, India",BENGALURU,BENGALURU,Karnataka,560048,board,ICSE,Day,Co-ed.,true,12.970098,77.698248,https://www.gopalanschool.com,https://locate.cisce.org/,2026-08-25
KA218,Christ International School,"Malur, Kolar, Karnataka, 563 160, India",Malur,Kolar,Karnataka,563160,board,ICSE,Day,Co-ed.,true,12.8930712,77.8855372,https://www.christinternational.in,https://locate.cisce.org/,2026-08-25
KA219,Rainbow Residential Public School,"Ranebennur, Haveri, Karnataka, 581 115, India",Ranebennur,Haveri,Karnataka,581115,board,ICSE,Day/Boarding,Co-ed.,true,14.5991551,75.6593568,https://rainbow-education.com,https://locate.cisce.org/,2026-08-25
KA220,Jubilee International Public School,"Nagarabhavi 2nd Stage, BENGALURU, Karnataka, 560 072, India",Nagarabhavi 2nd Stage,BENGALURU,Karnataka,560072,board,ICSE,Day,Co-ed.,true,12.9760098,77.503349,https://www.jipsblr.org,https://locate.cisce.org/,2026-08-25
KA221,Green Valley English School,"BENGALURU, BENGALURU, Karnataka, 560 062, India",BENGALURU,BENGALURU,Karnataka,560062,board,ICSE,Day,Co-ed.,true,12.745448,77.4878716,https://www.greenvalleyenglishschool.com,https://locate.cisce.org/,2026-08-25
KA222,Sri Krishna International School,"BENGALURU, BENGALURU, Karnataka, 560 085, India",BENGALURU,BENGALURU,Karnataka,560085,board,ICSE,Day,Co-ed.,true,12.9299672,77.5560091,https://www.skies.org.in,https://locate.cisce.org/,2026-08-25
KA223,A.C. School,"BENGALURU, BENGALURU, Karnataka, 560 013, India",BENGALURU,BENGALURU,Karnataka,560013,board,ICSE,Day,Co-ed.,true,13.0420208,77.5482395,https://www.anthonyclaretschool.com,https://locate.cisce.org/,2026-08-25
KA224,St. Francis School,"Bengaluru, BENGALURU, Karnataka, 560 068, India",Bengaluru,BENGALURU,Karnataka,560068,board,ICSE / ISC,Day,Co-ed.,true,12.895244,77.6260093,https://www.stfrancisicseschool.com,https://locate.cisce.org/,2026-08-25
KA225,Nazareth School,"Anekal Taluk, BENGALURU, Karnataka, 560 081, India",Anekal Taluk,BENGALURU,Karnataka,560081,board,ICSE / ISC,Day,Co-ed.,true,12.8539184,77.6660751,https://www.nazarethbangalore.com,https://locate.cisce.org/,2026-08-25
KA226,Sri Taralabalu School,"Davangere, Davanagere, Karnataka, 577 004, India",Davangere,Davanagere,Karnataka,577004,board,ICSE,Day,Co-ed.,true,14.4482605,75.9173026,https://www.abmicse.org,https://locate.cisce.org/,2026-08-25
KA227,V.L.S. International School,"Basaveshwaranagar, BENGALURU, Karnataka, 560 079, India",Basaveshwaranagar,BENGALURU,Karnataka,560079,board,ICSE / ISC,Day,Co-ed.,true,12.9911348,77.5350864,https://www.vlsinternationalschool.com,https://locate.cisce.org/,2026-08-25
KA228,Nalanda Gurukula International,"Periyapatna Taluk, Mysore, Karnataka, 571 104, India",Periyapatna Taluk,Mysore,Karnataka,571104,board,ICSE / ISC,Day/Boarding,Co-ed.,true,12.3383636,76.0965379,https://www.nalandagurukula.edu.in,https://locate.cisce.org/,2026-08-25
KA229,Carmel Convent School,"BANGALORE, BENGALURU, Karnataka, 560 035, India",BANGALORE,BENGALURU,Karnataka,560035,board,ICSE,Day,Co-ed.,true,12.9075606,77.6955789,,https://locate.cisce.org/,2026-08-25
KA230,Oriental Primary And High School,"Hubli, Dharwad, Karnataka, 580 030, India",Hubli,Dharwad,Karnataka,580030,board,ICSE,Day,Co-ed.,true,15.3507359,75.1087717,,https://locate.cisce.org/,2026-08-25
KA231,S. F. S. Primary School,"KOPPAL, Koppal, Karnataka, 583 231, India",KOPPAL,Koppal,Karnataka,583231,board,ICSE,Day,Co-ed.,true,15.3501002,76.1676713,https://sfsicse.com,https://locate.cisce.org/,2026-08-25
KA232,Anantha Vidyaniketana,"Bengaluru, BENGALURU, Karnataka, 562 110, India",Bengaluru,BENGALURU,Karnataka,562110,board,ICSE,Day,Co-ed.,true,13.2823176,77.7264928,https://www.anantha.ac.in,https://locate.cisce.org/,2026-08-25
KA234,Nightingales English School,"BENGALURU, BENGALURU, Karnataka, 560 076, India",BENGALURU,BENGALURU,Karnataka,560076,board,ICSE,Day,Co-ed.,true,12.8903365,77.6141681,https://nightingalesschool.com,https://locate.cisce.org/,2026-08-25
KA235,H.a.l. Gnanajyoti School,"BENGALURU, BENGALURU, Karnataka, 560 037, India",BENGALURU,BENGALURU,Karnataka,560037,board,ICSE,Day,Co-ed.,true,12.9610737,77.6636661,https://www.halgnanajyotischool.co.in,https://locate.cisce.org/,2026-08-25
KA236,St. Joseph's Aksharadhama,"SHIMOGA, Shimoga, Karnataka, 577205, India",SHIMOGA,Shimoga,Karnataka,577205,board,ICSE,Day,Co-ed.,true,13.9317131,75.5411675,https://www.sjaaksharadhama.in,https://locate.cisce.org/,2026-08-25
KA237,B.G.S. World School,"At & Dt. Chickballapur, Chikballapur, Karnataka, 562 101, India",At & Dt. Chickballapur,Chikballapur,Karnataka,562101,board,ICSE / ISC,Day,Co-ed.,true,12.9628957,77.57754,https://www.bgsws.in,https://locate.cisce.org/,2026-08-25
KA238,Aditya Public School,"Doddaballapur, Bangalore Rural, Karnataka, 561 203, India",Doddaballapur,Bangalore Rural,Karnataka,561203,board,ICSE,Day,Co-ed.,true,13.1240009,77.494357,,https://locate.cisce.org/,2026-08-25
KA239,Sidhartha International School,"Nagasandra Post, BENGALURU, Karnataka, 560 073, India",Nagasandra Post,BENGALURU,Karnataka,560073,board,ICSE,Day,Co-ed.,true,13.0329818,77.480878,https://sidharthainternationalschool.com,https://locate.cisce.org/,2026-08-25
KA240,"St. Francis Of Assisi School, Chikodi","BELGAUM, Belgaum, Karnataka, 591 201, India",BELGAUM,Belgaum,Karnataka,591201,board,ICSE,Day,Co-ed.,true,16.4291905,74.5878546,,https://locate.cisce.org/,2026-08-25
KA241,National Public School,"BENGALURU, BENGALURU, Karnataka, 560 099, India",BENGALURU,BENGALURU,Karnataka,560099,board,ICSE,Day,Co-ed.,true,12.7896188,77.6976307,,https://locate.cisce.org/,2026-08-25
KA242,Daffodils Concept School,"Tq. Sindhanur, Raichur, Karnataka, 584 128, India",Tq. Sindhanur,Raichur,Karnataka,584128,board,ICSE,Day,Co-ed.,true,15.7358912,76.7464905,,https://locate.cisce.org/,2026-08-25
KA243,New Indus Valley Residential School,"Bengaluru East Taluk, BENGALURU, Karnataka, 560 049, India",Bengaluru East Taluk,BENGALURU,Karnataka,560049,board,ICSE,Day/Boarding,Co-ed.,true,13.0357278,77.7353739,https://www.newindusvalley.com,https://locate.cisce.org/,2026-08-25
KA244,St. Theresa Bacq Public School,"BANGALORE, BENGALURU, Karnataka, 560 077, India",BANGALORE,BENGALURU,Karnataka,560077,board,ICSE,Day,Co-ed.,true,13.0555817,77.6324919,,https://locate.cisce.org/,2026-08-25
KA245,Sahyadri School,"Thirthalli Tq., Shimoga, Karnataka, 577 432, India",Thirthalli Tq.,Shimoga,Karnataka,577432,board,ICSE,Day,Co-ed.,true,13.6898792,75.243117,https://sahyadriicse.org,https://locate.cisce.org/,2026-08-25
KA246,Federal Public School,"Yelahanka, BENGALURU, Karnataka, 560 064, India",Yelahanka,BENGALURU,Karnataka,560064,board,ICSE,Day/Boarding,Co-ed.,true,13.07436,77.6078007,https://www.federalpublicschool.org/,https://locate.cisce.org/,2026-08-25
KA247,Flos Carmeli Convent School,"Mysore, Karnataka, 570 003, India",,Mysore,Karnataka,570003,board,ICSE / ISC,Day,Co-ed.,true,12.354249,76.6816962,,https://locate.cisce.org/,2026-08-25
KA248,St. John's School,"H.A. Farm Post, Kempapura, BENGALURU, Karnataka, 560 024, India","H.A. Farm Post, Kempapura",BENGALURU,Karnataka,560024,board,ICSE / ISC,Day,Co-ed.,true,13.0517127,77.6086551,https://www.stjohnschoolhebbal.in,https://locate.cisce.org/,2026-08-25
KA249,N.E.T. Public School,"BENGALURU, BENGALURU, Karnataka, 560 019, India",BENGALURU,BENGALURU,Karnataka,560019,board,ICSE,Day,Co-ed.,true,12.9521624,77.564504,,https://locate.cisce.org/,2026-08-25
KA250,Trinity Central School,"Manipal, Udupi, Karnataka, 576 102, India",Manipal,Udupi,Karnataka,576102,board,ICSE,Day,Co-ed.,true,13.3747357,74.7603662,https://www.trinityicse.com,https://locate.cisce.org/,2026-08-25
KA251,Prem Seva Vidyalaya,"Narasapura Malur Road, Kolar, Karnataka, 563133, India",Narasapura Malur Road,Kolar,Karnataka,563133,board,ICSE,Day,Co-ed.,true,13.0042788,77.6352686,https://www.lnltrust.org,https://locate.cisce.org/,2026-08-25
KA252,Jyothi Nivas School,"Srirangapatna, Mandya, Karnataka, 571 438, India",Srirangapatna,Mandya,Karnataka,571438,board,ICSE,Day,Co-ed.,true,12.4237094,76.6828604,https://www.jyothinivasedu.in,https://locate.cisce.org/,2026-08-25
KA253,Kuvempu Vidyaniketan,"CHICKMAGALUR, Chikkamagaluru, Karnataka, 577 133, India",CHICKMAGALUR,Chikkamagaluru,Karnataka,577133,board,ICSE,Day/Boarding,Co-ed.,true,13.2811195,75.7531385,,https://locate.cisce.org/,2026-08-25
KA254,Shree Nandi Residential Public School,"Badanahatti, Bellary, Karnataka, 583 116, India",Badanahatti,Bellary,Karnataka,583116,board,ICSE,Day/Boarding,Co-ed.,true,15.319165,76.8245233,,https://locate.cisce.org/,2026-08-25
KA255,Ganga International School,"BENGALURU, BENGALURU, Karnataka, 560 073, India",BENGALURU,BENGALURU,Karnataka,560073,board,ICSE / ISC,Day,Co-ed.,true,12.9715987,77.5945627,https://www.gangainstitution.com,https://locate.cisce.org/,2026-08-25
KA256,Bethesda International School,"BENGALURU, BENGALURU, Karnataka, 560 060, India",BENGALURU,BENGALURU,Karnataka,560060,board,ICSE / ISC,Day,Co-ed.,true,13.0370592,77.614266,https://www.bethesdainternationalschool.com,https://locate.cisce.org/,2026-08-25
KA257,Maxwell Public School,"BENGALURU, BENGALURU, Karnataka, 560 043, India",BENGALURU,BENGALURU,Karnataka,560043,board,ICSE,Day,Co-ed.,true,13.0135147,77.6441865,https://www.mpsedu.com,https://locate.cisce.org/,2026-08-25
KA258,Podar International School,"Off Bannerghatta Road, BENGALURU, Karnataka, 560 083, India",Off Bannerghatta Road,BENGALURU,Karnataka,560083,board,ICSE,Day,Co-ed.,true,12.8445059,77.5977596,,https://locate.cisce.org/,2026-08-25
KA259,Vidyanjali Public School,"Bhatkal, Uttara Kannada, Karnataka, 581 320, India",Bhatkal,Uttara Kannada,Karnataka,581320,board,ICSE,Day,Co-ed.,true,13.9898747,74.5492576,,https://locate.cisce.org/,2026-08-25
KA260,Christ School,"BENGALURU, BENGALURU, Karnataka, 560 029, India",BENGALURU,BENGALURU,Karnataka,560029,board,ICSE / ISC,Day,Co-ed.,true,12.9375505,77.5990822,https://www.christschool.info,https://locate.cisce.org/,2026-08-25
KA261,Head Start Educational Academy,"BENGALURU, BENGALURU, Karnataka, 562 125, India",BENGALURU,BENGALURU,Karnataka,562125,board,ICSE / ISC,Day,Co-ed.,true,12.8606511,77.7409912,https://www.headstarteducationalacademy.edu.in,https://locate.cisce.org/,2026-08-25
KA262,ORCHIDS THE INTERNATIONAL SCHOOL,"Yelahanka Hobli, BENGALURU, Karnataka, 560 064, India",Yelahanka Hobli,BENGALURU,Karnataka,560064,board,ICSE,Day,Co-ed.,true,13.1046314,77.5835838,https://www.rtnagargroups.com,https://locate.cisce.org/,2026-08-25
KA263,Aavishkar Academy,"Ulsoor, BENGALURU, Karnataka, 560 008, India",Ulsoor,BENGALURU,Karnataka,560008,board,ICSE / ISC,Day,Co-ed.,true,12.9800116,77.6238914,https://www.aavishkaracademy.com,https://locate.cisce.org/,2026-08-25
KA264,Insight Academy,"BENGALURU, BENGALURU, Karnataka, 560 062, India",BENGALURU,BENGALURU,Karnataka,560062,board,ICSE / ISC,Day,Co-ed.,true,12.8919662,77.5592375,,https://locate.cisce.org/,2026-08-25
KA265,Mary Immaculate School,"Bangalore, BENGALURU, Karnataka, 560 030, India",Bangalore,BENGALURU,Karnataka,560030,board,ICSE,Day,Girls,true,12.944721,77.5997491,https://www.maryimmaculateschool.in,https://locate.cisce.org/,2026-08-25
KA266,Aryan Presidency School,"Bengaluru, BENGALURU, Karnataka, 560 072, India",Bengaluru,BENGALURU,Karnataka,560072,board,ICSE,Day,Co-ed.,true,12.9617432,77.5077863,https://www.aryanpresidencyschool.com,https://locate.cisce.org/,2026-08-25
KA267,Kunigal Valley International Residential School,"Kunigal, Tumkur, Karnataka, 572 130, India",Kunigal,Tumkur,Karnataka,572130,board,ICSE,Day/Residential,Co-ed.,true,13.0258674,77.0342387,https://www.kvirs.com,https://locate.cisce.org/,2026-08-25
KA268,Bethel International Public School,"RAMANAGARA, Ramanagara, Karnataka, 562 159, India",RAMANAGARA,Ramanagara,Karnataka,562159,board,ICSE,Day,Co-ed.,true,12.5929508,77.0492025,,https://locate.cisce.org/,2026-08-25
KA269,Podar International School,"Kasaba Hubli, Hassan, Karnataka, 573 201, India",Kasaba Hubli,Hassan,Karnataka,573201,board,ICSE,Day,Co-ed.,true,15.3781932,75.0484671,https://www.podar.org,https://locate.cisce.org/,2026-08-25
KA270,PRESTIGE SCHOOL,"Geddalahalli, BENGALURU, Karnataka, 560077, India",Geddalahalli,BENGALURU,Karnataka,560077,board,ICSE,Day,Co-ed.,true,13.0549974,77.6452748,https://www.prestigegroupofinstitutions.com,https://locate.cisce.org/,2026-08-25
KA272,Vishwajyothi International Public School,"Siruguppa, Bellary, Karnataka, 583121, India",Siruguppa,Bellary,Karnataka,583121,board,ICSE,Day/Boarding,Co-ed.,true,12.3301303,76.6151294,https://www.vishwajyothischool.org,https://locate.cisce.org/,2026-08-25
KA273,Janak Academy,"Bengaluru, BENGALURU, Karnataka, 560076, India",Bengaluru,BENGALURU,Karnataka,560076,board,ICSE / ISC,Day,Co-ed.,true,12.8844618,77.5964035,https://www.janakschools.com,https://locate.cisce.org/,2026-08-25
KA275,Akash International Residential Public School,"Bengaluru, BENGALURU, Karnataka, 562110, India",Bengaluru,BENGALURU,Karnataka,562110,board,ICSE,Day/Boarding,Co-ed.,true,13.234235,77.7071803,https://www.akashinternationalschool.com,https://locate.cisce.org/,2026-08-25
KA276,Aleemee Public School,"Gulbarga, BENGALURU, Karnataka, 585102, India",Gulbarga,BENGALURU,Karnataka,585102,board,ICSE,Day,Co-ed.,true,17.329731,76.8342957,,https://locate.cisce.org/,2026-08-25
KA277,Notre Dame Academy,"BENGALURU, BENGALURU, Karnataka, 560099, India",BENGALURU,BENGALURU,Karnataka,560099,board,ICSE / ISC,Day,Co-ed.,true,12.8581406,77.7065754,https://www.notredameacademyblr.com,https://locate.cisce.org/,2026-08-25
KA278,Sharada Vidyalaya Public School,"BENGALURU, BENGALURU, Karnataka, 560073, India",BENGALURU,BENGALURU,Karnataka,560073,board,ICSE,Day,Co-ed.,true,13.0563131,77.5055061,,https://locate.cisce.org/,2026-08-25
KA280,Chrysalis High,"BENGALURU, BENGALURU, Karnataka, 560087, India",BENGALURU,BENGALURU,Karnataka,560087,board,ICSE / ISC,Day,Co-ed.,true,12.910911,77.6844166,,https://locate.cisce.org/,2026-08-25
KA281,United International School,"Bengaluru, Bangalore Rural, Karnataka, 562149, India",Bengaluru,Bangalore Rural,Karnataka,562149,board,ICSE / ISC,Day,Co-ed.,true,13.0826553,77.6537578,https://www.unitedinternationalschool.com,https://locate.cisce.org/,2026-08-25
KA282,Oxford Public School,"Bengaluru, BENGALURU, Karnataka, 560073, India",Bengaluru,BENGALURU,Karnataka,560073,board,ICSE,Day,Co-ed.,true,13.1574156,77.3268497,,https://locate.cisce.org/,2026-08-25
KA283,Radhakrishna Public School,"Sagar, Shimoga, Karnataka, 577 401, India",Sagar,Shimoga,Karnataka,577401,board,ICSE,Day,Co-ed.,true,14.1534008,75.0013052,https://www.radhakrishnapublicschool.com,https://locate.cisce.org/,2026-08-25
KA284,Prajna Central School,"Kadur, Chikkamagaluru, Karnataka, 577 548, India",Kadur,Chikkamagaluru,Karnataka,577548,board,ICSE,Day,Co-ed.,true,13.5620128,76.0066132,https://PRAJNAKADUR.COM,https://locate.cisce.org/,2026-08-25
KA285,Sherwood High,"BENGALURU, BENGALURU, Karnataka, 560083, India",BENGALURU,BENGALURU,Karnataka,560083,board,ICSE / ISC,Day,Co-ed.,true,12.8480148,77.5921581,https://www.sherwoodhigh.com,https://locate.cisce.org/,2026-08-25
KA286,Shantha Vidyaniketan,"Chickballapur, Chikballapur, Karnataka, 562104, India",Chickballapur,Chikballapur,Karnataka,562104,board,ICSE / ISC,Day,Co-ed.,true,13.585348,77.7931226,,https://locate.cisce.org/,2026-08-25
KA287,Shree Dhanraj Phoolchand Hindi High School,"Bengaluru, BENGALURU, Karnataka, 560047, India",Bengaluru,BENGALURU,Karnataka,560047,board,ICSE,Day,Co-ed.,true,12.9661058,77.6145317,,https://locate.cisce.org/,2026-08-25
KA288,Carmel Academy,"Bengaluru, BENGALURU, Karnataka, 560083, India",Bengaluru,BENGALURU,Karnataka,560083,board,ICSE / ISC,Day,Co-ed.,true,12.8564641,77.5888117,https://www.carmelacademy.in,https://locate.cisce.org/,2026-08-25
KA289,St. Patrick's Academy,"BENGALURU, BENGALURU, Karnataka, 560 035, India",BENGALURU,BENGALURU,Karnataka,560035,board,ICSE / ISC,Day,Co-ed.,true,12.910911,77.6844166,https://www.patsacademy.in,https://locate.cisce.org/,2026-08-25
KA290,Redbridge International Academy,"Bengaluru, BENGALURU, Karnataka, 560105, India",Bengaluru,BENGALURU,Karnataka,560105,board,ICSE / ISC,Day/Boarding,Co-ed.,true,12.8138133,77.635882,https://www.rbia.in,https://locate.cisce.org/,2026-08-25
KA291,Vibgyor High,"Bengaluru, BENGALURU, Karnataka, 560100, India",Bengaluru,BENGALURU,Karnataka,560100,board,ICSE,Day/Boarding,Co-ed.,true,12.8760869,77.6474739,https://www.vibgyorhigh.com,https://locate.cisce.org/,2026-08-25
KA292,Greencity International School,"Malur, Kolar, Karnataka, 563160, India",Malur,Kolar,Karnataka,563160,board,ICSE,Day,Co-ed.,true,12.9742641,77.9229709,https://www.greencityinternationalschoolmalur.com,https://locate.cisce.org/,2026-08-25
KA293,BHOOMI PUBLIC SCHOOL,"GUBBI, Tumkur, Karnataka, 572216, India",GUBBI,Tumkur,Karnataka,572216,board,ICSE,Day,Co-ed.,true,13.3052274,76.922532,,https://locate.cisce.org/,2026-08-25
KA294,St.Anne's School,"Bagalkot, Bagalkot, Karnataka, 587 102, India",Bagalkot,Bagalkot,Karnataka,587102,board,ICSE,Day,Co-ed.,true,16.1758772,75.6600347,,https://locate.cisce.org/,2026-08-25
KA295,S. S. M. Public School,"Bengaluru, BENGALURU, Karnataka, 560073, India",Bengaluru,BENGALURU,Karnataka,560073,board,ICSE,Day,Co-ed.,true,13.1574156,77.3268497,,https://locate.cisce.org/,2026-08-25
KA296,Vinay Chikkatti School,"GADAG, Gadag, Karnataka, 582101, India",GADAG,Gadag,Karnataka,582101,board,ICSE,Day,Co-ed.,true,15.4186759,75.6353264,https://www.chikkattieducation.co.in,https://locate.cisce.org/,2026-08-25
KA297,Vibgyor High,"BENGALURU, BENGALURU, Karnataka, 560067, India",BENGALURU,BENGALURU,Karnataka,560067,board,ICSE / ISC,Day,Co-ed.,true,13.0120862,77.7697169,https://www.vibgyorhigh.com,https://locate.cisce.org/,2026-08-25
KA298,Vibgyor High,"BENGALURU, BENGALURU, Karnataka, 560043, India",BENGALURU,BENGALURU,Karnataka,560043,board,ICSE / ISC,Day,Co-ed.,true,13.0276613,77.6604346,https://www.vibgyorhigh.com,https://locate.cisce.org/,2026-08-25
KA299,Spurthy Global School,"Bengaluru, BENGALURU, Karnataka, 562106, India",Bengaluru,BENGALURU,Karnataka,562106,board,ICSE,Day,Co-ed.,true,12.7901003,77.705548,https://www.spurthyschool.com,https://locate.cisce.org/,2026-08-25
KA300,B G S Model Public School,"MANDYA, Mandya, Karnataka, 571418, India",MANDYA,Mandya,Karnataka,571418,board,ICSE,Day,Co-ed.,true,12.947699,76.7507729,https://www.bgsmps.com,https://locate.cisce.org/,2026-08-25
KA301,Vidya Soudha Public School,"Bengaluru, BENGALURU, Karnataka, 560 058, India",Bengaluru,BENGALURU,Karnataka,560058,board,ICSE,Day,Co-ed.,true,13.0420172,77.5247737,https://www.vidyasoudha.edu.in,https://locate.cisce.org/,2026-08-25
KA302,New Shams School,"Bhatkal, Uttara Kannada, Karnataka, 581320, India",Bhatkal,Uttara Kannada,Karnataka,581320,board,ICSE,Day,Co-ed.,true,14.0067292,74.5358472,,https://locate.cisce.org/,2026-08-25
KA303,Shree Mahaveer Jain Vidyalaya,"Mysore, Mysore, Karnataka, 570011, India",Mysore,Mysore,Karnataka,570011,board,ICSE / ISC,Day,Co-ed.,true,12.3033478,76.6917007,https://www.mahaveerjainvidyalaya.org,https://locate.cisce.org/,2026-08-25
KA304,Parivarthan Elite English Medium School,"Mishrikoti, Dharwad, Karnataka, 581226, India",Mishrikoti,Dharwad,Karnataka,581226,board,ICSE / ISC,Residential,Co-ed.,true,15.2481301,75.0581943,https://www.parivarthangurukul.com,https://locate.cisce.org/,2026-08-25
KA305,Mahatma Vidyalaya,"BENGALURU, BENGALURU, Karnataka, 560099, India",BENGALURU,BENGALURU,Karnataka,560099,board,ICSE,Day/Boarding,Co-ed.,true,12.8318119,77.7350006,https://www.mahatmavidyalaya.org,https://locate.cisce.org/,2026-08-25
KA306,GNAN SRISHTI SCHOOL OF EXCELLENCE,"Bengaluru, BENGALURU, Karnataka, 560102, India",Bengaluru,BENGALURU,Karnataka,560102,board,ICSE / ISC,Day,Co-ed.,true,12.9126624,77.6448698,,https://locate.cisce.org/,2026-08-25
KA307,Infant Jesus School,"Chikmagalur, Chikkamagaluru, Karnataka, 577133, India",Chikmagalur,Chikkamagaluru,Karnataka,577133,board,ICSE,Day/Residential,Co-ed.,true,13.2811195,75.7531385,https://www.ijsckm.org,https://locate.cisce.org/,2026-08-25
KA308,De Sales Academy,"BENGALURU, Bangalore Rural, Karnataka, 560099, India",BENGALURU,Bangalore Rural,Karnataka,560099,board,ICSE / ISC,Day,Co-ed.,true,12.801967,77.7097034,https://www.desalesacademy.com,https://locate.cisce.org/,2026-08-25
KA309,Vishwa Vidyapeeth,"Bangalore, BENGALURU, Karnataka, 560064, India",Bangalore,BENGALURU,Karnataka,560064,board,ICSE / ISC,Day,Co-ed.,true,13.1598078,77.5664435,https://www.vishwavidyapeeth.edu.in,https://locate.cisce.org/,2026-08-25
KA310,Suguna International School,"Kolar, Kolar, Karnataka, 563101, India",Kolar,Kolar,Karnataka,563101,board,ICSE,Day,Co-ed.,true,13.0283536,78.1456562,,https://locate.cisce.org/,2026-08-25
KA311,Shri Vivekananda Public School,"Channarayapatna, Hassan, Karnataka, 573116, India",Channarayapatna,Hassan,Karnataka,573116,board,ICSE,Day,Co-ed.,true,12.9056255,76.3828915,https://www.viscrp.in,https://locate.cisce.org/,2026-08-25
KA312,Brooklyn National Public School,"Bengaluru, BENGALURU, Karnataka, 560040, India",Bengaluru,BENGALURU,Karnataka,560040,board,ICSE / ISC,Day,Co-ed.,true,12.9581748,77.5351856,https://www.brooklynnationalpublicschool.com,https://locate.cisce.org/,2026-08-25
KA313,S J B S S Public School,"BENGALURU, Bangalore Rural, Karnataka, 560010, India",BENGALURU,Bangalore Rural,Karnataka,560010,board,ICSE,Day,Co-ed.,true,12.9925127,77.5553629,,https://locate.cisce.org/,2026-08-25
KA314,Standard Public School,"BENGALURU, BENGALURU, Karnataka, 560057, India",BENGALURU,BENGALURU,Karnataka,560057,board,ICSE / ISC,Day,Co-ed.,true,13.0459632,77.5127061,,https://locate.cisce.org/,2026-08-25
KA315,Swamy Vivekananda School,"Bengaluru, BENGALURU, Karnataka, 560099, India",Bengaluru,BENGALURU,Karnataka,560099,board,ICSE / ISC,Day,Co-ed.,true,12.8017099,77.7116112,https:// KA315CISCE.ORG,https://locate.cisce.org/,2026-08-25
KA316,Shrunga Vidyalaya,"Dodda Dunnasandra, Bangalore Rural, Karnataka, 560067, India",Dodda Dunnasandra,Bangalore Rural,Karnataka,560067,board,ICSE,Day,Co-ed.,true,12.976038,77.820274,,https://locate.cisce.org/,2026-08-25
KA317,Warriors English School,"Challakere, Chitradurga, Karnataka, 577522, India",Challakere,Chitradurga,Karnataka,577522,board,ICSE,Day,Co-ed.,true,14.5358722,75.7640848,,https://locate.cisce.org/,2026-08-25
KA318,Global International School,"Bengaluru, Bangalore Rural, Karnataka, 562114, India",Bengaluru,Bangalore Rural,Karnataka,562114,board,ICSE,Day,Co-ed.,true,13.1155305,77.836299,https://www.globalinternationalschoolhsk.org,https://locate.cisce.org/,2026-08-25
KA319,Pratham International School,"Bengaluru, BENGALURU, Karnataka, 560087, India",Bengaluru,BENGALURU,Karnataka,560087,board,ICSE,Day,Co-ed.,true,12.938302,77.7878383,http://prathamschool.edu.in,https://locate.cisce.org/,2026-08-25
KA321,NEWAGE WORLD SCHOOL,"Bengaluru, BENGALURU, Karnataka, 560088, India",Bengaluru,BENGALURU,Karnataka,560088,board,ICSE / ISC,Day,Co-ed.,true,13.133999,77.4788014,https://www.newageschools.in,https://locate.cisce.org/,2026-08-25
KA322,Tapovan School,"Bengaluru, BENGALURU, Karnataka, 560105, India",Bengaluru,BENGALURU,Karnataka,560105,board,ICSE / ISC,Day,Co-ed.,true,12.7945296,77.614948,https://www.tapovanschool.com,https://locate.cisce.org/,2026-08-25
KA323,Vibgyor High,"Bangalore, BENGALURU, Karnataka, 560102, India",Bangalore,BENGALURU,Karnataka,560102,board,ICSE / ISC,Day,Co-ed.,true,12.8981319,77.6582782,https://www.vibgyorhigh.com,https://locate.cisce.org/,2026-08-25
KA324,INDIAN PUBLIC SCHOOL,"TURUVEKERE, Tumkur, Karnataka, 572227, India",TURUVEKERE,Tumkur,Karnataka,572227,board,ICSE,Day,Co-ed.,true,13.1652619,76.6728115,https://www.ipsturuvekere.com,https://locate.cisce.org/,2026-08-25
KA325,The Paradise Academy,"Electronic City, BENGALURU, Karnataka, 560100, India",Electronic City,BENGALURU,Karnataka,560100,board,ICSE,Day/Residential,Co-ed.,true,12.8665353,77.6482062,http://www.paradiseresidentialschool.com,https://locate.cisce.org/,2026-08-25
KA326,M. E. C. Public School,"Bengaluru, BENGALURU, Karnataka, 560064, India",Bengaluru,BENGALURU,Karnataka,560064,board,ICSE,Day,Co-ed.,true,13.1069843,77.5667052,https://icse-mec.in,https://locate.cisce.org/,2026-08-25
KA327,Greenfield Public School,"BENGALURU, BENGALURU, Karnataka, 560064, India",BENGALURU,BENGALURU,Karnataka,560064,board,ICSE,Day,Co-ed.,true,13.003163,77.6375004,,https://locate.cisce.org/,2026-08-25
KA328,Arvind International School,"Tumkur, Tumkur, Karnataka, 572130, India",Tumkur,Tumkur,Karnataka,572130,board,ICSE,Day,Co-ed.,true,12.9719669,77.0232114,https://www.arvindinternational.org,https://locate.cisce.org/,2026-08-25
KA329,St. Antony's Public School,"Bengaluru, BENGALURU, Karnataka, 560036, India",Bengaluru,BENGALURU,Karnataka,560036,board,ICSE,Day,Co-ed.,true,13.0271761,77.7016813,https://www.stantonystcp.com,https://locate.cisce.org/,2026-08-25
KA330,Sona Valliappaa Public School,"HEJJALA, Ramanagara, Karnataka, 560102, India",HEJJALA,Ramanagara,Karnataka,560102,board,ICSE,Day,Co-ed.,true,12.8558744,77.4168632,,https://locate.cisce.org/,2026-08-25
KA331,Sri Vivekananda International School,"Tiptur, Tumkur, Karnataka, 572201, India",Tiptur,Tumkur,Karnataka,572201,board,ICSE,Day,Co-ed.,true,13.278112,76.4635387,https://www.srivivekanadatiptur1.org,https://locate.cisce.org/,2026-08-25
KA332,Elite Public School,"Bengaluru, BENGALURU, Karnataka, 560058, India",Bengaluru,BENGALURU,Karnataka,560058,board,ICSE,Day,Co-ed.,true,13.003121,77.5263029,,https://locate.cisce.org/,2026-08-25
KA333,B G S World School,"Bengaluru, Bangalore Rural, Karnataka, 563162, India",Bengaluru,Bangalore Rural,Karnataka,563162,board,ICSE,Day,Co-ed.,true,13.0078489,77.4667155,https://www.bgsworldschool.org,https://locate.cisce.org/,2026-08-25
KA334,Citizens' English School,"Hoskote, Bangalore Rural, Karnataka, 562114, India",Hoskote,Bangalore Rural,Karnataka,562114,board,ICSE,Day,Co-ed.,true,13.0779283,77.7810248,https://citizensenglishschool.org,https://locate.cisce.org/,2026-08-25
KA335,Aham Aathma Vidyalaya,"BENGALURU, BENGALURU, Karnataka, 560073, India",BENGALURU,BENGALURU,Karnataka,560073,board,ICSE / ISC,Day,Co-ed.,true,13.0251437,77.4942264,,https://locate.cisce.org/,2026-08-25
KA336,BEENA VAIDYA INTERNATIONAL PUBLIC SCHOOL,"MURDESHWAR, Uttara Kannada, Karnataka, 581350, India",MURDESHWAR,Uttara Kannada,Karnataka,581350,board,ICSE,Day,Co-ed.,true,14.0804855,74.5045909,https://www.beenavaidyaeducationtrust.com,https://locate.cisce.org/,2026-08-25
KA337,St. Anne's School,"HAVERI, Haveri, Karnataka, 581110, India",HAVERI,Haveri,Karnataka,581110,board,ICSE,Day,Co-ed.,true,14.786381,75.3912845,,https://locate.cisce.org/,2026-08-25
KA338,Bishop Sargeant Central School,"BENGALURU NORTH, BENGALURU, Karnataka, 560094, India",BENGALURU NORTH,BENGALURU,Karnataka,560094,board,ICSE,Day,Co-ed.,true,13.165214,77.4092323,,https://locate.cisce.org/,2026-08-25
KA339,New Baldwin International School,"BENGALURU, BENGALURU, Karnataka, 560036, India",BENGALURU,BENGALURU,Karnataka,560036,board,ICSE,Day,Co-ed.,true,13.0062285,77.76462,https://newbaldwingroupofinstitutions.org,https://locate.cisce.org/,2026-08-25
KA340,Athena Public School,"Bengaluru, BENGALURU, Karnataka, 560018, India",Bengaluru,BENGALURU,Karnataka,560018,board,ICSE,Day,Co-ed.,true,12.9458588,77.5628772,https://www.athenapublicschool.com,https://locate.cisce.org/,2026-08-25
KA341,Sree Pragnaa Gurukula School,"Mysore, Mysore, Karnataka, 571101, India",Mysore,Mysore,Karnataka,571101,board,ICSE,Day,Co-ed.,true,12.3068421,76.6865617,https://www.spgkb.com,https://locate.cisce.org/,2026-08-25
KA342,Attibele Public School,"Bengaluru, BENGALURU, Karnataka, 562107, India",Bengaluru,BENGALURU,Karnataka,562107,board,ICSE,Day,Co-ed.,true,12.910911,77.6844166,https://www.apschool.in,https://locate.cisce.org/,2026-08-25
KA343,St. Philomina Public School,"ATTIBELE, BENGALURU, Karnataka, 562017, India",ATTIBELE,BENGALURU,Karnataka,562017,board,ICSE,Day/Boarding,Co-ed.,true,12.872505,77.809015,,https://locate.cisce.org/,2026-08-25
KA344,St. Anthony's School,"Bengaluru, BENGALURU, Karnataka, 560068, India",Bengaluru,BENGALURU,Karnataka,560068,board,ICSE,Day,Co-ed.,true,12.8594383,77.614948,https://www.schoolstanthonys.org,https://locate.cisce.org/,2026-08-25
KA345,Twinkle United Public School,"MANDYA, Mandya, Karnataka, 571401, India",MANDYA,Mandya,Karnataka,571401,board,ICSE,Day,Co-ed.,true,12.5212885,76.8892451,https://www.twinkleunitedschool.com,https://locate.cisce.org/,2026-08-25
KA346,Endeavour's International School,"Bengaluru, BENGALURU, Karnataka, 562125, India",Bengaluru,BENGALURU,Karnataka,562125,board,ICSE,Day,Co-ed.,true,12.877019,77.7652868,,https://locate.cisce.org/,2026-08-25
KA347,Bethany High School,"Bengaluru, BENGALURU, Karnataka, 562 125, India",Bengaluru,BENGALURU,Karnataka,562125,board,ICSE,Day,Co-ed.,true,12.9132402,77.6792976,https://www.bethanyinstitutions.edu.in,https://locate.cisce.org/,2026-08-25
KA348,Vidya Samskruthi International School,"BETHAMANGALA, Kolar, Karnataka, 563116, India",BETHAMANGALA,Kolar,Karnataka,563116,board,ICSE,Day,Co-ed.,true,13.0059531,78.329639,,https://locate.cisce.org/,2026-08-25
KA349,Sri Ramakrishna Sharadadevi Vidya Mandira,"GAURIBIDNUR, Chikballapur, Karnataka, 561208, India",GAURIBIDNUR,Chikballapur,Karnataka,561208,board,ICSE / ISC,Day,Co-ed.,true,13.6400131,77.5300614,https://srsvidyamandira.com,https://locate.cisce.org/,2026-08-25
KA350,St. Norbert School,"Bengaluru, BENGALURU, Karnataka, 560077, India",Bengaluru,BENGALURU,Karnataka,560077,board,ICSE,Day,Co-ed.,true,13.072965,77.6637508,https://www.snsbangalore.ac.in,https://locate.cisce.org/,2026-08-25
KA351,St. Francis School,"Bagalur, Bangalore Rural, Karnataka, 562149, India",Bagalur,Bangalore Rural,Karnataka,562149,board,ICSE,Day,Co-ed.,true,13.2538148,77.7165879,https://www.sfsbagaluricse.com,https://locate.cisce.org/,2026-08-25
KA352,Cambridge Innovative School,"MUGULUR, BENGALURU, Karnataka, 562125, India",MUGULUR,BENGALURU,Karnataka,562125,board,ICSE,Day,Co-ed.,true,12.9007004,77.8062068,https://www.cambridgeinnovativeschools.com,https://locate.cisce.org/,2026-08-25
KA353,Indian High School,"BANGALORE, BENGALURU, Karnataka, 560056, India",BANGALORE,BENGALURU,Karnataka,560056,board,ICSE,Day,Co-ed.,true,12.9274855,77.4902475,http://www.iesinternational.org/,https://locate.cisce.org/,2026-08-25
KA354,St. Mary's Convent School,"Mandya, Mandya, Karnataka, 571 402, India",Mandya,Mandya,Karnataka,571402,board,ICSE / ISC,Day,Co-ed.,true,12.6095554,76.7942403,,https://locate.cisce.org/,2026-08-25
KA355,New Baldwin International Residential School,"Bengaluru, BENGALURU, Karnataka, 562106, India",Bengaluru,BENGALURU,Karnataka,562106,board,ICSE,Day/Residential,Co-ed.,true,12.816778,77.682095,https://www.newbaldwingroupofinstiutions.org,https://locate.cisce.org/,2026-08-25
KA356,Kingston High School,"BENGALURU, BENGALURU, Karnataka, 560045, India",BENGALURU,BENGALURU,Karnataka,560045,board,ICSE / ISC,Day,Co-ed.,true,13.0410742,77.6131038,https://www.kingstonhigh.in,https://locate.cisce.org/,2026-08-25
KA357,Aashley International School,"BANGARPET, Kolar, Karnataka, 563114, India",BANGARPET,Kolar,Karnataka,563114,board,ICSE,Day,Co-ed.,true,12.9101161,78.1250848,,https://locate.cisce.org/,2026-08-25
KA358,Pavan Residential School,"KURUGODU, Bellary, Karnataka, 583116, India",KURUGODU,Bellary,Karnataka,583116,board,ICSE,Day/Residential,Co-ed.,true,15.3426696,76.831332,,https://locate.cisce.org/,2026-08-25
KA359,Prestige International School,"BENGALURU, BENGALURU, Karnataka, 560049, India",BENGALURU,BENGALURU,Karnataka,560049,board,ICSE,Day,Co-ed.,true,12.8594587,77.5913615,https://www.pis.ac.in,https://locate.cisce.org/,2026-08-25
KA360,Aditya National Public School,"Bengaluru, BENGALURU, Karnataka, 560064, India",Bengaluru,BENGALURU,Karnataka,560064,board,ICSE,Day,Co-ed.,true,13.1044011,77.6129729,https://www.adityanps.in,https://locate.cisce.org/,2026-08-25
KA361,Smt. Pushpa Shamanur Mahalingappa Residential School,"Davangere, Davanagere, Karnataka, 577566, India",Davangere,Davanagere,Karnataka,577566,board,ICSE,Day/Residential,Co-ed.,true,14.4699802,75.8368425,https://www.spsmrs.org,https://locate.cisce.org/,2026-08-25
KA362,Green Wood High School,"Bengaluru, BENGALURU, Karnataka, 560083, India",Bengaluru,BENGALURU,Karnataka,560083,board,ICSE / ISC,Day/Boarding,Co-ed.,true,12.8442857,77.6035794,https://www.greenwoodhigh.edu.in,https://locate.cisce.org/,2026-08-25
KA363,GoldenBee Global School,"Bengaluru, BENGALURU, Karnataka, 560076, India",Bengaluru,BENGALURU,Karnataka,560076,board,ICSE / ISC,Day,Co-ed.,true,12.7943268,77.6209092,https://goldenbeeschool.edu.in/,https://locate.cisce.org/,2026-08-25
KA364,Aryabhatta International Academy,"Yadgir, Kalaburagi, Karnataka, 585202, India",Yadgir,Kalaburagi,Karnataka,585202,board,ICSE / ISC,Day/Residential,Co-ed.,true,16.8415355,77.0876791,https://www.aryabhattaacademy.in,https://locate.cisce.org/,2026-08-25
KA365,Shanthala Vidya Peetha Higher Primary School,"Mysore, Mysore, Karnataka, 570011, India",Mysore,Mysore,Karnataka,570011,board,ICSE,Day,Co-ed.,true,12.3022117,76.6821148,,https://locate.cisce.org/,2026-08-25
KA366,Blooming Buds School,"BELAGAVI, Belgaum, Karnataka, 590006, India",BELAGAVI,Belgaum,Karnataka,590006,board,ICSE,Day,Co-ed.,true,15.8429368,74.506795,https://www.bloomingbudsbelgaum.com,https://locate.cisce.org/,2026-08-25
KA367,THE BISHOP COTTON ACADEMY,"Bengaluru, BENGALURU, Karnataka, 562125, India",Bengaluru,BENGALURU,Karnataka,562125,board,ICSE,Day/Boarding,Co-ed.,true,12.8340123,77.7881634,https://www.bishopcottonacademy.in,https://locate.cisce.org/,2026-08-25
KA369,Samskruthi Gurukula,"Mandya, Mandya, Karnataka, 571402, India",Mandya,Mandya,Karnataka,571402,board,ICSE,Day,Co-ed.,true,12.5074671,76.836205,,https://locate.cisce.org/,2026-08-25
KA370,Brookfield High School,"Bengaluru, Bangalore Rural, Karnataka, 560099, India",Bengaluru,Bangalore Rural,Karnataka,560099,board,ICSE / ISC,Day,Co-ed.,true,12.84261,77.687331,http://brookfieldhigh.com/,https://locate.cisce.org/,2026-08-25
KA371,Carlo Cavina School,"Bengaluru, BENGALURU, Karnataka, 560099, India",Bengaluru,BENGALURU,Karnataka,560099,board,ICSE,Day,Co-ed.,true,12.8594894,77.7835178,https://www.carlocavinaschool. in,https://locate.cisce.org/,2026-08-25
KA372,Christ School,"HUNSUR, Mysore, Karnataka, 571105, India",HUNSUR,Mysore,Karnataka,571105,board,ICSE,Day,Co-ed.,true,12.3095629,76.2912645,https://christhunsur.in,https://locate.cisce.org/,2026-08-25
KA373,A R J International The Futuristic School,"BIJAPUR, Vijayapura, Karnataka, 586119, India",BIJAPUR,Vijayapura,Karnataka,586119,board,ICSE,Day/Boarding,Co-ed.,true,16.8267674,75.7159944,https://www.arjis.in,https://locate.cisce.org/,2026-08-25
KA374,B G S World School,"Bengaluru, BENGALURU, Karnataka, 560086, India",Bengaluru,BENGALURU,Karnataka,560086,board,ICSE,Day,Co-ed.,true,13.0076043,77.548825,https://www.bgsworldschoolml.com,https://locate.cisce.org/,2026-08-25
KA375,Maruthi International Public School,"Sullia, Dakshina Kannada, Karnataka, 574234, India",Sullia,Dakshina Kannada,Karnataka,574234,board,ICSE,Day,Co-ed.,true,12.5127806,75.4922446,https://maruthischool.com,https://locate.cisce.org/,2026-08-25
KA376,St.ann's Eng.med. School,"Bangalore, BENGALURU, Karnataka, 560068, India",Bangalore,BENGALURU,Karnataka,560068,board,ICSE / ISC,Day,Co-ed.,true,12.8745688,77.613521,https://www.stannsems.org,https://locate.cisce.org/,2026-08-25
KA377,Baldwin School,"KOLAR, Kolar, Karnataka, 563101, India",KOLAR,Kolar,Karnataka,563101,board,ICSE,Day/Boarding,Co-ed.,true,13.1396292,78.1360424,,https://locate.cisce.org/,2026-08-25
KA378,Trio World School,"Bengaluru, BENGALURU, Karnataka, 560092, India",Bengaluru,BENGALURU,Karnataka,560092,board,ICSE / ISC,Day,Co-ed.,true,13.0591514,77.5825161,https://www.trioworldschool.com,https://locate.cisce.org/,2026-08-25
KA379,Neev Academy School,"BENGALURU, BENGALURU, Karnataka, 560037, India",BENGALURU,BENGALURU,Karnataka,560037,board,ICSE,Day,Co-ed.,true,12.9460959,77.6740654,http://www.neevacademy.org,https://locate.cisce.org/,2026-08-25
KA380,22nd Century Public School,"MANDYA, Mandya, Karnataka, 571541, India",MANDYA,Mandya,Karnataka,571541,board,ICSE,Day,Co-ed.,true,12.5218157,76.8951488,https://www.22ndcenturypublicschoolmandya.com,https://locate.cisce.org/,2026-08-25
KA381,Mariam Nilaya School,"Bengaluru, BENGALURU, Karnataka, 560043, India",Bengaluru,BENGALURU,Karnataka,560043,board,ICSE,Day,Co-ed.,true,13.0172105,77.6378925,https://mnschool.org,https://locate.cisce.org/,2026-08-25
KA382,Carmel Convent School,"Mandya, Mandya, Karnataka, 571401, India",Mandya,Mandya,Karnataka,571401,board,ICSE,Day,Co-ed.,true,12.524144,76.8923735,https://www.KA382cisce.org,https://locate.cisce.org/,2026-08-25
KA383,B G S World School,"Ramanagara, Ramanagara, Karnataka, 562159, India",Ramanagara,Ramanagara,Karnataka,562159,board,ICSE,Day,Co-ed.,true,12.6564983,77.2101968,http://www.bgsworldschool.com/,https://locate.cisce.org/,2026-08-25
KA384,Baldwin Co-education School,"RAICHUR URBAN, Raichur, Karnataka, 584101, India",RAICHUR URBAN,Raichur,Karnataka,584101,board,ICSE,Day,Co-ed.,true,16.1944373,77.3256858,https://www.baldwin2011rcr.com,https://locate.cisce.org/,2026-08-25
KA385,BETHANY CENTRAL SCHOOL ICSE ARSIKERE,"Arsikere, Hassan, Karnataka, 573103, India",Arsikere,Hassan,Karnataka,573103,board,ICSE,Day,Co-ed.,true,13.7523179,75.7655226,,https://locate.cisce.org/,2026-08-25
KA386,KANVA INTERNATIONAL SCHOOL,"KORATAGERE, Tumkur, Karnataka, 572129, India",KORATAGERE,Tumkur,Karnataka,572129,board,ICSE,Day,Co-ed.,true,13.4908624,77.0362967,,https://locate.cisce.org/,2026-08-25
KA387,Sarathy National Public School,"Bengaluru, BENGALURU, Karnataka, 560 083, India",Bengaluru,BENGALURU,Karnataka,560083,board,ICSE,Day/Boarding,Co-ed.,true,12.8691312,77.5772654,,https://locate.cisce.org/,2026-08-25
KA388,Prashasthi International School,"BENGALURU, Bangalore Rural, Karnataka, 562107, India",BENGALURU,Bangalore Rural,Karnataka,562107,board,ICSE,Day/Boarding,Boys,true,12.7854694,77.751045,,https://locate.cisce.org/,2026-08-25
KA389,Nirmala Rani School,"Bengaluru, BENGALURU, Karnataka, 560055, India",Bengaluru,BENGALURU,Karnataka,560055,board,ICSE,Day,Girls,true,13.0087662,77.5658109,https:// http://nrepschool.com,https://locate.cisce.org/,2026-08-25
KA390,Christ The King Public School,"Bengaluru, BENGALURU, Karnataka, 560055, India",Bengaluru,BENGALURU,Karnataka,560055,board,ICSE,Day,Co-ed.,true,13.0054181,77.5570432,https://www.christthekingpublicschool.com,https://locate.cisce.org/,2026-08-25
KA391,Lourdes Academy,"BENGALURU, BENGALURU, Karnataka, 560 054, India",BENGALURU,BENGALURU,Karnataka,560054,board,ICSE,Day/Boarding,Co-ed.,true,13.0296502,77.557202,https://www.laicse.org,https://locate.cisce.org/,2026-08-25
KA392,The Global Public School,"MANDYA, Mandya, Karnataka, 571401, India",MANDYA,Mandya,Karnataka,571401,board,ICSE,Day,Co-ed.,true,12.5184933,76.8715871,https://www.globalinstitutionmandya.com,https://locate.cisce.org/,2026-08-25
KA393,Sharada International School,"Attibele, BENGALURU, Karnataka, 562107, India",Attibele,BENGALURU,Karnataka,562107,board,ICSE,Day,Co-ed.,true,12.7651964,77.7528048,https://Sharadaschools.ivmt.in,https://locate.cisce.org/,2026-08-25
KA394,Good Citizen Higher Primary School,"CHANNARAYAPATTANA, Hassan, Karnataka, 573135, India",CHANNARAYAPATTANA,Hassan,Karnataka,573135,board,ICSE,Day,Co-ed.,true,12.8785586,76.4476321,https://pmgics.in,https://locate.cisce.org/,2026-08-25
KA395,Nisarga Vidyavahini School,"Bengaluru, BENGALURU, Karnataka, 560073, India",Bengaluru,BENGALURU,Karnataka,560073,board,ICSE,Day/Boarding,Co-ed.,true,13.0410988,77.5049334,,https://locate.cisce.org/,2026-08-25
KA396,Pragathi Elite Public School,"Mysore, Mysore, Karnataka, 570026, India",Mysore,Mysore,Karnataka,570026,board,ICSE,Day,Co-ed.,true,12.3034558,76.6109497,https://www.pragathielite.com,https://locate.cisce.org/,2026-08-25
KA397,Vismaya Academy,"Chandapura, BENGALURU, Karnataka, 560099, India",Chandapura,BENGALURU,Karnataka,560099,board,ICSE,Day,Co-ed.,true,12.8211981,77.7106188,https://infovismayaacademy.org,https://locate.cisce.org/,2026-08-25
KA398,Icon School Of Excellence,"Bengaluru, BENGALURU, Karnataka, 560100, India",Bengaluru,BENGALURU,Karnataka,560100,board,ICSE / ISC,Day,Co-ed.,true,12.850042,77.650591,https://www.iconschoolofexcellence.com,https://locate.cisce.org/,2026-08-25
KA400,Appolo Public School,"Bengaluru, BENGALURU, Karnataka, 560085, India",Bengaluru,BENGALURU,Karnataka,560085,board,ICSE,Day/Boarding,Co-ed.,true,12.9237427,77.5501196,https://www.appolopublicschool.com,https://locate.cisce.org/,2026-08-25
KA401,R . K . VISION HIGHER PRIMARY SCHOOL,"Chintamani, Chikballapur, Karnataka, 563125, India",Chintamani,Chikballapur,Karnataka,563125,board,ICSE,Day/Boarding,Co-ed.,true,13.3857609,78.0451379,,https://locate.cisce.org/,2026-08-25
KA402,BHARATHI PUBLIC SCHOOL,"Bengaluru, BENGALURU, Karnataka, 560063, India",Bengaluru,BENGALURU,Karnataka,560063,board,ICSE,Day,Co-ed.,true,13.1200144,77.6195732,https://www.bharathiinstitutions.in,https://locate.cisce.org/,2026-08-25
KA404,Pandithya Euroschool,"Hassan, Hassan, Karnataka, 573217, India",Hassan,Hassan,Karnataka,573217,board,ICSE,Day,Co-ed.,true,13.1556831,75.9414403,https://www.euroschoolhassan.com,https://locate.cisce.org/,2026-08-25
KA405,St. John's High School,"BANGALORE, BENGALURU, Karnataka, 560 104, India",BANGALORE,BENGALURU,Karnataka,560104,board,ICSE,Day,Co-ed.,true,12.9789672,77.5386018,,https://locate.cisce.org/,2026-08-25
KA406,SRI CHAITANYA TECHNO SCHOOL (ICSE),"Anekal Taluk, BENGALURU, Karnataka, 560099, India",Anekal Taluk,BENGALURU,Karnataka,560099,board,ICSE,Day,Co-ed.,true,12.8205024,77.7181319,https://www.Sorsfort.edu.in,https://locate.cisce.org/,2026-08-25
KA407,St. Anne's Public School,"Mulbagal, Kolar, Karnataka, 563131, India",Mulbagal,Kolar,Karnataka,563131,board,ICSE,Day,Co-ed.,true,13.1517975,78.383348,,https://locate.cisce.org/,2026-08-25
KA408,Chandraprasad English Higher Primary School,"NITTUR, Tumkur, Karnataka, 572223, India",NITTUR,Tumkur,Karnataka,572223,board,ICSE,Day/Boarding,Co-ed.,true,12.9530365,77.0904105,,https://locate.cisce.org/,2026-08-25
KA409,S R S Prajna Vidya School,"Hassan, Hassan, Karnataka, 573201, India",Hassan,Hassan,Karnataka,573201,board,ICSE / ISC,Day,Co-ed.,true,13.0079751,76.1102303,,https://locate.cisce.org/,2026-08-25
KA410,Bangalore International High School,"BENGALURU, BENGALURU, Karnataka, 560082, India",BENGALURU,BENGALURU,Karnataka,560082,board,ICSE,Day,Co-ed.,true,12.9270777,77.5777255,https://www.bangaloreinternationalacademy.co.in,https://locate.cisce.org/,2026-08-25
KA411,Manasa International School,"SHIVAMOGGA, Shimoga, Karnataka, 577204, India",SHIVAMOGGA,Shimoga,Karnataka,577204,board,ICSE,Day,Co-ed.,true,13.9775826,75.5247584,,https://locate.cisce.org/,2026-08-25
KA412,Classic International Public School,"Dharwad, Dharwad, Karnataka, 580003, India",Dharwad,Dharwad,Karnataka,580003,board,ICSE,Day/Boarding,Co-ed.,true,15.4395806,74.9351256,https://www.classicedu.in,https://locate.cisce.org/,2026-08-25
KA413,St Philomena's Memorial School,"Bengaluru, BENGALURU, Karnataka, 560056, India",Bengaluru,BENGALURU,Karnataka,560056,board,ICSE,Day,Co-ed.,true,12.9467681,77.4978847,,https://locate.cisce.org/,2026-08-25
KA414,Seshadripuram School,"Tumkur, Tumkur, Karnataka, 572102, India",Tumkur,Tumkur,Karnataka,572102,board,ICSE,Day,Co-ed.,true,13.3137696,77.1076774,https://spptmk.ac.in,https://locate.cisce.org/,2026-08-25
KA415,Sophrosyne Concept School,"DAVANGERE, Davanagere, Karnataka, 577004, India",DAVANGERE,Davanagere,Karnataka,577004,board,ICSE,Day,Co-ed.,true,14.4499503,75.9203464,https://sophrosyneschool.org,https://locate.cisce.org/,2026-08-25
KA416,Green Dot International School,"Bengaluru, BENGALURU, Karnataka, 562107, India",Bengaluru,BENGALURU,Karnataka,562107,board,ICSE,Day,Co-ed.,true,12.9226373,77.6174442,https://www.greendotinternationalschool.com,https://locate.cisce.org/,2026-08-25
KA417,Gurukula Vidya Kendra School,"Bengaluru, BENGALURU, Karnataka, 562157, India",Bengaluru,BENGALURU,Karnataka,562157,board,ICSE,Day,Co-ed.,true,13.1880439,77.6180619,,https://locate.cisce.org/,2026-08-25
KA418,Vibgyor High,"Bengaluru, BENGALURU, Karnataka, 560077, India",Bengaluru,BENGALURU,Karnataka,560077,board,ICSE,Day,Co-ed.,true,13.068832,77.7189728,https://www.vibgyorhigh.com,https://locate.cisce.org/,2026-08-25
KA419,Indian Public School,"MANDYA, Mandya, Karnataka, 571401, India",MANDYA,Mandya,Karnataka,571401,board,ICSE,Day,Co-ed.,true,12.5218157,76.8951488,,https://locate.cisce.org/,2026-08-25
KA421,KADAMBA INTERNATIONAL SCHOOL,"Sira, Tumkur, Karnataka, 572137, India",Sira,Tumkur,Karnataka,572137,board,ICSE / ISC,Day,Co-ed.,true,13.7432715,76.8950891,https://www.kadambainternational.com,https://locate.cisce.org/,2026-08-25
KA422,Yajnavalkya Public School,"HIRIYUR, Chitradurga, Karnataka, 577598, India",HIRIYUR,Chitradurga,Karnataka,577598,board,ICSE,Day,Co-ed.,true,13.9305974,76.6109739,https://www.yajnavalkyahiriyur.com,https://locate.cisce.org/,2026-08-25
KA423,Christ School,"Bengaluru, BENGALURU, Karnataka, 560074, India",Bengaluru,BENGALURU,Karnataka,560074,board,ICSE / ISC,Day,Co-ed.,true,12.8631289,77.4378951,https://www.christkengeri.com,https://locate.cisce.org/,2026-08-25
KA424,Vidya Vikas English Higher Primary School,"Chitradurga, Chitradurga, Karnataka, 577501, India",Chitradurga,Chitradurga,Karnataka,577501,board,ICSE,Day,Co-ed.,true,14.2262125,76.4019844,https://www.vidyavikasavidyasamsthe.com,https://locate.cisce.org/,2026-08-25
KA425,St. Joseph Chaminade Academy,"Bengaluru, BENGALURU, Karnataka, 560099, India",Bengaluru,BENGALURU,Karnataka,560099,board,ICSE,Day,Co-ed.,true,12.8285604,77.7045138,https://stjosephchaminade.com/,https://locate.cisce.org/,2026-08-25
KA426,St. Joseph's School,"Sagar, Shimoga, Karnataka, 577401, India",Sagar,Shimoga,Karnataka,577401,board,ICSE,Day,Co-ed.,true,14.1437443,75.0114612,,https://locate.cisce.org/,2026-08-25
KA427,Euro School,"DAVANGERE, Davanagere, Karnataka, 577004, India",DAVANGERE,Davanagere,Karnataka,577004,board,ICSE,Day,Co-ed.,true,14.4375197,75.8992107,http://euroschooldvg.in/,https://locate.cisce.org/,2026-08-25
KA429,Sri B. M. Patil Public School,"VIJAYAPUR, Vijayapura, Karnataka, 586109, India",VIJAYAPUR,Vijayapura,Karnataka,586109,board,ICSE,Day,Co-ed.,true,16.8066849,75.7260531,https://www.bldeasbmppsj.in,https://locate.cisce.org/,2026-08-25
KA430,St. Theresa School,"Bengaluru, BENGALURU, Karnataka, 560016, India",Bengaluru,BENGALURU,Karnataka,560016,board,ICSE,Day,Co-ed.,true,12.9962637,77.6865159,http://www.sttheresaschoolblr.com,https://locate.cisce.org/,2026-08-25
KA431,Mayur Global School,"DAVANGERE, Davanagere, Karnataka, 577004, India",DAVANGERE,Davanagere,Karnataka,577004,board,ICSE,Day,Co-ed.,true,14.438152,75.8955113,http://mayurglobalschool.org/,https://locate.cisce.org/,2026-08-25
KA432,Wisdom English School,"BANGALORE RURAL, Bangalore Rural, Karnataka, 562135, India",BANGALORE RURAL,Bangalore Rural,Karnataka,562135,board,ICSE,Day,Co-ed.,true,13.2924155,77.8002506,,https://locate.cisce.org/,2026-08-25
KA433,Shree Sai International School,"Sidlaghatta, Chikballapur, Karnataka, 562105, India",Sidlaghatta,Chikballapur,Karnataka,562105,board,ICSE,Day,Co-ed.,true,13.3936652,77.8653126,"https://www.ssirs.in, www.ka433cisce.org",https://locate.cisce.org/,2026-08-25
KA434,Lourdes English Medium School,"Karkala, Udupi, Karnataka, 574102, India",Karkala,Udupi,Karnataka,574102,board,ICSE,Day,Co-ed.,true,13.2794554,74.8867916,https://www.lourdesicsekanajar.com,https://locate.cisce.org/,2026-08-25
KA435,NEW OXFORD INTERNATIONAL SCHOOL,"Bengaluru, BENGALURU, Karnataka, 560105, India",Bengaluru,BENGALURU,Karnataka,560105,board,ICSE,Day/Boarding,Co-ed.,true,12.8594894,77.7835178,https://www.newoxfordinternationalschool.com,https://locate.cisce.org/,2026-08-25
KA436,Vidya Soudha Public School,"Hassan, Hassan, Karnataka, 573201, India",Hassan,Hassan,Karnataka,573201,board,ICSE,Day,Co-ed.,true,12.960391,77.527365,https://www.vidyasoudha.com,https://locate.cisce.org/,2026-08-25
KA437,Holy Family School,"Bengaluru, Bangalore Rural, Karnataka, 562107, India",Bengaluru,Bangalore Rural,Karnataka,562107,board,ICSE,Day,Co-ed.,true,12.8594894,77.7835178,https://www.bangalore.safa.center,https://locate.cisce.org/,2026-08-25
KA438,Nemesia Academy,"Bengaluru, BENGALURU, Karnataka, 560099, India",Bengaluru,BENGALURU,Karnataka,560099,board,ICSE,Day,Co-ed.,true,12.8581406,77.7065754,https://www.nemesiaacademy.in,https://locate.cisce.org/,2026-08-25
KA439,Gurukula International School,"BANGALORE, Bangalore Rural, Karnataka, 562135, India",BANGALORE,Bangalore Rural,Karnataka,562135,board,ICSE,Day,Co-ed.,true,13.3105468,77.7637568,https://KA439cisce.org,https://locate.cisce.org/,2026-08-25
KA440,Amrita International Vidyalayam,"Bengaluru Urban, BENGALURU, Karnataka, 560099, India",Bengaluru Urban,BENGALURU,Karnataka,560099,board,ICSE,Day,Co-ed.,true,12.877019,77.7652868,https://www.aiv.edu.in,https://locate.cisce.org/,2026-08-25
KA441,"Ryan International School , Kulai","Mangalore, Dakshina Kannada, Karnataka, 575019, India",Mangalore,Dakshina Kannada,Karnataka,575019,board,ICSE,Day,Co-ed.,true,12.9731481,74.8096647,https://www.ryangroup.org,https://locate.cisce.org/,2026-08-25
KA442,Presidency School,"BENGALURU, BENGALURU, Karnataka, 560085, India",BENGALURU,BENGALURU,Karnataka,560085,board,ICSE,Day,Co-ed.,true,12.9394669,77.5485928,http://presidencyschoolbsk.org/,https://locate.cisce.org/,2026-08-25
KA443,S R S Heritage School,"CHITRADURGA, Chitradurga, Karnataka, 577502, India",CHITRADURGA,Chitradurga,Karnataka,577502,board,ICSE,Day,Co-ed.,true,14.2401323,76.4041126,https://www.srsheritageschool.in,https://locate.cisce.org/,2026-08-25
KA444,Sree Gurukula International School,"PAVAGADA, Tumkur, Karnataka, 561202, India",PAVAGADA,Tumkur,Karnataka,561202,board,ICSE,Day/Residential,Co-ed.,true,14.2807165,76.7621107,,https://locate.cisce.org/,2026-08-25
KA445,Triumph World School,"Bangalore, Bangalore Rural, Karnataka, 562106, India",Bangalore,Bangalore Rural,Karnataka,562106,board,ICSE,Day,Co-ed.,true,12.7925905,77.7015789,https://www.triumphworldschool.com,https://locate.cisce.org/,2026-08-25
KA446,Glossy Kids And Sadvidya Public School,"TARIKERE, Chikkamagaluru, Karnataka, 577228, India",TARIKERE,Chikkamagaluru,Karnataka,577228,board,ICSE,Day,Co-ed.,true,12.7571645,76.9618317,,https://locate.cisce.org/,2026-08-25
KA447,CHRIST THE KING SCHOOL,"Bengaluru, BENGALURU, Karnataka, 560016, India",Bengaluru,BENGALURU,Karnataka,560016,board,ICSE,Day,Co-ed.,true,13.0111476,77.6714962,https://www.ckinstitutions.com,https://locate.cisce.org/,2026-08-25
KA448,S V International Public School,"BANGALORE, BENGALURU, Karnataka, 560091, India",BANGALORE,BENGALURU,Karnataka,560091,board,ICSE,Day,Co-ed.,true,12.9662898,77.4010921,,https://locate.cisce.org/,2026-08-25
KA449,Christ Academy,"Mangalore, Dakshina Kannada, Karnataka, 574228, India",Mangalore,Dakshina Kannada,Karnataka,574228,board,ICSE,Day,Co-ed.,true,12.8854777,74.8388112,https://www.christmundaje.in/,https://locate.cisce.org/,2026-08-25
KA450,Sai Global School,"BANGALORE, BENGALURU, Karnataka, 560067, India",BANGALORE,BENGALURU,Karnataka,560067,board,ICSE,Day,Co-ed.,true,13.0124901,77.762781,https://www.saiglobalschool.com,https://locate.cisce.org/,2026-08-25
KA451,Republic Central School,"Mandya, Mandya, Karnataka, 571403, India",Mandya,Mandya,Karnataka,571403,board,ICSE,Day,Co-ed.,true,12.5218157,76.8951488,http://www.republiccentral.school/,https://locate.cisce.org/,2026-08-25
KA452,Chrysalis High,"Bengaluru, BENGALURU, Karnataka, 560067, India",Bengaluru,BENGALURU,Karnataka,560067,board,ICSE,Day,Co-ed.,true,13.0244207,77.7636043,https://www.chrysalishigh.com/,https://locate.cisce.org/,2026-08-25
KA453,Ikue International School,"SINDHANUR, Raichur, Karnataka, 584128, India",SINDHANUR,Raichur,Karnataka,584128,board,ICSE,Day,Co-ed.,true,15.744115,76.760704,https://ka453cisce.org,https://locate.cisce.org/,2026-08-25
KA454,Sir M Visvesvaraya International School,"Kolar, Kolar, Karnataka, 563103, India",Kolar,Kolar,Karnataka,563103,board,ICSE,Day,Co-ed.,true,13.1402874,78.1546247,https://smvischool.com,https://locate.cisce.org/,2026-08-25
KA455,V Blooms D World School,"ANEKAL, BENGALURU, Karnataka, 562106, India",ANEKAL,BENGALURU,Karnataka,562106,board,ICSE,Day,Co-ed.,true,12.8074434,77.6236313,https://www.vblooms.com,https://locate.cisce.org/,2026-08-25
KA456,Nypunya School Of Excellence,"Mysore, Mysore, Karnataka, 570026, India",Mysore,Mysore,Karnataka,570026,board,ICSE,Day,Co-ed.,true,12.2817943,76.5899997,https://www.nypunyaschool.education,https://locate.cisce.org/,2026-08-25
KA457,V L S International Public School,"Bengaluru, BENGALURU, Karnataka, 560091, India",Bengaluru,BENGALURU,Karnataka,560091,board,ICSE,Day,Co-ed.,true,12.973732,77.479623,https://www.vlsips.edu.in,https://locate.cisce.org/,2026-08-25
KA458,Udgam School,"Kushalnagar, Kodagu, Karnataka, 571234, India",Kushalnagar,Kodagu,Karnataka,571234,board,ICSE,Day,Co-ed.,true,12.4525127,75.9241195,http://www.udgamcoorg.com/,https://locate.cisce.org/,2026-08-25
KA459,SAIRAM INTERNATIONAL SCHOOL,"Chikkaballapur, Chikkaballapur, Karnataka, 562101, India",Chikkaballapur,Chikkaballapur,Karnataka,562101,board,ICSE,Day/Boarding,Co-ed.,true,13.4354985,77.7315344,,https://locate.cisce.org/,2026-08-25
KA460,Vidyashilp School,"Bengaluru, BENGALURU, Karnataka, 562149, India",Bengaluru,BENGALURU,Karnataka,562149,board,ICSE,Day,Co-ed.,true,13.0358232,77.6398375,https://www.vidyashilpschool.edu.in,https://locate.cisce.org/,2026-08-25
KA461,St. Philip Neri Central School,"KUNDAPURA, Udupi, Karnataka, 576211, India",KUNDAPURA,Udupi,Karnataka,576211,board,ICSE,Day,Co-ed.,true,13.6273086,74.7327292,,https://locate.cisce.org/,2026-08-25
KA462,Goal International Public School,"Honnavar, Uttara Kannada, Karnataka, 581348, India",Honnavar,Uttara Kannada,Karnataka,581348,board,ICSE,Day/Boarding,Co-ed.,true,14.1759606,74.4907044,,https://locate.cisce.org/,2026-08-25
KA463,Rays Academy For Learning,"Bengaluru, BENGALURU, Karnataka, 560061, India",Bengaluru,BENGALURU,Karnataka,560061,board,ICSE,Day,Co-ed.,true,12.896203,77.5505391,https://raysinistututions.com,https://locate.cisce.org/,2026-08-25
KA464,Jnanapoorna English Medium School,"Chitradurga, Chitradurga, Karnataka, 577524, India",Chitradurga,Chitradurga,Karnataka,577524,board,ICSE,Day,Co-ed.,true,14.2250932,76.3980464,https://www.jnanapoornadshalli.in,https://locate.cisce.org/,2026-08-25
KA465,International Delhi Public School,"BELLARY, Bellary, Karnataka, 583103, India",BELLARY,Bellary,Karnataka,583103,board,ICSE,Day,Co-ed.,true,15.1785208,76.9536036,https://www.idpsballari.in,https://locate.cisce.org/,2026-08-25
KA466,Kaveri Vidhya Kshetram Public School,"Bengaluru, BENGALURU, Karnataka, 560068, India",Bengaluru,BENGALURU,Karnataka,560068,board,ICSE,Day,Co-ed.,true,12.875099,77.6494888,,https://locate.cisce.org/,2026-08-25
KA467,Chaman Bhartiya School,"Bengaluru, BENGALURU, Karnataka, 560064, India",Bengaluru,BENGALURU,Karnataka,560064,board,ICSE,Day,Co-ed.,true,13.0802921,77.6340808,https://www.chamanbhartiya.com,https://locate.cisce.org/,2026-08-25
KA468,Gnana Bhaskara Public School,"Bengaluru, BENGALURU, Karnataka, 560077, India",Bengaluru,BENGALURU,Karnataka,560077,board,ICSE,Day,Co-ed.,true,13.0714911,77.674249,https://www.gnanabhaskarapublicschool.com,https://locate.cisce.org/,2026-08-25
KA469,Sunbeam International School,"BENGALURU SOUTH, BENGALURU, Karnataka, 560068, India",BENGALURU SOUTH,BENGALURU,Karnataka,560068,board,ICSE,Day,Co-ed.,true,12.8601832,77.6205088,https://WWW.SUNBEAMINTERNATIONALSCHOOL.ORG,https://locate.cisce.org/,2026-08-25
KA470,Matha's International School,"Bengaluru, BENGALURU, Karnataka, 560068, India",Bengaluru,BENGALURU,Karnataka,560068,board,ICSE,Day,Co-ed.,true,12.9097978,77.6273907,,https://locate.cisce.org/,2026-08-25
KA471,Green Valley Public School,"BEVINAHALLI VILLAGE, Mandya, Karnataka, 571478, India",BEVINAHALLI VILLAGE,Mandya,Karnataka,571478,board,ICSE,Day,Co-ed.,true,13.8967449,76.8425455,,https://locate.cisce.org/,2026-08-25
KA472,Sri Guru Christa Sharan International School,"BIRURU, Chikkamagaluru, Karnataka, 577116, India",BIRURU,Chikkamagaluru,Karnataka,577116,board,ICSE,Day,Co-ed.,true,13.5485598,76.0084259,https://www.christasharanschool.com,https://locate.cisce.org/,2026-08-25
KA473,Sri Rudramuni Swamiji International Public School,"Tiptur, Tumkur, Karnataka, 572202, India",Tiptur,Tumkur,Karnataka,572202,board,ICSE,Day,Co-ed.,true,13.2809319,76.5362715,https://CISCE.ORG,https://locate.cisce.org/,2026-08-25
KA474,Poola School,"Bangalore, Bangalore Rural, Karnataka, 561203, India",Bangalore,Bangalore Rural,Karnataka,561203,board,ICSE,Day,Co-ed.,true,13.1721462,77.5598297,https://poola.edu.in/,https://locate.cisce.org/,2026-08-25
KA475,Vijaya School,"HASSAN TOWN, Hassan, Karnataka, 573202, India",HASSAN TOWN,Hassan,Karnataka,573202,board,ICSE,Day,Co-ed.,true,13.0267309,76.1045388,https://www.vijayaschoolhsn.in,https://locate.cisce.org/,2026-08-25
KA476,St. Joseph Public School,"Chickmagalur, Chikkamagaluru, Karnataka, 577134, India",Chickmagalur,Chikkamagaluru,Karnataka,577134,board,ICSE,Day,Co-ed.,true,13.5861283,75.4989272,,https://locate.cisce.org/,2026-08-25
KA477,Royale Apollo International School,"Hassan, Hassan, Karnataka, 573201, India",Hassan,Hassan,Karnataka,573201,board,ICSE,Day,Co-ed.,true,13.0033234,76.1003894,https://raishemavathinagar.com/,https://locate.cisce.org/,2026-08-25
KA478,Aadya Academy,"Bengaluru, BENGALURU, Karnataka, 560077, India",Bengaluru,BENGALURU,Karnataka,560077,board,ICSE,Day,Co-ed.,true,13.0610049,77.6489806,,https://locate.cisce.org/,2026-08-25
KA479,Jnana Jyoti Public School,"SARJAPURA, BENGALURU, Karnataka, 562125, India",SARJAPURA,BENGALURU,Karnataka,562125,board,ICSE,Day,Co-ed.,true,12.8862241,77.7457222,https://www.jjps.org.in,https://locate.cisce.org/,2026-08-25
KA480,Gupta's International School,"Kolar, Kolar, Karnataka, 563101, India",Kolar,Kolar,Karnataka,563101,board,ICSE,Day,Co-ed.,true,13.0910359,78.3642316,http://giskolar.com/,https://locate.cisce.org/,2026-08-25
KA481,Vidyashilp School,"Bengaluru, BENGALURU, Karnataka, 560061, India",Bengaluru,BENGALURU,Karnataka,560061,board,ICSE,Day,Co-ed.,true,12.9104536,77.5549398,https://vidyashilpschool.edu.in/banashankari,https://locate.cisce.org/,2026-08-25
KA482,Don Bosco School,"HOSAPETE, Bellary, Karnataka, 583201, India",HOSAPETE,Bellary,Karnataka,583201,board,ICSE,Day,Co-ed.,true,15.2638319,76.3954801,https://dbhospet.org/,https://locate.cisce.org/,2026-08-25
KA483,The Green School Bangalore,"Bengaluru, Bangalore Rural, Karnataka, 560087, India",Bengaluru,Bangalore Rural,Karnataka,560087,board,ICSE / ISC,Day,Co-ed.,true,12.9556159,77.8155015,https://www.thegreenschoolbangalore.com,https://locate.cisce.org/,2026-08-25
KA484,D. Devaraj Urs Smaraka Hps & Hs School Shahapur,"SHAHAPUR, Kalaburagi, Karnataka, 585223, India",SHAHAPUR,Kalaburagi,Karnataka,585223,board,ICSE,Day,Co-ed.,true,16.7025108,76.8424446,,https://locate.cisce.org/,2026-08-25
KA485,Cordial International School,"Madhugiri, Tumkur, Karnataka, 572132, India",Madhugiri,Tumkur,Karnataka,572132,board,ICSE,Day/Residential,Co-ed.,true,13.6347187,77.201307,,https://locate.cisce.org/,2026-08-25
KA486,Bright International Academy,"Bengaluru, BENGALURU, Karnataka, 560105, India",Bengaluru,BENGALURU,Karnataka,560105,board,ICSE,Day,Co-ed.,true,12.7978261,77.6241543,https://www.brightinternationalacademy.org.in/,https://locate.cisce.org/,2026-08-25
KA487,Alvas English Medium Primary & Higher Primary School,"MOODBIDRE, Dakshina Kannada, Karnataka, 574227, India",MOODBIDRE,Dakshina Kannada,Karnataka,574227,board,ICSE,Day/Boarding,Co-ed.,true,13.0604345,74.9614311,https://www.alvasschools.com/,https://locate.cisce.org/,2026-08-25
KA488,Caldwell Academy English High School,"HOSKAOTE, Bangalore Rural, Karnataka, 562114, India",HOSKAOTE,Bangalore Rural,Karnataka,562114,board,ICSE,Day,Co-ed.,true,13.0619968,77.7865247,https://caldwellacademy.in,https://locate.cisce.org/,2026-08-25
KA489,Christ Cmi School,"BANGALORE, BENGALURU, Karnataka, 560099, India",BANGALORE,BENGALURU,Karnataka,560099,board,ICSE,Day,Co-ed.,true,12.8329038,77.7477116,https://www.christcmischool.org,https://locate.cisce.org/,2026-08-25
KA490,Shree Veda Vyasa Academy,"BANGALORE RURAL, Bangalore Rural, Karnataka, 560087, India",BANGALORE RURAL,Bangalore Rural,Karnataka,560087,board,ICSE,Day,Co-ed.,true,12.9431097,77.7798359,,https://locate.cisce.org/,2026-08-25
KA491,P N C Cognitio School,"BENGALURU, BENGALURU, Karnataka, 560067, India",BENGALURU,BENGALURU,Karnataka,560067,board,ICSE,Day/Residential,Co-ed.,true,13.0013193,77.7466387,https://www.pnccs.edu.in,https://locate.cisce.org/,2026-08-25
KA492,B M H Public School,"CHANNARAYAPATNA, Hassan, Karnataka, 573135, India",CHANNARAYAPATNA,Hassan,Karnataka,573135,board,ICSE,Day,Co-ed.,true,12.851896,76.4807385,,https://locate.cisce.org/,2026-08-25
KA493,The Frank Anthony Juniour LPS,"Bengaluru, BENGALURU, Karnataka, 560025, India",Bengaluru,BENGALURU,Karnataka,560025,board,ICSE,Day,Co-ed.,true,12.9611049,77.6041993,,https://locate.cisce.org/,2026-08-25
KA494,St. Charles English Medium School,"BHADRAVATHI, Shimoga, Karnataka, 577301, India",BHADRAVATHI,Shimoga,Karnataka,577301,board,ICSE,Day,Co-ed.,true,13.8434722,75.6846874,https://www.stcharlesembdvt.com,https://locate.cisce.org/,2026-08-25
KA495,Scholars' International School,"HASSAN, Hassan, Karnataka, 573202, India",HASSAN,Hassan,Karnataka,573202,board,ICSE,Day,Co-ed.,true,13.0212862,76.1000758,,https://locate.cisce.org/,2026-08-25
KA496,Good Samaritan Public High School,"Bengaluru, BENGALURU, Karnataka, 560093, India",Bengaluru,BENGALURU,Karnataka,560093,board,ICSE,Day,Co-ed.,true,12.9793499,77.6800964,https://www.gspsbengaluru.com,https://locate.cisce.org/,2026-08-25
KA497,Jnanaprabha International School,"HIRISAVE, Hassan, Karnataka, 573124, India",HIRISAVE,Hassan,Karnataka,573124,board,ICSE,Day,Co-ed.,true,12.9160237,76.3796058,https://www.jnanaprabha.org,https://locate.cisce.org/,2026-08-25
KA498,LADYHILL SCHOOL,"Mangalore, Dakshina Kannada, Karnataka, 575006, India",Mangalore,Dakshina Kannada,Karnataka,575006,board,ICSE,Day/Boarding,Co-ed.,true,12.8981588,74.8307076,https://www.ladyhillshool.org,https://locate.cisce.org/,2026-08-25
KA499,Sri Acharya Gurukula Shishuloka Kadakola School,"MYSORE, Mysore, Karnataka, 571311, India",MYSORE,Mysore,Karnataka,571311,board,ICSE,Day/Boarding,Co-ed.,true,12.2726839,76.6430296,https://www.acharyainternational.com,https://locate.cisce.org/,2026-08-25
KA500,Rakkasagi Academy For Learning English Medium Primary School,"BAGALKOT, Bagalkot, Karnataka, 587101, India",BAGALKOT,Bagalkot,Karnataka,587101,board,ICSE,Day,Co-ed.,true,16.1632432,75.6578057,,https://locate.cisce.org/,2026-08-25
KA501,Brilliants Valley International School,"SOLURU, Ramanagara, Karnataka, 562127., India","SOLURU, Ramanagara",Karnataka,562127.,562127,india_post_directory,ICSE,Day,Co-ed.,true,13.0729153,77.2241654,https://www.bvirs.com,https://locate.cisce.org/,2026-08-25
KA502,Rainbow Global School,"Belagoduhal village, Bellary, Karnataka, 583132, India",Belagoduhal village,Bellary,Karnataka,583132,board,ICSE,Day,Co-ed.,true,15.349226,76.4359818,,https://locate.cisce.org/,2026-08-25
KA503,D Devaraj Uras Hps & Hs School,"YADAGIR, Yadgir, Karnataka, 585223, India",YADAGIR,Yadgir,Karnataka,585223,board,ICSE,Day,Co-ed.,true,16.7625516,77.1442251,http://www.dduinternationalschool.com,https://locate.cisce.org/,2026-08-25
KA504,Veda International School,"HUBBALLI, Dharwad, Karnataka, 580023, India",HUBBALLI,Dharwad,Karnataka,580023,board,ICSE,Day,Co-ed.,true,15.3251819,75.1735432,,https://locate.cisce.org/,2026-08-25
KA505,V G S Elite International School,"Bengaluru, BENGALURU, Karnataka, 562162, India",Bengaluru,BENGALURU,Karnataka,562162,board,ICSE,Day/Boarding,Co-ed.,true,13.0078489,77.4667155,https://vgseliteinternationalschool.com/,https://locate.cisce.org/,2026-08-25
KA506,SUNSHINE SMART SCHOOL,"BANGALORE, BENGALURU, Karnataka, 560105, India",BANGALORE,BENGALURU,Karnataka,560105,board,ICSE,Day,Co-ed.,true,12.836112,77.6459919,https://www.sunshinesmartschool.in/,https://locate.cisce.org/,2026-08-25
KA507,Aditya Vidya Shilp Academy English Medium School,"Bhyrapura, Chitradurga, Karnataka, 577527, India",Bhyrapura,Chitradurga,Karnataka,577527,board,ICSE,Day,Co-ed.,true,13.7554493,76.313795,https://avsacademyhsd.com,https://locate.cisce.org/,2026-08-25
KA508,Slv International School,"Bangalore, Bangalore Rural, Karnataka, 562135, India",Bangalore,Bangalore Rural,Karnataka,562135,board,ICSE,Day,Co-ed.,true,13.278454,77.8070925,http://www.slvis.in,https://locate.cisce.org/,2026-08-25
KA509,Shree Sai Saadhanaa School,"Doddaballapur, Bangalore Rural, Karnataka, 561203, India",Doddaballapur,Bangalore Rural,Karnataka,561203,board,ICSE,Day,Co-ed.,true,13.2934394,77.5421937,https://sssdbp.org,https://locate.cisce.org/,2026-08-25
KA510,The Christ Academy,"HASSAN, Hassan, Karnataka, 573217, India",HASSAN,Hassan,Karnataka,573217,board,ICSE,Day,Co-ed.,true,12.9998064,76.093293,,https://locate.cisce.org/,2026-08-25
KA511,Dream World International Public School,"HOLALKERE, Chitradurga, Karnataka, 577526, India",HOLALKERE,Chitradurga,Karnataka,577526,board,ICSE,Day,Co-ed.,true,12.9116638,77.5411625,https://www.dreamworldinternationalpublicschoolholalkere,https://locate.cisce.org/,2026-08-25
KA512,Gnana Mudra Vidya Mandir,"Maddur, Mandya, Karnataka, 571422, India",Maddur,Mandya,Karnataka,571422,board,ICSE,Day/Boarding,Co-ed.,true,12.462527,77.1180367,https://gnanamudra.in/,https://locate.cisce.org/,2026-08-25
KA513,M S B Educational Institute,"Anekal Taluk, BENGALURU, Karnataka, 560 083, India",Anekal Taluk,BENGALURU,Karnataka,560083,board,ICSE,Day/Boarding,Co-ed.,true,12.8332396,77.6072278,https://www.idaramsb.net,https://locate.cisce.org/,2026-08-25
KA514,National Pride School,"DODDABALLAPURA, Bangalore Rural, Karnataka, 561203, India",DODDABALLAPURA,Bangalore Rural,Karnataka,561203,board,ICSE,Day/Boarding,Co-ed.,true,13.2878959,77.5318291,https://www.npsdoddaballapura.com,https://locate.cisce.org/,2026-08-25
KA515,Prism Prajna Academy,"ANEKAL, BENGALURU, Karnataka, 560105, India",ANEKAL,BENGALURU,Karnataka,560105,board,ICSE,Day/Boarding,Co-ed.,true,12.7647182,77.6438923,,https://locate.cisce.org/,2026-08-25
KA516,Adithya Gurukulam School,"HONNALI, Davanagere, Karnataka, 577217, India",HONNALI,Davanagere,Karnataka,577217,board,ICSE,Day/Boarding,Co-ed.,true,14.2565809,75.641175,https://adithyagurukulam.com,https://locate.cisce.org/,2026-08-25
KA517,Bethany School,"Mangalore, Dakshina Kannada, Karnataka, 574154, India",Mangalore,Dakshina Kannada,Karnataka,574154,board,ICSE,Day,Co-ed.,true,13.0692849,74.8170822,,https://locate.cisce.org/,2026-08-25
KA518,Sudhiksha International School,"Siruguppa, Bellary, Karnataka, 583121, India",Siruguppa,Bellary,Karnataka,583121,board,ICSE,Day/Boarding,Co-ed.,true,15.6577803,76.9606035,https://www.sudhikshainternationalschool.in/,https://locate.cisce.org/,2026-08-25
KA519,Anupama International Public School,"Chitradurga, Chitradurga, Karnataka, 577501, India",Chitradurga,Chitradurga,Karnataka,577501,board,ICSE,Day,Co-ed.,true,14.232306,76.4013365,https://aipschool.edu.in,https://locate.cisce.org/,2026-08-25
KA520,Valley Public School,"KOLAR, Kolar, Karnataka, 563133, India",KOLAR,Kolar,Karnataka,563133,board,ICSE,Day,Co-ed.,true,13.1408507,78.0038406,https://www.valleypublicschool.net,https://locate.cisce.org/,2026-08-25
KA521,Tenbroeck Academy,"Bengaluru, BENGALURU, Karnataka, 560004, India",Bengaluru,BENGALURU,Karnataka,560004,board,ICSE,Day,Co-ed.,true,12.943687,77.5760851,https://www.tenbroeckacdemy.com,https://locate.cisce.org/,2026-08-25
KA522,ST.THERESA'S SCHOOL,"Bangalore Urban, Bangalore Urban, Karnataka, 560060, India",Bangalore Urban,Bangalore Urban,Karnataka,560060,board,ICSE,Day,Co-ed.,true,12.9152658,77.4953246,https://stsblr.ac.in,https://locate.cisce.org/,2026-08-25
KA523,Sai Jyothi International School,"CHIKBALLAPUR, Chikballapur, Karnataka, 562102, India",CHIKBALLAPUR,Chikballapur,Karnataka,562102,board,ICSE,Day/Boarding,Co-ed.,false,13.2880001,77.8210036,,https://locate.cisce.org/,2026-08-25
KA524,Sahana Higher Primary School,"SINDHANUR, Raichur, Karnataka, 584128, India",SINDHANUR,Raichur,Karnataka,584128,board,ICSE,Day,Co-ed.,false,15.81102,76.8144298,,https://locate.cisce.org/,2026-08-25
KA525,Flomont World School,"Bengaluru, BENGALURU, Karnataka, 560036, India",Bengaluru,BENGALURU,Karnataka,560036,board,ICSE,Day,Co-ed.,false,13.0266863,77.6803466,https://flomont.in/,https://locate.cisce.org/,2026-08-25
KA526,Kenneth George English School,"Bengaluru, BENGALURU, Karnataka, 560032, India",Bengaluru,BENGALURU,Karnataka,560032,board,ICSE,Day,Co-ed.,false,13.0340118,77.5572399,https://kennethgeorgeschool.com,https://locate.cisce.org/,2026-08-25
KA527,National Academy For Learning,"BANGALORE, BENGALURU, Karnataka, 560064, India",BANGALORE,BENGALURU,Karnataka,560064,board,ICSE,Day,Co-ed.,false,13.082535,77.6232469,https://nafljakkur.in/,https://locate.cisce.org/,2026-08-25
KA528,Akshara International School,"Sira, Tumkur, Karnataka, 572137, India",Sira,Tumkur,Karnataka,572137,board,ICSE,Day,Co-ed.,false,13.7432735,76.8951159,https://www.aissira.com,https://locate.cisce.org/,2026-08-25
KA529,Ekya School,"Bangalore, Bangalore Urban, Karnataka, 560077, India",Bangalore,Bangalore Urban,Karnataka,560077,board,ICSE,Day,Co-ed.,false,12.9944609,77.7318695,https://www.ekyaschools.com,https://locate.cisce.org/,2026-08-25
KA530,Green Globe Academy,"BANGALORE, BENGALURU, Karnataka, 560100, India",BANGALORE,BENGALURU,Karnataka,560100,board,ICSE,Day,Co-ed.,false,12.8728777,77.6690227,https://www.greenglobeacademy.co.in/contact.php,https://locate.cisce.org/,2026-08-25
KA531,KUVEMPU INTERNATIONAL SCHOOL,"CHANNARAYAPATNA, Hassan, Karnataka, 573225, India",CHANNARAYAPATNA,Hassan,Karnataka,573225,board,ICSE,Day/Boarding,Co-ed.,false,12.9728731,76.2761515,https://www.kuvempu.school.in,https://locate.cisce.org/,2026-08-25
KE001,Alphonsa Residential School,"Bharananganam, Kottayam, Kerala, 686 578, India",Bharananganam,Kottayam,Kerala,686578,board,ICSE / ISC,Day,Co-ed.,true,9.69945,76.7249943,https://www.alphonsaresidentialschool.in,https://locate.cisce.org/,2026-08-25
KE003,Mathews Mar Athanasius Residential School,"Chengannur, Alappuzha, Kerala, 689 122, India",Chengannur,Alappuzha,Kerala,689122,board,ICSE / ISC,Day/Residential,Co-ed.,true,9.3143042,76.6263458,https://www.mmarschool.com,https://locate.cisce.org/,2026-08-25
KE005,Seventh Day Adventist High School,"Kochi, Ernakulam, Kerala, 682 017, India",Kochi,Ernakulam,Kerala,682017,board,ICSE / ISC,Day,Co-ed.,true,9.987538,76.2929708,https://www.seventh-dayadventistkochi.com,https://locate.cisce.org/,2026-08-25
KE006,S.D.A. English Residential High School,"IDUKKI, Idukki, Kerala, 685 553, India",IDUKKI,Idukki,Kerala,685553,board,ICSE,Day/Residential,Co-ed.,true,9.8362609,77.1571443,,https://locate.cisce.org/,2026-08-25
KE007,St. John's School,"Kayamkulam, Alappuzha, Kerala, 690 559, India",Kayamkulam,Alappuzha,Kerala,690559,board,ICSE / ISC,Day,Co-ed.,true,9.1839331,76.5199195,,https://locate.cisce.org/,2026-08-25
KE008,Pallikoodam,"KOTTAYAM, Kottayam, Kerala, 686 010, India",KOTTAYAM,Kottayam,Kerala,686010,board,ICSE / ISC,Day/Residential,Co-ed.,true,9.5896863,76.5632726,https://www.pallikoodam.org,https://locate.cisce.org/,2026-08-25
KE009,Good Shepherd E. M. School,"Kurianoor, Pathanamthitta, Kerala, 689 550, India",Kurianoor,Pathanamthitta,Kerala,689550,board,ICSE / ISC,Day,Co-ed.,true,9.3614725,76.7019038,,https://locate.cisce.org/,2026-08-25
KE010,St. John's Residential School,"Ezhukone, Kollam, Kerala, 691 505, India",Ezhukone,Kollam,Kerala,691505,board,ICSE / ISC,Day/Residential,Co-ed.,true,9.0003072,76.7028676,,https://locate.cisce.org/,2026-08-25
KE011,Seventh Day Adventist High School,"KOTTAYAM, Kottayam, Kerala, 686 010, India",KOTTAYAM,Kottayam,Kerala,686010,board,ICSE,Day,Co-ed.,true,9.5896863,76.5632726,,https://locate.cisce.org/,2026-08-25
KE013,Bishop Moore Vidyapith,"Mavelikara, Alappuzha, Kerala, 690 110, India",Mavelikara,Alappuzha,Kerala,690110,board,ICSE / ISC,Day,Co-ed.,true,9.2407725,76.5560481,https://www.bmvm.edu.in,https://locate.cisce.org/,2026-08-25
KE014,Seventh Day Adventist Eng. Medium Res. School,"PATHANAMTHITTA, Pathanamthitta, Kerala, 689 645, India",PATHANAMTHITTA,Pathanamthitta,Kerala,689645,board,ICSE / ISC,Day,Co-ed.,true,9.2846888,76.7934676,,https://locate.cisce.org/,2026-08-25
KE015,Mt. Zion Residential School,"PATHANAMTHITTA, Pathanamthitta, Kerala, 689 649, India",PATHANAMTHITTA,Pathanamthitta,Kerala,689649,board,ICSE,Residential,Co-ed.,true,9.2846888,76.7934676,https://www.mzschool.org,https://locate.cisce.org/,2026-08-25
KE017,St. Pius X English School,"Peermade, Idukki, Kerala, 685 531, India",Peermade,Idukki,Kerala,685531,board,ICSE / ISC,Day/Residential,Co-ed.,true,9.5782931,76.9729472,https://www.stpiuskuttikanam.org,https://locate.cisce.org/,2026-08-25
KE018,St. Mary's Residential School,"Pathanapuram, Kollam, Kerala, 689 695, India",Pathanapuram,Kollam,Kerala,689695,board,ICSE / ISC,Residential,Co-ed.,true,9.0926916,76.861241,,https://locate.cisce.org/,2026-08-25
KE019,Amrita Vidyalayam,"Peroor, Kollam, Kerala, 691 005, India",Peroor,Kollam,Kerala,691005,board,ICSE,Day,Co-ed.,true,9.6443134,76.5690519,https://www.amritapuri.org,https://locate.cisce.org/,2026-08-25
KE021,Trinity Lyceum,"Fatima Road, Kollam, Kerala, 691 013, India",Fatima Road,Kollam,Kerala,691013,board,ICSE / ISC,Day,Co-ed.,true,10.486684,76.2372582,https://www.trinitylyceum.edu.in,https://locate.cisce.org/,2026-08-25
KE022,St. Joseph Public School,"Cherthala, Alappuzha, Kerala, 688 531, India",Cherthala,Alappuzha,Kerala,688531,board,ICSE / ISC,Day,Co-ed.,true,9.7204631,76.320019,,https://locate.cisce.org/,2026-08-25
KE023,Infant Jesus Anglo - Indian Higher Secondary School,"Thangasseri, Kollam, Kerala, 691 007, India",Thangasseri,Kollam,Kerala,691007,board,ICSE / ISC,Day,Boys,true,8.8860708,76.5690519,https://ijhsss.org,https://locate.cisce.org/,2026-08-25
KE024,Mount Carmel Convent Anglo - Indian Girls High School,"Thangasseri, Kollam, Kerala, 691 007, India",Thangasseri,Kollam,Kerala,691007,board,ICSE / ISC,Day,Girls,true,8.8860708,76.5690519,https://www.mcctangi.org,https://locate.cisce.org/,2026-08-25
KE025,Seventh Day Adventist Higher Secondary School,"Tiruvalla, Pathanamthitta, Kerala, 689 103, India",Tiruvalla,Pathanamthitta,Kerala,689103,board,ICSE / ISC,Day/Residential,Co-ed.,true,9.4069805,76.5850634,,https://locate.cisce.org/,2026-08-25
KE026,Mar Thoma Residential School,"Tiruvalla, Pathanamthitta, Kerala, 689 111, India",Tiruvalla,Pathanamthitta,Kerala,689111,board,ICSE / ISC,Day/Residential,Co-ed.,true,9.3892121,76.5778065,https://mtrschool.org,https://locate.cisce.org/,2026-08-25
KE027,Hari Sri Vidya Nidhi School,"Punkunnam, Thrissur, Kerala, 680 002, India",Punkunnam,Thrissur,Kerala,680002,board,ICSE / ISC,Day,Co-ed.,true,10.5351966,76.2014914,https://www.harisrividyanidhi.com,https://locate.cisce.org/,2026-08-25
KE028,Chinmaya Vidyalaya,"Kunnumpuram, Thiruvananthapuram, Kerala, 695 001, India",Kunnumpuram,Thiruvananthapuram,Kerala,695001,board,ICSE / ISC,Day,Co-ed.,true,8.4911402,76.9448613,https://kpm.chintvm.edu.in,https://locate.cisce.org/,2026-08-25
KE029,Lourde Mount School,"THIRUVANANTHAPURAM, Thiruvananthapuram, Kerala, 695 028, India",THIRUVANANTHAPURAM,Thiruvananthapuram,Kerala,695028,board,ICSE,Day,Co-ed.,true,8.5718018,76.9451314,https://lourdesmounticse.edu.in,https://locate.cisce.org/,2026-08-25
KE030,Loyola School,"THIRUVANANTHAPURAM, Thiruvananthapuram, Kerala, 695 017, India",THIRUVANANTHAPURAM,Thiruvananthapuram,Kerala,695017,board,ICSE / ISC,Day,Boys,true,8.5467708,76.9163841,https://www.loyolaschooltrivandrum.com,https://locate.cisce.org/,2026-08-25
KE031,St. Thomas Residential School,"Mukkolakkal, Thiruvananthapuram, Kerala, 695 044, India",Mukkolakkal,Thiruvananthapuram,Kerala,695044,board,ICSE / ISC,Day/Residential,Co-ed.,true,8.56408,76.9526035,https://www.strstvm.org,https://locate.cisce.org/,2026-08-25
KE032,Holy Angels I.s.c. School,"Nanthencode, Thiruvananthapuram, Kerala, 695 003, India",Nanthencode,Thiruvananthapuram,Kerala,695003,board,ICSE / ISC,Day,Girls,true,8.5142022,76.9562828,https://www.holyangelsisc.edu.in,https://locate.cisce.org/,2026-08-25
KE033,Sarvodaya Vidyalaya,"Bethany Hills, Thiruvananthapuram, Kerala, 695 015, India",Bethany Hills,Thiruvananthapuram,Kerala,695015,board,ICSE / ISC,Day,Co-ed.,true,8.5428628,76.9419834,https://sarvodayavidyalaya.edu.in,https://locate.cisce.org/,2026-08-25
KE034,Seventh Day Adventists High School,"THIRUVANANTHAPURAM, Thiruvananthapuram, Kerala, 695 006, India",THIRUVANANTHAPURAM,Thiruvananthapuram,Kerala,695006,board,ICSE / ISC,Day,Co-ed.,true,8.5074355,76.9746602,,https://locate.cisce.org/,2026-08-25
KE035,Seventh Day Adventist Higher Secondary School,"THRISSUR, Thrissur, Kerala, 680 005, India",THRISSUR,Thrissur,Kerala,680005,board,ICSE / ISC,Day,Co-ed.,true,10.5197138,76.2271594,https://seventhdayadventisthss.com,https://locate.cisce.org/,2026-08-25
KE036,FACT UDYOGAMANDAL SCHOOL,"Kochi, Ernakulam, Kerala, 683 501, India",Kochi,Ernakulam,Kerala,683501,board,ICSE / ISC,Day,Co-ed.,true,10.0707918,76.3069481,https://www.factudyogamandalschool.com,https://locate.cisce.org/,2026-08-25
KE037,Bethany Academy,"Tiruvalla, Pathanamthitta, Kerala, 689 544, India",Tiruvalla,Pathanamthitta,Kerala,689544,board,ICSE / ISC,Day/Residential,Co-ed.,true,9.3901379,76.6060919,https://www.bethanyacademy.in,https://locate.cisce.org/,2026-08-25
KE038,St. Aloysius Convent I.s.c. School,"Kochi, Ernakulam, Kerala, 682 006, India",Kochi,Ernakulam,Kerala,682006,board,ICSE / ISC,Day,Co-ed.,true,9.9027083,76.2812422,https://www.staloysiusisckochi.com,https://locate.cisce.org/,2026-08-25
KE039,S.d.a. Higher Secondary School,"Thiruvilwamala, Thrissur, Kerala, 680 588, India",Thiruvilwamala,Thrissur,Kerala,680588,board,ICSE / ISC,Day,Co-ed.,true,10.7278772,76.4244916,,https://locate.cisce.org/,2026-08-25
KE040,Our Lady Of Mercy School,"Aroor, Alappuzha, Kerala, 688 534, India",Aroor,Alappuzha,Kerala,688534,board,ICSE / ISC,Day,Co-ed.,true,9.8762269,76.3038395,,https://locate.cisce.org/,2026-08-25
KE041,Good Shepherd Modern English School,"Nilambur, Malappuram, Kerala, 679 334, India",Nilambur,Malappuram,Kerala,679334,board,ICSE / ISC,Day,Co-ed.,true,11.3473209,76.2870113,https://www.goodshepherdpalunda.org,https://locate.cisce.org/,2026-08-25
KE042,Mount Tabor Residential Central School,"Kochi, Ernakulam, Kerala, 682 033, India",Kochi,Ernakulam,Kerala,682033,board,ICSE,Day,Co-ed.,true,10.0531493,76.3528075,,https://locate.cisce.org/,2026-08-25
KE043,Evershine Residential School,"Makkamkunnu, Pathanamthitta, Kerala, 689 645, India",Makkamkunnu,Pathanamthitta,Kerala,689645,board,ICSE / ISC,Day,Co-ed.,true,11.5927999,76.142142,https://evershineschool.org,https://locate.cisce.org/,2026-08-25
KE044,Christ Nagar Higher Secondary School,"THIRUVANANTHAPURAM, Thiruvananthapuram, Kerala, 695 003, India",THIRUVANANTHAPURAM,Thiruvananthapuram,Kerala,695003,board,ICSE / ISC,Day,Co-ed.,true,8.524831,76.9525727,https://www.christnagarschool.org/icse,https://locate.cisce.org/,2026-08-25
KE045,Auxilium English Medium School,"Kottiyam, Kollam, Kerala, 691 571, India",Kottiyam,Kollam,Kerala,691571,board,ICSE / ISC,Day,Co-ed.,true,8.8659473,76.6708601,https://www.auxiliumschoolkottiyam.com,https://locate.cisce.org/,2026-08-25
KE046,Sri Adwayananda Public School (english Medium),"PATHANAMTHITTA, Pathanamthitta, Kerala, 689 532, India",PATHANAMTHITTA,Pathanamthitta,Kerala,689532,board,ICSE / ISC,Day,Co-ed.,true,9.3227818,76.6571295,https://www.alliance-edu-foundation.org,https://locate.cisce.org/,2026-08-25
KE047,Seventh Day Adventist English School,"Ottapalam, Palakkad, Kerala, 679 104, India",Ottapalam,Palakkad,Kerala,679104,board,ICSE,Day,Co-ed.,true,10.7746325,76.3608343,,https://locate.cisce.org/,2026-08-25
KE048,Bishop Moore Vidyapith,"Kayamkulam, Alappuzha, Kerala, 690 502, India",Kayamkulam,Alappuzha,Kerala,690502,board,ICSE / ISC,Day,Co-ed.,true,9.1748422,76.5013352,https://www.bishopmoorekayamkulam.com,https://locate.cisce.org/,2026-08-25
KE050,Marion Villa Convent I. C. S. E. School,"Kumarapuram, Thiruvananthapuram, Kerala, 695 011, India",Kumarapuram,Thiruvananthapuram,Kerala,695011,board,ICSE / ISC,Day,Co-ed.,true,8.5106476,76.9265183,https://marionvillaiscschool.com/,https://locate.cisce.org/,2026-08-25
KE051,Don Bosco Senior Secondary School,"Kochi, Ernakulam, Kerala, 682 023, India",Kochi,Ernakulam,Kerala,682023,board,ICSE / ISC,Day,Co-ed.,true,10.0153371,76.2754275,https://www.donboscoschoolvaduthala.com,https://locate.cisce.org/,2026-08-25
KE052,Sreepuram English Medium High School & Junior College,"KANNUR, Kannur, Kerala, 670 004, India",KANNUR,Kannur,Kerala,670004,board,ICSE / ISC,Day,Co-ed.,true,11.8972652,75.368571,,https://locate.cisce.org/,2026-08-25
KE053,Preshithamatha School,"KOLLAM, Kollam, Kerala, 691 015, India",KOLLAM,Kollam,Kerala,691015,board,ICSE,Day,Co-ed.,true,8.9130677,76.6171568,https://www.preshithamathaschool.com,https://locate.cisce.org/,2026-08-25
KE054,Infant Jesus English Medium School,"Mavelikkara, Alappuzha, Kerala, 690 101, India",Mavelikkara,Alappuzha,Kerala,690101,board,ICSE / ISC,Day,Co-ed.,true,9.2505757,76.5400806,https://www.infantjesusmvk.co.in,https://locate.cisce.org/,2026-08-25
KE055,Bishop Speechly Vidyapeeth,"Pallom, Kottayam, Kerala, 686 007, India",Pallom,Kottayam,Kerala,686007,board,ICSE,Day,Co-ed.,true,9.5355882,76.5162324,,https://locate.cisce.org/,2026-08-25
KE056,Amalambika Convent English School,"Thekkady, Idukki, Kerala, 685 536, India",Thekkady,Idukki,Kerala,685536,board,ICSE / ISC,Day,Co-ed.,true,9.5975642,77.1728616,https://www.amalambika.com,https://locate.cisce.org/,2026-08-25
KE057,Seventh Day Adventist English Medium School,"Pudussery, Palakkad, Kerala, 678 623, India",Pudussery,Palakkad,Kerala,678623,board,ICSE / ISC,Day,Co-ed.,true,10.6726174,76.7531301,,https://locate.cisce.org/,2026-08-25
KE059,Shalom Public School,"PATHANAMTHITTA, Pathanamthitta, Kerala, 689 517, India",PATHANAMTHITTA,Pathanamthitta,Kerala,689517,board,ICSE,Day,Co-ed.,true,9.2388457,76.7206652,https://www.pedsociety.com,https://locate.cisce.org/,2026-08-25
KE060,Matha Nagar Public School,"Kochi, Ernakulam, Kerala, 682 017, India",Kochi,Ernakulam,Kerala,682017,board,ICSE / ISC,Day,Co-ed.,true,9.9752364,76.2956985,,https://locate.cisce.org/,2026-08-25
KE061,Auxilium Nava Jyoti School,"Kunnamangalam, Kozhikode, Kerala, 673 571, India",Kunnamangalam,Kozhikode,Kerala,673571,board,ICSE / ISC,Day,Co-ed.,true,11.30493,75.877052,http://www.auxiliumschoolklm.org/,https://locate.cisce.org/,2026-08-25
KE062,Vidya Vikas School,"Kothamangalam, Ernakulam, Kerala, 686 691, India",Kothamangalam,Ernakulam,Kerala,686691,board,ICSE / ISC,Day,Co-ed.,true,10.0495674,76.6038351,https://www.vidayavikasschool.com,https://locate.cisce.org/,2026-08-25
KE063,St. Peter's English Medium High School,"Kasaragod, Kasaragod, Kerala, 671 314, India",Kasaragod,Kasaragod,Kerala,671314,board,ICSE,Day,Co-ed.,true,12.2548894,75.1414766,,https://locate.cisce.org/,2026-08-25
KE064,St. Anne's English Medium School,"Kottody, Kasaragod, Kerala, 671 532, India",Kottody,Kasaragod,Kerala,671532,board,ICSE,Day,Co-ed.,true,12.4215687,75.2449892,,https://locate.cisce.org/,2026-08-25
KE065,St. Patrick's School,"Mananthavady, Wayanad, Kerala, 670 645, India",Mananthavady,Wayanad,Kerala,670645,board,ICSE / ISC,Day,Co-ed.,true,11.8243094,76.0248506,https://www.stpatricksschool.org,https://locate.cisce.org/,2026-08-25
KE066,St. Charles Borromeo Convent School,"Kochi, Ernakulam, Kerala, 682 037, India",Kochi,Ernakulam,Kerala,682037,board,ICSE / ISC,Day,Co-ed.,true,10.008106,76.3441568,,https://locate.cisce.org/,2026-08-25
KE067,Sankaramangalam Public School,"Thiruvalla, Pathanamthitta, Kerala, 689 582, India",Thiruvalla,Pathanamthitta,Kerala,689582,board,ICSE / ISC,Day,Co-ed.,true,9.4001631,76.6138327,https://www.sankaramangalam.edu.in,https://locate.cisce.org/,2026-08-25
KE068,Mary Ward E.M. School,"Puthenvelikara, Ernakulam, Kerala, 683 594, India",Puthenvelikara,Ernakulam,Kerala,683594,board,ICSE / ISC,Day,Co-ed.,true,10.1847345,76.2421185,,https://locate.cisce.org/,2026-08-25
KE069,St. Ann's Public School,"Cherthala, Alappuzha, Kerala, 688 524, India",Cherthala,Alappuzha,Kerala,688524,board,ICSE / ISC,Day,Co-ed.,true,9.6741363,76.3400963,,https://locate.cisce.org/,2026-08-25
KE070,The Indian Public School,"Kochi, Ernakulam, Kerala, 682 030, India",Kochi,Ernakulam,Kerala,682030,board,ICSE / ISC,Day/Residential,Co-ed.,true,10.016854,76.369177,https://www.tipsglobal.org,https://locate.cisce.org/,2026-08-25
KE071,Hawksworth Vidyapith,"Tiruvalla, Pathanamthitta, Kerala, 689 101, India",Tiruvalla,Pathanamthitta,Kerala,689101,board,ICSE / ISC,Day,Co-ed.,true,9.3711807,76.5835771,,https://locate.cisce.org/,2026-08-25
KE072,Vimala Hridaya School,"Pazhayatinkuzhi, Kollam, Kerala, 691 010, India",Pazhayatinkuzhi,Kollam,Kerala,691010,board,ICSE / ISC,Day,Co-ed.,true,8.8788955,76.631163,https://www.vhisc.org,https://locate.cisce.org/,2026-08-25
KE073,Infant Jesus Convent Isc School,"Murukkumpuzha, Thiruvananthapuram, Kerala, 695 302, India",Murukkumpuzha,Thiruvananthapuram,Kerala,695302,board,ICSE / ISC,Day,Co-ed.,true,8.6102408,76.8346161,https://www.infantjesusconventiscschool.org,https://locate.cisce.org/,2026-08-25
KE074,Auxilium English Medium School,"Kochi, Ernakulam, Kerala, 682 006, India",Kochi,Ernakulam,Kerala,682006,board,ICSE / ISC,Day,Co-ed.,true,9.9254822,76.2759898,https://www.auxiliumkochi.org,https://locate.cisce.org/,2026-08-25
KE075,Kuriakose Elias English Medium School,"Mannanam, Kottayam, Kerala, 686 561, India",Mannanam,Kottayam,Kerala,686561,board,ICSE / ISC,Day/Residential,Co-ed.,true,9.6479275,76.5228101,https://www.keschools.org,https://locate.cisce.org/,2026-08-25
KE076,Mary Matha English Medium School,"Pookkottumpadam, Malappuram, Kerala, 679 332, India",Pookkottumpadam,Malappuram,Kerala,679332,board,ICSE,Day,Co-ed.,true,11.2440753,76.3000419,,https://locate.cisce.org/,2026-08-25
KE077,Zion English Medium School,"Ayroor South, Pathanamthitta, Kerala, 689 611, India",Ayroor South,Pathanamthitta,Kerala,689611,board,ICSE,Day,Co-ed.,true,9.3622433,76.7297338,,https://locate.cisce.org/,2026-08-25
KE078,Nazareth Home English Medium School,"Balaramapuram, Thiruvananthapuram, Kerala, 695 501, India",Balaramapuram,Thiruvananthapuram,Kerala,695501,board,ICSE / ISC,Day,Co-ed.,true,8.4320632,77.0502803,,https://locate.cisce.org/,2026-08-25
KE079,Phoenix Public School,"Kodungallur, Thrissur, Kerala, 680 669, India",Kodungallur,Thrissur,Kerala,680669,board,ICSE,Day,Co-ed.,true,10.2125933,76.198443,,https://locate.cisce.org/,2026-08-25
KE080,Maria Agnes English Medium Convent School,"Perinad, Kollam, Kerala, 691 604, India",Perinad,Kollam,Kerala,691604,board,ICSE / ISC,Day,Co-ed.,true,8.943007,76.6080162,https://mariaagnesschool.com,https://locate.cisce.org/,2026-08-25
KE081,Little Flower School,"Cherthala, Alappuzha, Kerala, 688 534, India",Cherthala,Alappuzha,Kerala,688534,board,ICSE,Day,Co-ed.,true,9.8761378,76.3041992,https://www.littleflowerschoolaroor.org,https://locate.cisce.org/,2026-08-25
KE082,Christ Vidyanikethan,"Irinjalakuda, Thrissur, Kerala, 680 125, India",Irinjalakuda,Thrissur,Kerala,680125,board,ICSE / ISC,Day,Co-ed.,true,10.3625178,76.2158848,https://www.christvidyanikethan.edu.in,https://locate.cisce.org/,2026-08-25
KE083,Don Bosco Central School,"Irinjalakuda, Thrissur, Kerala, 680 121, India",Irinjalakuda,Thrissur,Kerala,680121,board,ICSE / ISC,Day,Co-ed.,true,10.3468925,76.2074124,https://www.donboscocentralschoolijk.edu.in,https://locate.cisce.org/,2026-08-25
KE084,Trivandrum International School,"THIRUVANANTHAPURAM, Thiruvananthapuram, Kerala, 695 104, India",THIRUVANANTHAPURAM,Thiruvananthapuram,Kerala,695104,board,ICSE / ISC,Day,Co-ed.,true,8.680751,76.8519159,https://www.trins.org,https://locate.cisce.org/,2026-08-25
KE085,St. Joseph's Convent School & Junior College Edamon,"Punalur, Kollam, Kerala, 691 307, India",Punalur,Kollam,Kerala,691307,board,ICSE / ISC,Day,Co-ed.,true,9.0062202,76.9815877,,https://locate.cisce.org/,2026-08-25
KE086,St. Joseph's Convent English Medium School,"ALAPPUZHA, Alappuzha, Kerala, 690 571, India",ALAPPUZHA,Alappuzha,Kerala,690571,board,ICSE / ISC,Day,Co-ed.,true,9.1752907,76.6245064,https://wwwsjcemsp.org,https://locate.cisce.org/,2026-08-25
KE087,St. Vincent's Convent School,"Keralapuram, Kollam, Kerala, 691 504, India",Keralapuram,Kollam,Kerala,691504,board,ICSE,Day/Residential,Co-ed.,true,8.9386012,76.6805909,https://www.svskpuram.com,https://locate.cisce.org/,2026-08-25
KE088,Sacred Heart School,"Changanacherry, Kottayam, Kerala, 686 102, India",Changanacherry,Kottayam,Kerala,686102,board,ICSE / ISC,Day/Boarding,Co-ed.,true,9.4382274,76.5441695,,https://locate.cisce.org/,2026-08-25
KE089,St. Mary's English Medium School,"KOZHIKODE, Kozhikode, Kerala, 673 017, India",KOZHIKODE,Kozhikode,Kerala,673017,board,ICSE / ISC,Day,Co-ed.,true,11.2775393,75.811267,https://www.stmaryscalicut.com,https://locate.cisce.org/,2026-08-25
KE090,Auxilium School,"Kattappana, Idukki, Kerala, 685 508, India",Kattappana,Idukki,Kerala,685508,board,ICSE / ISC,Day,Co-ed.,true,9.7548926,77.1063195,,https://locate.cisce.org/,2026-08-25
KE091,Presidency Central School,"Muvattupuzha, Ernakulam, Kerala, 686 669, India",Muvattupuzha,Ernakulam,Kerala,686669,board,ICSE / ISC,Day,Co-ed.,true,10.0012496,76.5672093,https://www.presidencycentralschool.com,https://locate.cisce.org/,2026-08-25
KE092,Seventh-Day Adventist English School,"Iritty, Kannur, Kerala, 670 703, India",Iritty,Kannur,Kerala,670703,board,ICSE,Day,Co-ed.,true,11.98128,75.6724462,,https://locate.cisce.org/,2026-08-25
KE093,St. Charles Borromeo Convent School,"Kollam , Kollam, Kerala, 691 601, India",Kollam,Kollam,Kerala,691601,board,ICSE,Day,Co-ed.,true,8.9030458,76.6475546,,https://locate.cisce.org/,2026-08-25
KE094,Mukundapuram Public School,"THRISSUR, Thrissur, Kerala, 680 661, India",THRISSUR,Thrissur,Kerala,680661,board,ICSE / ISC,Day,Co-ed.,true,10.3191724,76.2187032,https://www.mukundapurampublicschool.com,https://locate.cisce.org/,2026-08-25
KE095,Chavara International School,"Ramapuram, Kottayam, Kerala, 686 576, India",Ramapuram,Kottayam,Kerala,686576,board,ICSE / ISC,Day,Co-ed.,true,9.8274185,76.6329216,https://www.chavaraicse.org,https://locate.cisce.org/,2026-08-25
KE096,Little Flower Vidyaniketan,"Monipally, Kottayam, Kerala, 686 636, India",Monipally,Kottayam,Kerala,686636,board,ICSE,Day,Co-ed.,true,9.8079628,76.5748309,https://www.littleflowervidyanikethan.com,https://locate.cisce.org/,2026-08-25
KE097,St. Joseph International Academy,"KOLLAM, Kollam, Kerala, 691 503, India",KOLLAM,Kollam,Kerala,691503,board,ICSE / ISC,Day/Residential,Co-ed.,true,8.98767,76.660244,https://www.sjia.org.in,https://locate.cisce.org/,2026-08-25
KE098,Lord's Academy,"THRISSUR, Thrissur, Kerala, 680 303, India",THRISSUR,Thrissur,Kerala,680303,board,ICSE / ISC,Day,Co-ed.,true,10.5000522,76.2255967,https://www.lordsacademy.com,https://locate.cisce.org/,2026-08-25
KE099,Vimala Central School,"Ernakulam , Ernakulam, Kerala, 683 542, India",Ernakulam,Ernakulam,Kerala,683542,board,ICSE / ISC,Day,Co-ed.,true,10.1146301,76.4777526,https://vimalacentralschoolperumbavoor.edu.in,https://locate.cisce.org/,2026-08-25
KE100,"L'Ecole Chempaka ""Silver Rocks""","THIRUVANANTHAPURAM, Thiruvananthapuram, Kerala, 695 017, India",THIRUVANANTHAPURAM,Thiruvananthapuram,Kerala,695017,board,ICSE / ISC,Day,Co-ed.,true,8.5548999,76.9291279,https://www.chempaka.org,https://locate.cisce.org/,2026-08-25
KE101,Rani Matha Public School,"ERNAKULAM, Ernakulam, Kerala, 682 035, India",ERNAKULAM,Ernakulam,Kerala,682035,board,ICSE / ISC,Day,Co-ed.,true,9.9812506,76.2810722,,https://locate.cisce.org/,2026-08-25
KE102,Anita Public School,"ERNAKULAM, Ernakulam, Kerala, 683 550, India",ERNAKULAM,Ernakulam,Kerala,683550,board,ICSE,Day,Co-ed.,true,10.1564167,76.4461859,https://www.anitapublicschool.org,https://locate.cisce.org/,2026-08-25
KE103,St. Francis English Medium School,"KANNUR, Kannur, Kerala, 670 007, India",KANNUR,Kannur,Kerala,670007,board,ICSE / ISC,Day,Co-ed.,true,11.8512976,75.4164118,https://stfrancisschoolkannur.com,https://locate.cisce.org/,2026-08-25
KE104,St. Charles Borromeo Convent School,"Kadakkal, Kollam, Kerala, 691 536, India",Kadakkal,Kollam,Kerala,691536,board,ICSE / ISC,Day,Co-ed.,true,8.8253152,76.9345922,http://www.stcharlesbcskdl.com/,https://locate.cisce.org/,2026-08-25
KE105,St. Patrick's Academy,"Angamaly, Ernakulam, Kerala, 683 581, India",Angamaly,Ernakulam,Kerala,683581,board,ICSE / ISC,Day,Co-ed.,true,10.2145311,76.4517202,https://www.stpatricksacademy.in,https://locate.cisce.org/,2026-08-25
KE106,Jnanodaya Central School,"ERNAKULAM, Ernakulam, Kerala, 683 574, India",ERNAKULAM,Ernakulam,Kerala,683574,board,ICSE / ISC,Day,Co-ed.,true,10.1584675,76.4295909,,https://locate.cisce.org/,2026-08-25
KE107,Don Bosco Central School,"Mannuthy, Thrissur, Kerala, 680 651, India",Mannuthy,Thrissur,Kerala,680651,board,ICSE / ISC,Day,Co-ed.,true,10.5372214,76.2770624,https://icse.donboscomannuthy.in,https://locate.cisce.org/,2026-08-25
KE108,St. Joseph's English Medium School,"ALAPPUZHA, Alappuzha, Kerala, 689 511, India",ALAPPUZHA,Alappuzha,Kerala,689511,board,ICSE / ISC,Day,Co-ed.,true,9.277268,76.5843577,,https://locate.cisce.org/,2026-08-25
KE109,Mary Matha ( I C S E ) School,"THRISSUR, Thrissur, Kerala, 680 301, India",THRISSUR,Thrissur,Kerala,680301,board,ICSE / ISC,Day,Co-ed.,true,10.4191287,76.2703285,https://www.marymathaicsepudukkad.com,https://locate.cisce.org/,2026-08-25
KE110,Holy Mary Public School,"KOTTAYAM, Kottayam, Kerala, 686 006, India",KOTTAYAM,Kottayam,Kerala,686006,board,ICSE,Day,Co-ed.,true,9.610778,76.5334689,,https://locate.cisce.org/,2026-08-25
KE111,St. Francis English Medium School,"Kundayithode, Kozhikode, Kerala, 673 655, India",Kundayithode,Kozhikode,Kerala,673655,board,ICSE / ISC,Day,Co-ed.,true,11.1959049,75.8179915,,https://locate.cisce.org/,2026-08-25
KE112,K. E. Carmel School,"ALAPPUZHA, Alappuzha, Kerala, 688 504, India",ALAPPUZHA,Alappuzha,Kerala,688504,board,ICSE,Day,Co-ed.,true,9.4980254,76.338792,https://www.kecspulincunnoo.ac.in,https://locate.cisce.org/,2026-08-25
KE113,Nirmala Public School,"Kottayam (), Kottayam, Kerala, 686 655, India",Kottayam (),Kottayam,Kerala,686655,board,ICSE,Day,Co-ed.,true,9.7962079,76.690357,,https://locate.cisce.org/,2026-08-25
KE114,Sandeepani Vidyanikethan,"THRISSUR, Thrissur, Kerala, 680 631, India",THRISSUR,Thrissur,Kerala,680631,board,ICSE / ISC,Day,Co-ed.,true,10.5494333,76.2450153,https://www.sandeepanividyanikethan.in,https://locate.cisce.org/,2026-08-25
KE115,Stella Maris Public School,"ERNAKULAM, Ernakulam, Kerala, 682 307, India",ERNAKULAM,Ernakulam,Kerala,682307,board,ICSE,Day,Co-ed.,true,9.8955299,76.3680712,https://stellamps.com,https://locate.cisce.org/,2026-08-25
KE116,Don Bosco Central School,"Angamaly, Ernakulam, Kerala, 683 572, India",Angamaly,Ernakulam,Kerala,683572,board,ICSE / ISC,Day,Co-ed.,true,10.1926394,76.3869289,https://WWW.dbcsang.org,https://locate.cisce.org/,2026-08-25
KE117,Holy Family Public School,"Chittar, Pathanamthitta, Kerala, 689 663, India",Chittar,Pathanamthitta,Kerala,689663,board,ICSE / ISC,Day,Co-ed.,true,9.3173837,76.9369384,,https://locate.cisce.org/,2026-08-25
KE118,Green Woods Public School,"Kasaragod, Kasaragod, Kerala, 671 318, India",Kasaragod,Kasaragod,Kerala,671318,board,ICSE / ISC,Day,Co-ed.,true,12.4273263,75.0306709,https://bekalgreenwoodsschool.com,https://locate.cisce.org/,2026-08-25
KE119,St. Joseph's Public School,"Thrissur, Thrissur, Kerala, 680 683, India",Thrissur,Thrissur,Kerala,680683,board,ICSE,Day,Co-ed.,true,10.3464498,76.2773367,https://www.stjosephspublicschoolaloor.in,https://locate.cisce.org/,2026-08-25
KE120,Holy Child Central School,"Trichur, Thrissur, Kerala, 680 735, India",Trichur,Thrissur,Kerala,680735,board,ICSE / ISC,Day,Co-ed.,true,10.2403581,76.2639379,https://www.holychildicsecentralschool.com,https://locate.cisce.org/,2026-08-25
KE121,Infant Jesus Public School,"KOTTAYAM, Kottayam, Kerala, 686 507, India",KOTTAYAM,Kottayam,Kerala,686507,board,ICSE / ISC,Day,Co-ed.,true,9.555345,76.7904291,,https://locate.cisce.org/,2026-08-25
KE122,Mar Athanasius International School,"Ernakulam , Ernakulam, Kerala, 686 666, India",Ernakulam,Ernakulam,Kerala,686666,board,ICSE / ISC,Day,Co-ed.,true,10.0557677,76.617619,https://www.mainternationalschool.com,https://locate.cisce.org/,2026-08-25
KE123,St. Catherines School,"Vellanchira, Thrissur, Kerala, 680 683, India",Vellanchira,Thrissur,Kerala,680683,board,ICSE,Day,Co-ed.,true,10.3156626,76.2950325,,https://locate.cisce.org/,2026-08-25
KE124,Auxilium School,"Vellarikundu, Kasaragod, Kerala, 671 314, India",Vellarikundu,Kasaragod,Kerala,671314,board,ICSE / ISC,Day/Boarding,Co-ed.,true,9.7184285,76.9326167,https://www.auxiliumvarakkad.org,https://locate.cisce.org/,2026-08-25
KE125,St. Francis School,"PALAKKAD, Palakkad, Kerala, 678 684, India",PALAKKAD,Palakkad,Kerala,678684,board,ICSE / ISC,Day,Co-ed.,true,10.5619018,76.5159089,https://www.sfsvdy.org,https://locate.cisce.org/,2026-08-25
KE126,Nirmala Matha Convent School,"Palakkad, Palakkad, Kerala, 678 651, India",Palakkad,Palakkad,Kerala,678651,board,ICSE / ISC,Day,Co-ed.,true,10.8217107,76.6911136,https://nirmalamathaschoolmalampuzha.com,https://locate.cisce.org/,2026-08-25
KE127,St. Anne's English Medium School,"Thrissur, Thrissur, Kerala, 680 013, India",Thrissur,Thrissur,Kerala,680013,board,ICSE,Day,Co-ed.,true,10.548706,76.2122638,,https://locate.cisce.org/,2026-08-25
KE128,St. Anne's English Medium School,"Kannur, Kerala, 670 633, India",,Kannur,Kerala,670633,board,ICSE,Day,Co-ed.,true,12.059739,75.5849232,https://www.saintannesschool.in,https://locate.cisce.org/,2026-08-25
KE129,Mary Giri Vidya Mandir,"KOLLAM, Kollam, Kerala, 691 305, India",KOLLAM,Kollam,Kerala,691305,board,ICSE,Day,Co-ed.,true,9.0176117,76.9260936,https://www.marygirividyamandir.in,https://locate.cisce.org/,2026-08-25
KE130,Auxilium English Medium School,"Vaduvanchal, Wayanad, Kerala, 673 581, India",Vaduvanchal,Wayanad,Kerala,673581,board,ICSE / ISC,Day,Co-ed.,true,11.5483467,76.2276337,https://www.auxiliumvaduvanchal.org,https://locate.cisce.org/,2026-08-25
KE131,Carmel International School,"ALAPPUZHA, Alappuzha, Kerala, 688 004, India",ALAPPUZHA,Alappuzha,Kerala,688004,board,ICSE / ISC,Day,Co-ed.,true,9.4400956,76.3433635,https://www.carmelins.in,https://locate.cisce.org/,2026-08-25
KE132,"Loyola School, Kozhikode","KOZHIKODE, Kozhikode, Kerala, 673 032, India",KOZHIKODE,Kozhikode,Kerala,673032,board,ICSE,Day,Boys,true,11.2563727,75.7751379,https://www.stjosephsjuniorschool.in,https://locate.cisce.org/,2026-08-25
KE133,St. Joseph's Model Public School,"Thrissur, Thrissur, Kerala, 680 006, India",Thrissur,Thrissur,Kerala,680006,board,ICSE / ISC,Day,Co-ed.,true,10.5036225,76.2259696,,https://locate.cisce.org/,2026-08-25
KE134,Santhome Central School,"ERNAKULAM, Ernakulam, Kerala, 683 577, India",ERNAKULAM,Ernakulam,Kerala,683577,board,ICSE / ISC,Day,Co-ed.,true,10.2189915,76.4128093,,https://locate.cisce.org/,2026-08-25
KE135,Jyothis Central School,"ERNAKULAM, Ernakulam, Kerala, 683 581, India",ERNAKULAM,Ernakulam,Kerala,683581,board,ICSE / ISC,Day,Co-ed.,true,10.2145311,76.4517202,https://www.jyothiscentralschool.in,https://locate.cisce.org/,2026-08-25
KE136,Carmel English Medium School,"Kochi, Ernakulam, Kerala, 682 508, India",Kochi,Ernakulam,Kerala,682508,board,ICSE,Day,Co-ed.,true,10.0026793,76.2374358,,https://locate.cisce.org/,2026-08-25
KE137,Jeevass C. M. I. Central School,"ERNAKULAM, Ernakulam, Kerala, 683 101, India",ERNAKULAM,Ernakulam,Kerala,683101,board,ICSE / ISC,Day,Co-ed.,true,9.9816358,76.2998842,https://www.jeevass.org,https://locate.cisce.org/,2026-08-25
KE138,St. Anne's English Medium Public School,"WAYANAD, Wayanad, Kerala, 670 731, India",WAYANAD,Wayanad,Kerala,670731,board,ICSE,Day,Co-ed.,true,11.7341026,75.9376146,,https://locate.cisce.org/,2026-08-25
KE140,Holy Family International School,"KOTTAYAM, Kottayam, Kerala, 686 517, India",KOTTAYAM,Kottayam,Kerala,686517,board,ICSE,Day,Co-ed.,true,9.5275191,76.7402496,https://www.hofis.org,https://locate.cisce.org/,2026-08-25
KE141,Sophia International Academy,"Mallapally, Pathanamthitta, Kerala, 689 589, India",Mallapally,Pathanamthitta,Kerala,689589,board,ICSE,Day,Co-ed.,true,9.4743474,76.6704893,https://sophiainternational.org,https://locate.cisce.org/,2026-08-25
KE143,Vimalagiri International School,"Muvattupuzha, Ernakulam, Kerala, 686 669, India",Muvattupuzha,Ernakulam,Kerala,686669,board,ICSE / ISC,Day,Co-ed.,true,10.0012496,76.5672093,,https://locate.cisce.org/,2026-08-25
KE144,Holy Trinity Anglo - Indian School,"Kollam, Kollam, Kerala, 690 524, India",Kollam,Kollam,Kerala,690524,board,ICSE / ISC,Day,Co-ed.,true,9.0035823,76.5749929,https://www.holytrinityais.com,https://locate.cisce.org/,2026-08-25
KE145,Darsana C M I International School,"Kottayam, Kottayam, Kerala, 686 011, India",Kottayam,Kottayam,Kerala,686011,board,ICSE,Day,Co-ed.,true,9.5653317,76.5661622,https://www.darsanacmi.com,https://locate.cisce.org/,2026-08-25
KE146,Little Flower Vidya Vihar,"Thiruvananthapuram , Thiruvananthapuram, Kerala, 695020, India",Thiruvananthapuram,Thiruvananthapuram,Kerala,695020,board,ICSE / ISC,Day,Co-ed.,true,8.4575994,76.9997668,https://www.littleflowericse.com,https://locate.cisce.org/,2026-08-25
KE147,Chavara International Academy,"Vazhakulam, Ernakulam, Kerala, 686670, India",Vazhakulam,Ernakulam,Kerala,686670,board,ICSE,Day,Co-ed.,true,9.9469576,76.6358997,https://www.chavarainternational.com,https://locate.cisce.org/,2026-08-25
KE148,St.Teresa Of Avila School,"Thiruvananthapuram, Thiruvananthapuram, Kerala, 695121, India",Thiruvananthapuram,Thiruvananthapuram,Kerala,695121,board,ICSE / ISC,Day,Co-ed.,true,8.4026673,77.0860939,https://www.stteresaofavilaschool.edu.in,https://locate.cisce.org/,2026-08-25
KE149,M. K. Letha Memorial Public School,"Konni, Pathanamthitta, Kerala, 689 691, India",Konni,Pathanamthitta,Kerala,689691,board,ICSE,Day,Co-ed.,true,9.2225338,76.8599928,https://mklm.in,https://locate.cisce.org/,2026-08-25
KE150,Icet Public School,"Kodur, Malappuram, Kerala, 676 504, India",Kodur,Malappuram,Kerala,676504,board,ICSE,Day,Co-ed.,true,11.0314969,76.060585,https://www.icetpublicschool.in,https://locate.cisce.org/,2026-08-25
KE151,Mar Makil Public School,"Kaipuzha, Kottayam, Kerala, 686 602, India",Kaipuzha,Kottayam,Kerala,686602,board,ICSE,Day,Co-ed.,true,9.6690065,76.5054652,https://www.marmakilschool.in,https://locate.cisce.org/,2026-08-25
KE152,St. Francis School,"Palayur, Thrissur, Kerala, 680512, India",Palayur,Thrissur,Kerala,680512,board,ICSE / ISC,Day,Co-ed.,true,10.5823044,76.0352339,https://www.sfspalayur.com,https://locate.cisce.org/,2026-08-25
KE153,St. Joseph's Convent School,"kollam, Kollam, Kerala, 691001, India",kollam,Kollam,Kerala,691001,board,ICSE,Day,Co-ed.,true,8.8870369,76.5857209,,https://locate.cisce.org/,2026-08-25
KE154,"St, Thomas School","Sulthan Bathery, Wayanad, Kerala, 673592, India",Sulthan Bathery,Wayanad,Kerala,673592,board,ICSE / ISC,Day,Co-ed.,true,11.6117521,76.267752,https://www.stthomaschulliyode.com,https://locate.cisce.org/,2026-08-25
KE155,Santhi Vidyalaya,"ERNAKULAM, Ernakulam, Kerala, 682010, India",ERNAKULAM,Ernakulam,Kerala,682010,board,ICSE,Day,Co-ed.,true,9.9163994,76.291355,https://www.santhividyalaya.com,https://locate.cisce.org/,2026-08-25
KE156,Loyola School,"Thiruvananthapuram, Thiruvananthapuram, Kerala, 695572, India",Thiruvananthapuram,Thiruvananthapuram,Kerala,695572,board,ICSE,Day,Co-ed.,true,8.5245646,77.13005,https://www.loyolamukundara.com,https://locate.cisce.org/,2026-08-25
KE157,Kristu Jyoti Vidya Niketan,"Changanacherry, Kottayam, Kerala, 686104, India",Changanacherry,Kottayam,Kerala,686104,board,ICSE / ISC,Day,Co-ed.,true,9.459648,76.5553256,https://www.kristujyotivn.com,https://locate.cisce.org/,2026-08-25
KE158,St. Mary's Central School,"KOTTAYAM, Kottayam, Kerala, 686 001, India",KOTTAYAM,Kottayam,Kerala,686001,board,ICSE,Day,Co-ed.,true,9.5864523,76.5155834,https://www.stmaryscs.com,https://locate.cisce.org/,2026-08-25
KE159,NIRMAL HRUDAYA E. M. SCHOOL,"Kozhikode, Kozhikode, Kerala, 673007, India",Kozhikode,Kozhikode,Kerala,673007,board,ICSE,Day,Co-ed.,true,11.2398712,75.7985682,https://www.nirmalhrudayaemschool.com,https://locate.cisce.org/,2026-08-25
KE160,Maria Bhavan School,"Angamaly, Ernakulam, Kerala, 683581, India",Angamaly,Ernakulam,Kerala,683581,board,ICSE,Day,Co-ed.,true,10.2237159,76.4618216,https://www.mariabhavanschool.com,https://locate.cisce.org/,2026-08-25
KE161,St.Theresa's Academy,"Thrissur, Thrissur, Kerala, 680620, India",Thrissur,Thrissur,Kerala,680620,board,ICSE / ISC,Day,Co-ed.,true,10.496664,76.1435801,,https://locate.cisce.org/,2026-08-25
KE162,Mariam Thresia Public School,"Poovathussery, Ernakulam, Kerala, 683579, India",Poovathussery,Ernakulam,Kerala,683579,board,ICSE,Day,Co-ed.,true,10.1889449,76.3236874,https://www.mariamthresiaschool.com,https://locate.cisce.org/,2026-08-25
KE163,Auxilium School,"Ernakulam, Ernakulam, Kerala, 683572, India",Ernakulam,Ernakulam,Kerala,683572,board,ICSE / ISC,Day,Co-ed.,true,10.1943349,76.3883943,https://www.auxiliumangamaly.ac.in,https://locate.cisce.org/,2026-08-25
KE164,Carmel Academy,"Chalakudy, Thrissur, Kerala, 680307, India",Chalakudy,Thrissur,Kerala,680307,board,ICSE / ISC,Day,Co-ed.,true,10.3045787,76.3284218,"https://www.carmelacademychalakudy,com",https://locate.cisce.org/,2026-08-25
KE165,Nirmala School,"Kongad, Palakkad, Kerala, 678631, India",Kongad,Palakkad,Kerala,678631,board,ICSE,Day,Co-ed.,true,10.8633901,76.5024145,https://www.nirmalaschoolkongad.com,https://locate.cisce.org/,2026-08-25
KE166,Christ New Life School,"Thiruvilwamala, Thrissur, Kerala, 680588, India",Thiruvilwamala,Thrissur,Kerala,680588,board,ICSE / ISC,Day,Co-ed.,true,10.712712,76.4287057,https://www.christnewlifeschool.com,https://locate.cisce.org/,2026-08-25
KE167,Madhuvan Sai Vidyashram School,"THIRUVANANTHAPURAM, Thiruvananthapuram, Kerala, 695573, India",THIRUVANANTHAPURAM,Thiruvananthapuram,Kerala,695573,board,ICSE,Day,Co-ed.,true,8.5407874,77.0207312,,https://locate.cisce.org/,2026-08-25
KE168,Auxilium School,"Thrissur, Thrissur, Kerala, 680601, India",Thrissur,Thrissur,Kerala,680601,board,ICSE / ISC,Day,Co-ed.,true,10.6394976,76.2046398,,https://locate.cisce.org/,2026-08-25
KE169,Mulamoottil Central School,"KOZHENCHERRY, Pathanamthitta, Kerala, 689641, India",KOZHENCHERRY,Pathanamthitta,Kerala,689641,board,ICSE / ISC,Day,Co-ed.,true,9.3345691,76.7076768,https://www.mulamoottilcentralschool.com,https://locate.cisce.org/,2026-08-25
KE170,Lords Junior School,"THIRUVANANTHAPURAM, Thiruvananthapuram, Kerala, 695028, India",THIRUVANANTHAPURAM,Thiruvananthapuram,Kerala,695028,board,ICSE,Day,Co-ed.,true,8.6000638,76.9219807,https://www.lordsjuniorschool.com,https://locate.cisce.org/,2026-08-25
KE171,San Jos Public School,"PAVARATTY, Thrissur, Kerala, 680507, India",PAVARATTY,Thrissur,Kerala,680507,board,ICSE,Day,Co-ed.,true,10.5652613,76.0611602,https://www.sanjosicsepavaratty.com,https://locate.cisce.org/,2026-08-25
KE172,Kristhujyothy International School,"Kothamangalam, Ernakulam, Kerala, 686691, India",Kothamangalam,Ernakulam,Kerala,686691,board,ICSE / ISC,Day,Co-ed.,true,10.0839976,76.675976,https://www.kristhujyothy.com,https://locate.cisce.org/,2026-08-25
KE173,L’école Chempaka Serene Valley,"Thiruvananthapuram, Thiruvananthapuram, Kerala, 695043, India",Thiruvananthapuram,Thiruvananthapuram,Kerala,695043,board,ICSE,Day,Co-ed.,true,8.5872274,76.9594112,https://www.lecoleserenevalley.com,https://locate.cisce.org/,2026-08-25
KE174,"Cluny Public School,","Sulthan Bathery, Wayanad, Kerala, 673592, India",Sulthan Bathery,Wayanad,Kerala,673592,board,ICSE,Day,Co-ed.,true,11.6613234,76.2482878,https://www.clunyschool.com,https://locate.cisce.org/,2026-08-25
KE175,Vidyajyothi School,"Kakkanad, Ernakulam, Kerala, 682021, India",Kakkanad,Ernakulam,Kerala,682021,board,ICSE / ISC,Day,Co-ed.,true,10.0314519,76.3428472,http://vidyajyothi.in,https://locate.cisce.org/,2026-08-25
KE176,Sree Mahadeva Vidyanikethan,"Kottayam, Kottayam, Kerala, 686631, India",Kottayam,Kottayam,Kerala,686631,board,ICSE,Day,Co-ed.,true,9.6717805,76.582113,,https://locate.cisce.org/,2026-08-25
KE177,St. Therese School,"CHALAKUDY, Thrissur, Kerala, 680 722, India",CHALAKUDY,Thrissur,Kerala,680722,board,ICSE,Day,Co-ed.,true,10.3075831,76.3380404,https://www.stthereseschoolchalakudy.com,https://locate.cisce.org/,2026-08-25
MA001,Activity High School,"Mumbai, Mumbai City, Maharashtra, 400 026, India",Mumbai,Mumbai City,Maharashtra,400026,board,ICSE,Day,Co-ed.,true,18.9745679,72.8076338,https://www.activityhighschool.com,https://locate.cisce.org/,2026-08-25
MA004,Bombay Scottish School,"Mahim, Mumbai City, Maharashtra, 400 016, India",Mahim,Mumbai City,Maharashtra,400016,board,ICSE / ISC,Day,Co-ed.,true,19.0373883,72.8390981,https://www.bombayscottish.in,https://locate.cisce.org/,2026-08-25
MA005,Campion School,"Mumbai, Mumbai City, Maharashtra, 400 001, India",Mumbai,Mumbai City,Maharashtra,400001,board,ICSE,Day,Boys,true,18.9239033,72.8298075,https://campionschool.in,https://locate.cisce.org/,2026-08-25
MA006,Cathedral & John Connon School,"Fort, Mumbai City, Maharashtra, 400 001, India",Fort,Mumbai City,Maharashtra,400001,board,ICSE / ISC,Day,Co-ed.,true,18.9345189,72.8371021,https://www.cathedral-school.com,https://locate.cisce.org/,2026-08-25
MA007,Christ Church School,"Byculla, Mumbai City, Maharashtra, 400 008, India",Byculla,Mumbai City,Maharashtra,400008,board,ICSE / ISC,Day,Co-ed.,true,18.970005,72.8303096,https://www.christchurchschoolmumbai.org,https://locate.cisce.org/,2026-08-25
MA008,Dunne's Institute,"Colaba, Mumbai City, Maharashtra, 400 005, India",Colaba,Mumbai City,Maharashtra,400005,board,ICSE,Day,Co-ed.,true,18.9123896,72.8226757,https://www.dunnes-institute.org,https://locate.cisce.org/,2026-08-25
MA009,Greenlawns High School,"Mumbai, Mumbai City, Maharashtra, 400 036, India",Mumbai,Mumbai City,Maharashtra,400036,board,ICSE,Day,Co-ed.,true,18.9686104,72.804586,https://www.greenlawns.org,https://locate.cisce.org/,2026-08-25
MA011,J.B. Petit High School,"Fort, Mumbai City, Maharashtra, 400 001, India",Fort,Mumbai City,Maharashtra,400001,board,ICSE,Day,Girls,true,18.9348564,72.831333,https://www.jbpetithighschool.com,https://locate.cisce.org/,2026-08-25
MA012,Jamnabai Narsee School,"Mumbai, Mumbai City, Maharashtra, 400 049, India",Mumbai,Mumbai City,Maharashtra,400049,board,ICSE / ISC,Day,Co-ed.,true,19.1060096,72.8292239,https://www.jns.ac.in,https://locate.cisce.org/,2026-08-25
MA013,Maneckji Cooper Education Trust School,"Juhu, Mumbai Suburban, Maharashtra, 400 049, India",Juhu,Mumbai Suburban,Maharashtra,400049,board,ICSE / ISC,Day,Co-ed.,true,19.0946536,72.8283023,https://www.maneckjicooperschool.org,https://locate.cisce.org/,2026-08-25
MA015,Queen Mary School,"V.P. Road, Mumbai City, Maharashtra, 400 004, India",V.P. Road,Mumbai City,Maharashtra,400004,board,ICSE,Day,Girls,true,18.9570907,72.8202241,https://www.queenmaryschoolmumbai.org,https://locate.cisce.org/,2026-08-25
MA016,St. Mary's School,"Mazagaon, Mumbai City, Maharashtra, 400 010, India",Mazagaon,Mumbai City,Maharashtra,400010,board,ICSE / ISC,Day,Boys,true,18.9690059,72.8368793,https://www.stmarysicse.com,https://locate.cisce.org/,2026-08-25
MA017,St. Peter's School,"Mazagaon, Mumbai City, Maharashtra, 400 010, India",Mazagaon,Mumbai City,Maharashtra,400010,board,ICSE,Day,Co-ed.,true,18.966187,72.8392456,,https://locate.cisce.org/,2026-08-25
MA018,The Scholar High School,"Mumbai, Mumbai City, Maharashtra, 400 001, India",Mumbai,Mumbai City,Maharashtra,400001,board,ICSE,Day,Co-ed.,true,18.9205234,72.8310279,https://www.thescholarschool.org,https://locate.cisce.org/,2026-08-25
MA019,Villa Theresa High School,"Mumbai, Mumbai City, Maharashtra, 400 026, India",Mumbai,Mumbai City,Maharashtra,400026,board,ICSE,Day,Girls,true,18.9661275,72.8070496,https://www.vtsmumbai.org,https://locate.cisce.org/,2026-08-25
MA020,Walsingham House School,"Mumbai, Mumbai City, Maharashtra, 400 006, India",Mumbai,Mumbai City,Maharashtra,400006,board,ICSE / ISC,Day,Girls,true,19.2447388,72.8581101,https://www.walsinghamschool.org,https://locate.cisce.org/,2026-08-25
MA021,Jasudben M. L. School,"Mumbai, Mumbai City, Maharashtra, 400 052, India",Mumbai,Mumbai City,Maharashtra,400052,board,ICSE / ISC,Day,Co-ed.,true,19.1683397,72.9593668,https://www.jmlschool.org,https://locate.cisce.org/,2026-08-25
MA022,Learners' Academy,"Bandra, Mumbai Suburban, Maharashtra, 400 050, India",Bandra,Mumbai Suburban,Maharashtra,400050,board,ICSE,Day,Co-ed.,true,19.0612656,72.8271455,,https://locate.cisce.org/,2026-08-25
MA023,Hasanat High School,"Andheri (East), Mumbai Suburban, Maharashtra, 400 059, India",Andheri (East),Mumbai Suburban,Maharashtra,400059,board,ICSE,Day,Co-ed.,true,19.113805,72.8763962,https://www.hasanathighschool.com,https://locate.cisce.org/,2026-08-25
MA024,Greenlawns School,"Mumbai, Mumbai City, Maharashtra, 400 030, India",Mumbai,Mumbai City,Maharashtra,400030,board,ICSE,Day,Co-ed.,true,19.0129508,72.8173547,https://www.greenlawns.org,https://locate.cisce.org/,2026-08-25
MA025,Arya Vidya Mandir,"Bandra (West), Mumbai Suburban, Maharashtra, 400 050, India",Bandra (West),Mumbai Suburban,Maharashtra,400050,board,ICSE,Day,Co-ed.,true,19.059334,72.8281503,https://www.avmschools.ac.in,https://locate.cisce.org/,2026-08-25
MA026,Barnes School & Junior College,"Devlali Camp, Nashik, Maharashtra, 422 401, India",Devlali Camp,Nashik,Maharashtra,422401,board,ICSE / ISC,Day/Residential,Co-ed.,true,19.8968608,73.836741,https://barnesschool.in,https://locate.cisce.org/,2026-08-25
MA027,Seventh Day Adventist Higher Secondary School,"Lasalgaon, Nashik, Maharashtra, 422 306, India",Lasalgaon,Nashik,Maharashtra,422306,board,ICSE / ISC,Day/Residential,Co-ed.,true,20.2899217,74.3368683,,https://locate.cisce.org/,2026-08-25
MA028,S.d.a. High School,"KOLHAPUR, Kolhapur, Maharashtra, 416 001, India",KOLHAPUR,Kolhapur,Maharashtra,416001,board,ICSE / ISC,Day,Co-ed.,true,16.7026904,74.2505592,,https://locate.cisce.org/,2026-08-25
MA029,St. Xavier's High School,"Matheran, Raigad, Maharashtra, 410 102, India",Matheran,Raigad,Maharashtra,410102,board,ICSE,Day/Residential,Co-ed.,true,18.9978374,73.2757247,,https://locate.cisce.org/,2026-08-25
MA031,St. Joseph's Convent School,"Panchgani, Satara, Maharashtra, 412 805, India",Panchgani,Satara,Maharashtra,412805,board,ICSE,Day/Residential,Girls,true,17.9234131,73.7977464,,https://locate.cisce.org/,2026-08-25
MA032,St. Peter's School,"Panchgani, Satara, Maharashtra, 412 805, India",Panchgani,Satara,Maharashtra,412805,board,ICSE / ISC,Day/Residential,Boys,true,17.921757,73.7949427,https://www.peterspanchgani.org,https://locate.cisce.org/,2026-08-25
MA033,Kimmins High School,"Panchgani, Satara, Maharashtra, 412 805, India",Panchgani,Satara,Maharashtra,412805,board,ICSE,Day/Residential,Girls,true,17.9209891,73.729661,https://www.kimminsschool.edu.in,https://locate.cisce.org/,2026-08-25
MA034,The Bishop's School,"PUNE, Pune, Maharashtra, 411 001, India",PUNE,Pune,Maharashtra,411001,board,ICSE / ISC,Day/Residential,Boys,true,18.5102186,73.8826291,https://www.thebishopsschool.org,https://locate.cisce.org/,2026-08-25
MA035,Hutchings High School & Junior College,"PUNE, Pune, Maharashtra, 411 040, India",PUNE,Pune,Maharashtra,411040,board,ICSE / ISC,Day,Co-ed.,true,18.5012437,73.8807732,https://www.hutchingsschoolpune.in,https://locate.cisce.org/,2026-08-25
MA036,Spicer Higher Secondary School,"PUNE, Pune, Maharashtra, 411 007, India",PUNE,Pune,Maharashtra,411007,board,ICSE / ISC,Day/Residential,Co-ed.,true,18.5628218,73.8207741,https://www.spicer.education,https://locate.cisce.org/,2026-08-25
MA037,St. Mary's School,"PUNE, Pune, Maharashtra, 411 001, India",PUNE,Pune,Maharashtra,411001,board,ICSE / ISC,Day,Co-ed.,true,18.5088942,73.8849075,https://www.smspune.com,https://locate.cisce.org/,2026-08-25
MA038,St. Helena's School And Junior College,"PUNE, Pune, Maharashtra, 411 001, India",PUNE,Pune,Maharashtra,411001,board,ICSE / ISC,Day/Residential,Girls,true,18.52348,73.873093,https://www.sthelenas.in,https://locate.cisce.org/,2026-08-25
MA039,Hume McHenry Memorial High School of S.D.A.,"PUNE, Pune, Maharashtra, 411 037, India",PUNE,Pune,Maharashtra,411037,board,ICSE / ISC,Day,Co-ed.,true,18.4938022,73.8727335,https://www.humemchenryschool.com,https://locate.cisce.org/,2026-08-25
MA040,Vidya Pratishthan's Vinodkumar Gujar Bal Vikas Mandir,"Baramati, Pune, Maharashtra, 413 102, India",Baramati,Pune,Maharashtra,413102,board,ICSE / ISC,Day,Co-ed.,true,18.1537013,74.5781866,https://www.vpbalvikas.org,https://locate.cisce.org/,2026-08-25
MA041,Hiranandani Foundation School,"Mumbai, Mumbai City, Maharashtra, 400 076, India",Mumbai,Mumbai City,Maharashtra,400076,board,ICSE / ISC,Day,Co-ed.,true,19.1198649,72.9081305,https://www.hiranandanifoundationschoolpowai.com,https://locate.cisce.org/,2026-08-25
MA042,Smt. Lilavatibai Podar High School,"Khar (West), Mumbai City, Maharashtra, 400 052, India",Khar (West),Mumbai City,Maharashtra,400052,board,ICSE / ISC,Day,Co-ed.,true,19.0695382,72.8375623,https://www.lilavatibaipodarschool.com,https://locate.cisce.org/,2026-08-25
MA043,M.S.B. Educational Institute,"Mazagaon, Mumbai City, Maharashtra, 400 010, India",Mazagaon,Mumbai City,Maharashtra,400010,board,ICSE,Day,Co-ed.,true,18.9690059,72.8368793,https://www.msbmumbai.in,https://locate.cisce.org/,2026-08-25
MA044,Seventh Day Adventist High School,"Mount Road, Nagpur, Maharashtra, 440 001, India",Mount Road,Nagpur,Maharashtra,440001,board,ICSE / ISC,Day,Co-ed.,true,19.7514798,75.7138884,,https://locate.cisce.org/,2026-08-25
MA045,Sahyadri School,"Rajgurunagar, Pune, Maharashtra, 410 513, India",Rajgurunagar,Pune,Maharashtra,410513,board,ICSE / ISC,Residential,Co-ed.,true,18.854321,73.8876008,https://www.sahyadrischool.org,https://locate.cisce.org/,2026-08-25
MA046,Smt. Sulochanadevi Singhania School,"Thane (West), Thane, Maharashtra, 400 606, India",Thane (West),Thane,Maharashtra,400606,board,ICSE / ISC,Day,Co-ed.,true,19.2131359,72.9595464,https://www.singhaniaschool.org,https://locate.cisce.org/,2026-08-25
MA047,Bhaktivedanta Swami Mission School,"Andheri (West), Mumbai City, Maharashtra, 400 053, India",Andheri (West),Mumbai City,Maharashtra,400053,board,ICSE,Day,Co-ed.,true,19.1373898,72.8281955,https://www.bsmsmumbai.ac.in,https://locate.cisce.org/,2026-08-25
MA048,Marble Arch School,"Andheri (West), Mumbai Suburban, Maharashtra, 400 053, India",Andheri (West),Mumbai Suburban,Maharashtra,400053,board,ICSE,Day,Co-ed.,true,19.0746829,72.8342772,https://www.marblearchschool.org,https://locate.cisce.org/,2026-08-25
MA049,M. S. B. Educational Institute,"Bhandara Road, Nagpur, Maharashtra, 440 008, India",Bhandara Road,Nagpur,Maharashtra,440008,board,ICSE / ISC,Day,Co-ed.,true,21.0736452,79.8296743,https://www.eoschool.com/msb,https://locate.cisce.org/,2026-08-25
MA050,Codesh School,"Panchgani, Satara, Maharashtra, 412 805, India",Panchgani,Satara,Maharashtra,412805,board,ICSE,Residential,Co-ed.,true,17.936661,73.805804,https://www.codeshschoolpanchgani.in,https://locate.cisce.org/,2026-08-25
MA051,St. Gregorios High School,"Chembur, Mumbai Suburban, Maharashtra, 400 071, India",Chembur,Mumbai Suburban,Maharashtra,400071,board,ICSE / ISC,Day,Co-ed.,true,19.0517739,72.9015587,,https://locate.cisce.org/,2026-08-25
MA052,Smt. Ramdevi Sobhraj Bajaj Arya Vidya Mandir,"Vile-Parle (West), Mumbai Suburban, Maharashtra, 400 049, India",Vile-Parle (West),Mumbai Suburban,Maharashtra,400049,board,ICSE,Day,Co-ed.,true,19.110608,72.832553,,https://locate.cisce.org/,2026-08-25
MA053,Bombay Scottish School,"Powai, Mumbai City, Maharashtra, 400 072, India",Powai,Mumbai City,Maharashtra,400072,board,ICSE / ISC,Day,Co-ed.,true,19.1076332,72.9010779,https://www.bombayscottish.in,https://locate.cisce.org/,2026-08-25
MA054,Lokhandwala Foundation School,"Kandivali (East), Mumbai Suburban, Maharashtra, 400 101, India",Kandivali (East),Mumbai Suburban,Maharashtra,400101,board,ICSE / ISC,Day,Co-ed.,true,19.2005699,72.8729071,,https://locate.cisce.org/,2026-08-25
MA055,Shalom International School,"Panchgani, Satara, Maharashtra, 412 805, India",Panchgani,Satara,Maharashtra,412805,board,ICSE,Day/Residential,Co-ed.,true,17.9234131,73.7977464,https://www.shalompanchgani.in,https://locate.cisce.org/,2026-08-25
MA056,Cambridge School,"Kandivali (East), Mumbai Suburban, Maharashtra, 400 101, India",Kandivali (East),Mumbai Suburban,Maharashtra,400101,board,ICSE,Day,Co-ed.,true,19.2087079,72.8625087,,https://locate.cisce.org/,2026-08-25
MA057,The Chanda Devi Saraf School,"NAGPUR, Nagpur, Maharashtra, 440 013, India",NAGPUR,Nagpur,Maharashtra,440013,board,ICSE / ISC / CVE,Day,Co-ed.,true,21.1694711,79.0379653,https://www.cds.group.in,https://locate.cisce.org/,2026-08-25
MA058,Chatrabhuj Narsee Memorial School,"Vile-Parle (West), Mumbai Suburban, Maharashtra, 400 056, India",Vile-Parle (West),Mumbai Suburban,Maharashtra,400056,board,ICSE / ISC,Day,Co-ed.,true,19.1060127,72.8412505,https://www.cnms.ac.in,https://locate.cisce.org/,2026-08-25
MA059,Cambridge School,"Zalta Circle, Chhatrapati Sambhaji Nagar, Maharashtra, 431 201, India",Zalta Circle,Chhatrapati Sambhaji Nagar,Maharashtra,431201,board,ICSE / ISC,Day,Co-ed.,true,19.8346659,75.8816345,https://www.cambridge-aurangabad.com,https://locate.cisce.org/,2026-08-25
MA060,G. D. Somani Memorial School,"Cuffe Parade, Mumbai City, Maharashtra, 400 005, India",Cuffe Parade,Mumbai City,Maharashtra,400005,board,ICSE / ISC,Day,Co-ed.,true,18.9163393,72.819606,https://www.gdsomani.org,https://locate.cisce.org/,2026-08-25
MA061,Hiranandani Foundation School,"THANE, Thane, Maharashtra, 400 607, India",THANE,Thane,Maharashtra,400607,board,ICSE / ISC,Day,Co-ed.,true,19.2584039,72.9824016,http://www.hiranandanischools.edu.in,https://locate.cisce.org/,2026-08-25
MA062,Vasudev C. Wadhwa Arya Vidya Mandir,"Bandra (East), Mumbai Suburban, Maharashtra, 400 051, India",Bandra (East),Mumbai Suburban,Maharashtra,400051,board,ICSE / ISC,Day,Co-ed.,true,19.0614369,72.8680803,https://avmschools.ac.in,https://locate.cisce.org/,2026-08-25
MA063,Beacon High School,"Khar (West), Mumbai City, Maharashtra, 400 052, India",Khar (West),Mumbai City,Maharashtra,400052,board,ICSE / ISC,Day,Co-ed.,true,19.0728384,72.8291015,,https://locate.cisce.org/,2026-08-25
MA064,Ryan International School,"Navi Mumbai, Mumbai City, Maharashtra, 410 210, India",Navi Mumbai,Mumbai City,Maharashtra,410210,board,ICSE / ISC,Day,Co-ed.,true,19.038649,73.07081,,https://locate.cisce.org/,2026-08-25
MA065,Ryan International School,"Malad (West), Mumbai Suburban, Maharashtra, 400 064, India",Malad (West),Mumbai Suburban,Maharashtra,400064,board,ICSE / ISC,Day,Co-ed.,true,19.1935945,72.8312927,,https://locate.cisce.org/,2026-08-25
MA066,Dr. A.R. Undre English High School,"Taluk Shriwardhan, Raigad, Maharashtra, 402 403, India",Taluk Shriwardhan,Raigad,Maharashtra,402403,board,ICSE / ISC,Day,Co-ed.,true,18.1675621,73.0028593,https://www.royaleducationalsociety.org,https://locate.cisce.org/,2026-08-25
MA067,Dhirubhai Ambani International School,"Bandra (East), Mumbai City, Maharashtra, 400 098, India",Bandra (East),Mumbai City,Maharashtra,400098,board,ICSE,Day,Co-ed.,true,19.0687893,72.8702647,https://www.dais.edu.in,https://locate.cisce.org/,2026-08-25
MA068,Pinewoods International High School,"Panchgani, Satara, Maharashtra, 412 805, India",Panchgani,Satara,Maharashtra,412805,board,ICSE,Residential,Co-ed.,true,17.9234131,73.7977464,https://pinewoodsinternational.com,https://locate.cisce.org/,2026-08-25
MA069,Kanakia International School,"Mira Road (East), Mumbai City, Maharashtra, 401 107, India",Mira Road (East),Mumbai City,Maharashtra,401107,board,ICSE / ISC,Day,Co-ed.,true,19.286729,72.867468,https://www.rbkschool.org,https://locate.cisce.org/,2026-08-25
MA070,St. Ann's School,"Sawata Nagar, Beed, Maharashtra, 431 122, India",Sawata Nagar,Beed,Maharashtra,431122,board,ICSE,Day,Co-ed.,true,19.0035978,75.756922,https://stannsbeed.com,https://locate.cisce.org/,2026-08-25
MA071,Shri Balaji International School,"Malad (West), Mumbai Suburban, Maharashtra, 400 064, India",Malad (West),Mumbai Suburban,Maharashtra,400064,board,ICSE,Day,Co-ed.,true,19.1898948,72.8354623,https://www.sbischool.org,https://locate.cisce.org/,2026-08-25
MA073,Vidya Valley School,"PUNE, Pune, Maharashtra, 411 021, India",PUNE,Pune,Maharashtra,411021,board,ICSE / ISC,Day,Co-ed.,true,18.5456,73.75595,https://www.vidyavalley.com,https://locate.cisce.org/,2026-08-25
MA074,Riverdale International Residential School,"Taluk Mulshi, Pune, Maharashtra, 412 108, India",Taluk Mulshi,Pune,Maharashtra,412108,board,ICSE / ISC,Day,Co-ed.,true,18.5243308,73.6138821,https://www.sgispune.in,https://locate.cisce.org/,2026-08-25
MA075,P. G. Garodia School ( I. C. S. E. ),"Ghatkopar (East), Mumbai Suburban, Maharashtra, 400 077, India",Ghatkopar (East),Mumbai Suburban,Maharashtra,400077,board,ICSE,Day,Co-ed.,true,19.0748595,72.9090513,https://www.pggarodia.org,https://locate.cisce.org/,2026-08-25
MA076,St. Mathews Academy,"Tal. Haveli, Pune, Maharashtra, 411 048, India",Tal. Haveli,Pune,Maharashtra,411048,board,ICSE / ISC,Day,Co-ed.,true,18.6245489,73.7844737,https://www.stmathewsacademy.edu.in,https://locate.cisce.org/,2026-08-25
MA077,Gokuldham High School & Junior College,"Goregaon (East), Mumbai Suburban, Maharashtra, 400 063, India",Goregaon (East),Mumbai Suburban,Maharashtra,400063,board,ICSE / ISC,Day,Co-ed.,true,19.17569,72.870962,https://www.gaet.edu.in/ghs,https://locate.cisce.org/,2026-08-25
MA078,Kapol Vidyanidhi International School,"Kandivali (West), Mumbai Suburban, Maharashtra, 400 067, India",Kandivali (West),Mumbai Suburban,Maharashtra,400067,board,ICSE,Day,Co-ed.,true,19.2134676,72.8409248,,https://locate.cisce.org/,2026-08-25
MA079,Thakur Public School,"Kandivali (East), Mumbai Suburban, Maharashtra, 400 101, India",Kandivali (East),Mumbai Suburban,Maharashtra,400101,board,ICSE / ISC,Day,Co-ed.,true,19.1663509,72.8586328,https://www.tpsmumbai.in,https://locate.cisce.org/,2026-08-25
MA080,Lady Ratanbai And Sir Mathuradas Vissanji Academy,"Andheri (East), Mumbai Suburban, Maharashtra, 400 069, India",Andheri (East),Mumbai Suburban,Maharashtra,400069,board,ICSE,Day,Co-ed.,true,19.1216169,72.8503744,https://www.vissanjiacademy.com,https://locate.cisce.org/,2026-08-25
MA081,Goregaon Education Society's English Medium School,"Goregaon (West), Mumbai Suburban, Maharashtra, 400 062, India",Goregaon (West),Mumbai Suburban,Maharashtra,400062,board,ICSE,Day,Co-ed.,true,19.1605529,72.8478554,https://www.gesschool.org,https://locate.cisce.org/,2026-08-25
MA083,Seventh Day Adventist English High School,"Navi Mumbai, Mumbai City, Maharashtra, 400 705, India",Navi Mumbai,Mumbai City,Maharashtra,400705,board,ICSE / ISC,Day,Co-ed.,true,19.0749204,73.0102766,,https://locate.cisce.org/,2026-08-25
MA084,St. John's Universal School,"Mumbai, Mumbai Suburban, Maharashtra, 400 104, India",Mumbai,Mumbai Suburban,Maharashtra,400104,board,ICSE / ISC,Day,Co-ed.,true,19.16207,72.8460459,https://www.stjohnsuniversal.edu.in,https://locate.cisce.org/,2026-08-25
MA085,Priceless Pearl Scholar's Academy,"Nashik, Nashik, Maharashtra, 422213, India",Nashik,Nashik,Maharashtra,422213,board,ICSE,Day/Boarding,Co-ed.,true,19.9853381,73.7227227,https://www.ppsa.org.in,https://locate.cisce.org/,2026-08-25
MA086,Gundecha Education Academy,"Kandivali (East), Mumbai Suburban, Maharashtra, 400 101, India",Kandivali (East),Mumbai Suburban,Maharashtra,400101,board,ICSE / ISC,Day,Co-ed.,true,19.2148814,72.8747412,https://www.gundechaedu.org,https://locate.cisce.org/,2026-08-25
MA087,The Bishop's Co - Ed. School,"PUNE, Pune, Maharashtra, 411 006, India",PUNE,Pune,Maharashtra,411006,board,ICSE / ISC,Day/Residential,Co-ed.,true,18.5641853,73.8817609,,https://locate.cisce.org/,2026-08-25
MA088,St. Mary's I. C. S. E. School,"Navi Mumbai, Mumbai City, Maharashtra, 400 709, India",Navi Mumbai,Mumbai City,Maharashtra,400709,board,ICSE / ISC,Day,Co-ed.,true,19.0987206,73.0081422,https://www.stmarysicsekk.com,https://locate.cisce.org/,2026-08-25
MA089,A.B.V.M. Agrawal Jatiya Kosh's Seth Juggilal Poddar Academy,"Malad (East), Mumbai Suburban, Maharashtra, 400 097, India",Malad (East),Mumbai Suburban,Maharashtra,400097,board,ICSE,Day,Co-ed.,true,19.1752603,72.8536919,https://www.sjpoddaracademy.edu.in,https://locate.cisce.org/,2026-08-25
MA090,City International School,"Andheri (West), Mumbai Suburban, Maharashtra, 400 102, India",Andheri (West),Mumbai Suburban,Maharashtra,400102,board,ICSE,Day,Co-ed.,true,19.1365413,72.8350295,,https://locate.cisce.org/,2026-08-25
MA091,Podar International School,"Agartakali, Nashik, Maharashtra, 422 006, India",Agartakali,Nashik,Maharashtra,422006,board,ICSE / ISC,Day,Co-ed.,true,19.7883448,74.5277069,,https://locate.cisce.org/,2026-08-25
MA092,Pawar Public School,"Mumbai, Mumbai City, Maharashtra, 400 078, India",Mumbai,Mumbai City,Maharashtra,400078,board,ICSE,Day,Co-ed.,true,19.1284994,72.9252816,https://www.ppsbhandup.com,https://locate.cisce.org/,2026-08-25
MA093,Gopal Sharma International School,"Mumbai, Mumbai City, Maharashtra, 400 076, India",Mumbai,Mumbai City,Maharashtra,400076,board,ICSE / ISC,Day,Co-ed.,true,19.119587,72.904099,https://www.gsisschool.com,https://locate.cisce.org/,2026-08-25
MA094,Vibgyor High,"Goregaon (W), Mumbai City, Maharashtra, 400 104, India",Goregaon (W),Mumbai City,Maharashtra,400104,board,ICSE,Day,Co-ed.,true,19.1365413,72.8350295,https://www.vibgyorhigh.com,https://locate.cisce.org/,2026-08-25
MA095,North Point School,"Navi Mumbai, Mumbai City, Maharashtra, 400 709, India",Navi Mumbai,Mumbai City,Maharashtra,400709,board,ICSE / ISC,Day,Co-ed.,true,19.1035464,73.0039293,https://www.northpointschool.org,https://locate.cisce.org/,2026-08-25
MA096,Podar International School,"Pimpri, Pune, Maharashtra, 411 018, India",Pimpri,Pune,Maharashtra,411018,board,ICSE / ISC,Day,Co-ed.,true,18.6278948,73.8112577,https://www.podareducation.org/school/pimpri,https://locate.cisce.org/,2026-08-25
MA097,Fravashi Academy,"NASHIK, Nashik, Maharashtra, 422 002, India",NASHIK,Nashik,Maharashtra,422002,board,ICSE / ISC,Day,Co-ed.,true,19.995209,73.760449,,https://locate.cisce.org/,2026-08-25
MA098,Vianney Vidya Mandir,"CHANDRAPUR, Chandrapur, Maharashtra, 442 505, India",CHANDRAPUR,Chandrapur,Maharashtra,442505,board,ICSE,Day,Co-ed.,true,19.9490673,79.1083448,https://www.vianneyghugus.com,https://locate.cisce.org/,2026-08-25
MA099,Prime Academy,"Andheri (East), Mumbai City, Maharashtra, 400 059, India",Andheri (East),Mumbai City,Maharashtra,400059,board,ICSE,Day,Co-ed.,true,19.1174917,72.8836778,https://www.primeacademy.net.in,https://locate.cisce.org/,2026-08-25
MA100,Jankidevi Public School,"Andheri (West), Mumbai City, Maharashtra, 400 053, India",Andheri (West),Mumbai City,Maharashtra,400053,board,ICSE / ISC,Day,Co-ed.,true,19.1368962,72.8215563,https://www.jankidevipublicschool.in/,https://locate.cisce.org/,2026-08-25
MA101,Orchid International School,"NASHIK, Nashik, Maharashtra, 422 212, India",NASHIK,Nashik,Maharashtra,422212,board,ICSE / ISC,Day/Residential,Co-ed.,true,19.9853381,73.7227227,,https://locate.cisce.org/,2026-08-25
MA102,Ryan International School,"Mumbai, Mumbai City, Maharashtra, 400 063, India",Mumbai,Mumbai City,Maharashtra,400063,board,ICSE / ISC,Day,Co-ed.,true,19.1702821,72.8698946,https://www.ryangroup.org/site/risgoregaon/,https://locate.cisce.org/,2026-08-25
MA103,Presidency School,"Bhiwandi, Thane, Maharashtra, 421 302, India",Bhiwandi,Thane,Maharashtra,421302,board,ICSE,Day,Co-ed.,true,19.281269,73.063364,https://www.presidencyschool.org,https://locate.cisce.org/,2026-08-25
MA104,Ryan International School,"Nerul, Mumbai City, Maharashtra, 400 706, India",Nerul,Mumbai City,Maharashtra,400706,board,ICSE / ISC,Day,Co-ed.,true,19.0326661,73.0253079,,https://locate.cisce.org/,2026-08-25
MA105,Vidya Pratishthan's Magarpatta City Public School,"PUNE, Pune, Maharashtra, 411 028, India",PUNE,Pune,Maharashtra,411028,board,ICSE,Day,Co-ed.,true,18.5158057,73.9271644,https://www.vpmcps.org,https://locate.cisce.org/,2026-08-25
MA106,National English School,"Virar (E), Vasai, Palghar, Maharashtra, 401 305, India","Virar (E), Vasai",Palghar,Maharashtra,401305,board,ICSE,Day,Co-ed.,true,19.4487014,72.8149971,https://www.nationalenglishschool.com,https://locate.cisce.org/,2026-08-25
MA107,Ashoka Universal School,"Wadala, Nashik, Maharashtra, 422 011, India",Wadala,Nashik,Maharashtra,422011,board,ICSE / ISC,Day,Co-ed.,true,19.0148695,72.863143,https://www.ausindia.org,https://locate.cisce.org/,2026-08-25
MA108,Omkar International School,"THANE, Thane, Maharashtra, 421 203, India",THANE,Thane,Maharashtra,421203,board,ICSE / ISC,Day,Co-ed.,true,19.2073689,73.1042058,https://www.omkaricse.in,https://locate.cisce.org/,2026-08-25
MA109,Wisdom High International School,"NASHIK, Nashik, Maharashtra, 422 007, India",NASHIK,Nashik,Maharashtra,422007,board,ICSE / ISC,Day,Co-ed.,true,20.0132671,73.7418544,,https://locate.cisce.org/,2026-08-25
MA110,Silver Oak,"NASHIK, Nashik, Maharashtra, 422 203, India",NASHIK,Nashik,Maharashtra,422203,board,ICSE,Day,Co-ed.,true,20.0119913,73.7564909,,https://locate.cisce.org/,2026-08-25
MA111,Ryan International School,"AURANGABAD, Aurangabad, Maharashtra, 431 005, India",AURANGABAD,Aurangabad,Maharashtra,431005,board,ICSE,Day,Co-ed.,true,19.8477487,75.2966178,,https://locate.cisce.org/,2026-08-25
MA112,SRI CHAITANYA TECHNO SCHOOL,"Kalyan, Mumbai City, Maharashtra, 421 301, India",Kalyan,Mumbai City,Maharashtra,421301,board,ICSE,Day,Co-ed.,true,19.2394277,73.1378848,https://www.themeridianschool.in,https://locate.cisce.org/,2026-08-25
MA113,Podar International School,"Garkheda, Chhatrapati Sambhaji Nagar, Maharashtra, 431 001, India",Garkheda,Chhatrapati Sambhaji Nagar,Maharashtra,431001,board,ICSE / ISC,Day,Co-ed.,true,19.8624002,75.3340841,https://www.podareducation.org/school/aurangabadicse,https://locate.cisce.org/,2026-08-25
MA114,Vibgyor High,"Mohammadwadi, Pune, Maharashtra, 411 060, India",Mohammadwadi,Pune,Maharashtra,411060,board,ICSE / ISC,Day,Co-ed.,true,18.463427,73.903267,https://www.vibgyorhigh.com,https://locate.cisce.org/,2026-08-25
MA115,Avalon Heights International School,"Navi Mumbai, Mumbai City, Maharashtra, 400 703, India",Navi Mumbai,Mumbai City,Maharashtra,400703,board,ICSE / ISC,Day,Co-ed.,true,19.078397,73.009666,https://www.avalonheights.org,https://locate.cisce.org/,2026-08-25
MA116,Shishuvan,"Mumbai City, Maharashtra, 400 019, India",,Mumbai City,Maharashtra,400019,board,ICSE / ISC,Day,Co-ed.,true,19.0297901,72.856178,http://www.shishuvan.com,https://locate.cisce.org/,2026-08-25
MA117,The Bai Avabai F. Petit Girls' High School,"Mumbai, Mumbai City, Maharashtra, 400 050, India",Mumbai,Mumbai City,Maharashtra,400050,board,ICSE,Day/Boarding,Girls,true,19.0605859,72.8295094,https://www.avabaipetitschool.com,https://locate.cisce.org/,2026-08-25
MA118,The Bishop's Co - Ed. School,"Undri, Pune, Maharashtra, 411 060, India",Undri,Pune,Maharashtra,411060,board,ICSE / ISC,Day,Co-ed.,true,18.4605837,73.9132023,https://www.thebishopsschool.org,https://locate.cisce.org/,2026-08-25
MA119,Ryan International School,"Tagore Nagar, Nashik, Maharashtra, 422 006, India",Tagore Nagar,Nashik,Maharashtra,422006,board,ICSE / ISC,Day,Co-ed.,true,19.9808667,73.7924482,https://www.ryangroup.org,https://locate.cisce.org/,2026-08-25
MA120,Sanjivani International School,"Kharghar, Mumbai City, Maharashtra, 410 210, India",Kharghar,Mumbai City,Maharashtra,410210,board,ICSE / ISC,Day,Co-ed.,true,19.0480109,73.0804349,https://www.sanjivaniis.com,https://locate.cisce.org/,2026-08-25
MA121,Mount St. Patrick Academy,"Lohagaon, Pune, Maharashtra, 411 047, India",Lohagaon,Pune,Maharashtra,411047,board,ICSE / ISC,Day,Co-ed.,true,18.5984555,73.9612303,,https://locate.cisce.org/,2026-08-25
MA122,Fairmount Academy,"Mumbai, Mumbai City, Maharashtra, 400 016, India",Mumbai,Mumbai City,Maharashtra,400016,board,ICSE,Day,Co-ed.,true,19.0363435,72.8387131,https://www.fairmount.academy,https://locate.cisce.org/,2026-08-25
MA123,Vishwajyot High School,"Kharghar, Mumbai City, Maharashtra, 410 210, India",Kharghar,Mumbai City,Maharashtra,410210,board,ICSE / ISC,Day,Co-ed.,true,19.052826,73.072952,https://www.vishwajyot.com,https://locate.cisce.org/,2026-08-25
MA124,D S K School,"Dhayari, Pune, Maharashtra, 411 041, India",Dhayari,Pune,Maharashtra,411041,board,ICSE,Day,Co-ed.,true,18.4532649,73.7948667,https://www.dskschool.in,https://locate.cisce.org/,2026-08-25
MA125,Finland International School,"Thane (West), Thane, Maharashtra, 400 604, India",Thane (West),Thane,Maharashtra,400604,board,ICSE / ISC,Day,Co-ed.,true,19.1895253,72.9450211,,https://locate.cisce.org/,2026-08-25
MA126,Anubhuti School,"Shirsoli Road, Jalgaon, Maharashtra, 425 001, India",Shirsoli Road,Jalgaon,Maharashtra,425001,board,ICSE / ISC,Day/Boarding,Co-ed.,true,19.7514798,75.7138884,https://www.anubhutischool.in,https://locate.cisce.org/,2026-08-25
MA127,St. Xavier's High School,"Panchgani, Satara, Maharashtra, 412 805, India",Panchgani,Satara,Maharashtra,412805,board,ICSE,Day/Boarding,Co-ed.,true,17.9234131,73.7977464,,https://locate.cisce.org/,2026-08-25
MA128,Pawar Public School,"Hadapsar, Pune, Maharashtra, 411 028, India",Hadapsar,Pune,Maharashtra,411028,board,ICSE,Day,Co-ed.,true,18.5203023,73.9371757,https://www.ppspune.com,https://locate.cisce.org/,2026-08-25
MA129,N. L. Dalmia High School,"THANE, Thane, Maharashtra, 401 104, India",THANE,Thane,Maharashtra,401104,board,ICSE / ISC,Day,Co-ed.,true,19.2682458,72.8695945,https://www.nldalmia.co.in,https://locate.cisce.org/,2026-08-25
MA130,Kline Memorial School,"PUNE, Pune, Maharashtra, 411 037, India",PUNE,Pune,Maharashtra,411037,board,ICSE,Day,Co-ed.,true,18.4760692,73.8646073,https://klinememorialschool.in,https://locate.cisce.org/,2026-08-25
MA131,Lakshdham High School,"Mumbai, Mumbai City, Maharashtra, 400 063, India",Mumbai,Mumbai City,Maharashtra,400063,board,ICSE,Day,Co-ed.,true,19.1702821,72.8698946,,https://locate.cisce.org/,2026-08-25
MA132,Thakur International School,"Kandivali (West), Mumbai City, Maharashtra, 400 067, India",Kandivali (West),Mumbai City,Maharashtra,400067,board,ICSE,Day,Co-ed.,true,19.2045646,72.836593,https://www.tismumbai.in,https://locate.cisce.org/,2026-08-25
MA133,Guardian School,"Dombivli (East), Thane, Maharashtra, 421 201, India",Dombivli (East),Thane,Maharashtra,421201,board,ICSE / ISC,Day,Co-ed.,true,19.19659,73.084293,https://www.guardianschool.in,https://locate.cisce.org/,2026-08-25
MA134,V. P. M.'s International School,"Airoli, Mumbai City, Maharashtra, 400 708, India",Airoli,Mumbai City,Maharashtra,400708,board,ICSE,Day/Boarding,Co-ed.,true,19.158839,72.9931698,https://vpminternationalschool.com,https://locate.cisce.org/,2026-08-25
MA135,Podar International School,"Navi Mumbai, Mumbai City, Maharashtra, 400 706, India",Navi Mumbai,Mumbai City,Maharashtra,400706,board,ICSE / ISC,Day,Co-ed.,true,19.0119604,73.036701,https://www.podareducation.org,https://locate.cisce.org/,2026-08-25
MA136,Vidya Vikasini School,"Vasai (E), Palghar, Maharashtra, 401 208, India",Vasai (E),Palghar,Maharashtra,401208,board,ICSE,Day,Co-ed.,true,19.4093738,72.858652,https://www.vidyavikasinischool.com,https://locate.cisce.org/,2026-08-25
MA137,Presentation Convent School,"Nerul, Mumbai City, Maharashtra, 400 706, India",Nerul,Mumbai City,Maharashtra,400706,board,ICSE / ISC,Day,Co-ed.,true,19.019572,73.024182,https://www.pcsnerul.org,https://locate.cisce.org/,2026-08-25
MA138,St. Francis School,"Mumbai, Mumbai City, Maharashtra, 400 103, India",Mumbai,Mumbai City,Maharashtra,400103,board,ICSE,Day,Co-ed.,true,19.2432969,72.8526557,https://www.sfsborivali.com,https://locate.cisce.org/,2026-08-25
MA139,A.P. International School,"Mira Road (E), Thane, Thane, Maharashtra, 401 104, India","Mira Road (E), Thane",Thane,Maharashtra,401104,board,ICSE,Day,Co-ed.,true,19.2708043,72.8786136,,https://locate.cisce.org/,2026-08-25
MA141,N E S National Public School,"Mulund (W), Mumbai City, Maharashtra, 400 082, India",Mulund (W),Mumbai City,Maharashtra,400082,board,ICSE,Day,Co-ed.,true,19.1790892,72.9381496,,https://locate.cisce.org/,2026-08-25
MA142,Children's Academy,"Kandivali (East), Mumbai City, Maharashtra, 400 101, India",Kandivali (East),Mumbai City,Maharashtra,400101,board,ICSE,Day,Co-ed.,true,19.211611,72.8685957,https://childrens-academy.co.in,https://locate.cisce.org/,2026-08-25
MA143,Children's Academy,"Kandivali (East), Mumbai City, Maharashtra, 400 101, India",Kandivali (East),Mumbai City,Maharashtra,400101,board,ICSE,Day,Co-ed.,true,19.1994926,72.8584872,https://www.childrens-academy.in,https://locate.cisce.org/,2026-08-25
MA144,Horizon Academy,"Gangapur Road, Nashik, Maharashtra, 422 013, India",Gangapur Road,Nashik,Maharashtra,422013,board,ICSE / ISC,Day,Co-ed.,true,20.0154384,73.7669747,https://www.horizonacademy.in,https://locate.cisce.org/,2026-08-25
MA145,My Rich Dad's Academy,"Mantha Bypass, Jalna, Maharashtra, 431 203, India",Mantha Bypass,Jalna,Maharashtra,431203,board,ICSE / ISC,Day,Co-ed.,true,18.4713196,73.8544034,https://mrda.in,https://locate.cisce.org/,2026-08-25
MA146,Sharada Gyanpeeth International School,"Mumbai, Mumbai City, Maharashtra, 400 097, India",Mumbai,Mumbai City,Maharashtra,400097,board,ICSE / ISC,Day,Co-ed.,true,19.1913157,72.8541341,https://www.sharadagyanpeeth.com,https://locate.cisce.org/,2026-08-25
MA147,Tomoae Primary English Medium School,"P.O. Rahatgaon, Amravati, Maharashtra, 444 602, India",P.O. Rahatgaon,Amravati,Maharashtra,444602,board,ICSE / ISC,Day,Co-ed.,true,20.9662058,77.7866875,https://www.tomoaeschool.org,https://locate.cisce.org/,2026-08-25
MA148,Children's Academy,"Malad (East), Mumbai City, Maharashtra, 400097, India",Malad (East),Mumbai City,Maharashtra,400097,board,ICSE,Day,Co-ed.,true,19.1859165,72.8543834,https://www.childrens-academy.in,https://locate.cisce.org/,2026-08-25
MA149,Sadhu Vaswani International School,"Navi Mumbai, Mumbai City, Maharashtra, 400 705, India",Navi Mumbai,Mumbai City,Maharashtra,400705,board,ICSE / ISC,Day,Co-ed.,true,19.061701,73.0051809,https://www.svisnavimumbai.edu.in,https://locate.cisce.org/,2026-08-25
MA150,St. John's High School,"Borivali (E), Mumbai City, Maharashtra, 400 066, India",Borivali (E),Mumbai City,Maharashtra,400066,board,ICSE,Day,Co-ed.,true,19.217198,72.8702172,https://www.sfetedu.com,https://locate.cisce.org/,2026-08-25
MA151,North Point School,"Deopur, Dhule, Maharashtra, 424 001, India",Deopur,Dhule,Maharashtra,424001,board,ICSE / ISC,Day,Co-ed.,true,21.2205541,79.0794459,https://www.northpointschooldhule.com,https://locate.cisce.org/,2026-08-25
MA152,Ryewood International School,"Taluk Maval, Pune, Maharashtra, 410 401, India",Taluk Maval,Pune,Maharashtra,410401,board,ICSE,Day,Co-ed.,true,18.7492559,73.4024505,https://www.alyshtrust.org,https://locate.cisce.org/,2026-08-25
MA153,Universal High School,"Thane (West), Thane, Maharashtra, 400 607, India",Thane (West),Thane,Maharashtra,400607,board,ICSE / ISC,Day,Co-ed.,true,19.2589535,72.9862853,https://thane.universalhigh.edu.in,https://locate.cisce.org/,2026-08-25
MA154,Podar International School,"Kalyan West, Thane, Maharashtra, 421 301, India",Kalyan West,Thane,Maharashtra,421301,board,ICSE,Day,Co-ed.,true,19.2600818,73.128522,https://www.podareducation.org/school/kalyanicse,https://locate.cisce.org/,2026-08-25
MA155,Universal High School,"Mumbai, Mumbai City, Maharashtra, 400 068, India",Mumbai,Mumbai City,Maharashtra,400068,board,ICSE / ISC,Day,Co-ed.,true,19.241407,72.8678458,http://dahisar.universalhigh.edu.in/,https://locate.cisce.org/,2026-08-25
MA156,Parle Tilak Vidyalaya,"Vile Parle (East), Mumbai City, Maharashtra, 400 057, India",Vile Parle (East),Mumbai City,Maharashtra,400057,board,ICSE,Day,Co-ed.,true,19.103674,72.846473,https://www.parletilakicse.com,https://locate.cisce.org/,2026-08-25
MA157,Pawar Public School,"Kandivali (W), Mumbai City, Maharashtra, 400 067, India",Kandivali (W),Mumbai City,Maharashtra,400067,board,ICSE,Day,Co-ed.,true,19.2171799,72.8480319,https://www.ppskandivali.com,https://locate.cisce.org/,2026-08-25
MA158,Marie Poussepin's Academy,"NAGPUR, Nagpur, Maharashtra, 440026, India",NAGPUR,Nagpur,Maharashtra,440026,board,ICSE,Day,Co-ed.,true,21.1939523,79.1308724,https://www.mariepoussepinacademy.edu.in,https://locate.cisce.org/,2026-08-25
MA159,Goldcrest High,"Navi Mumbai, Mumbai City, Maharashtra, 400 703, India",Navi Mumbai,Mumbai City,Maharashtra,400703,board,ICSE / ISC,Day,Co-ed.,true,19.088371,73.006352,https://www.goldcresthigh.com,https://locate.cisce.org/,2026-08-25
MA160,Sri Sri Ravishankar Vidya Mandir,"Mulund (West), Mumbai City, Maharashtra, 400 080, India",Mulund (West),Mumbai City,Maharashtra,400080,board,ICSE,Day,Co-ed.,true,19.16572,72.9461453,,https://locate.cisce.org/,2026-08-25
MA161,Diamond Jubilee High School,"Mazagaon, Mumbai City, Maharashtra, 400 010, India",Mazagaon,Mumbai City,Maharashtra,400010,board,ICSE,Day,Co-ed.,true,18.9690059,72.8368793,https://www.agakhanschools.org,https://locate.cisce.org/,2026-08-25
MA162,Santhome School,"Ankali, Sangli, Maharashtra, 416 416, India",Ankali,Sangli,Maharashtra,416416,board,ICSE,Day,Co-ed.,true,16.8432685,74.5635185,https://www.santhomeschoolsangli.org,https://locate.cisce.org/,2026-08-25
MA163,Dnyan Ganga Education Trust's International School,"Thane (West), Thane, Maharashtra, 400 601, India",Thane (West),Thane,Maharashtra,400601,board,ICSE / ISC,Day,Co-ed.,true,19.2624342,72.9599762,https://www.dginternationalschool.in,https://locate.cisce.org/,2026-08-25
MA164,St. Joseph's Convent School,"RAIGAD, Raigad, Maharashtra, 410 206, India",RAIGAD,Raigad,Maharashtra,410206,board,ICSE / ISC,Day,Co-ed.,true,18.8998663,73.2164175,,https://locate.cisce.org/,2026-08-25
MA165,St. Thomas English Medium School,"Bijapur Road, Solapur, Maharashtra, 413 001, India",Bijapur Road,Solapur,Maharashtra,413001,board,ICSE / ISC,Day,Co-ed.,true,17.6321186,75.896455,https://www.saintthomassolapur.org,https://locate.cisce.org/,2026-08-25
MA166,Vidya International School,"NASHIK, Nashik, Maharashtra, 423 401, India",NASHIK,Nashik,Maharashtra,423401,board,ICSE / ISC,Day/Boarding,Co-ed.,true,20.078612,74.467371,https://www.vesyeola.com,https://locate.cisce.org/,2026-08-25
MA167,Orion School,"Vile Parle (East), Mumbai City, Maharashtra, 400 057, India",Vile Parle (East),Mumbai City,Maharashtra,400057,board,ICSE,Day,Co-ed.,true,19.0963781,72.8563994,,https://locate.cisce.org/,2026-08-25
MA168,Ashoka Universal School,"NASHIK, Nashik, Maharashtra, 422 013, India",NASHIK,Nashik,Maharashtra,422013,board,ICSE,Day,Co-ed.,true,20.0173163,73.7347561,https://www.ashokaschools.org,https://locate.cisce.org/,2026-08-25
MA169,Wisdom World School,"Wakad, Pune, Maharashtra, 411 057, India",Wakad,Pune,Maharashtra,411057,board,ICSE,Day,Co-ed.,true,18.5958781,73.7768215,https://WWW.WISDOMWORLDSCHOOL.IN,https://locate.cisce.org/,2026-08-25
MA170,Pawar Public School,"Chandivali, Mumbai City, Maharashtra, 400 072, India",Chandivali,Mumbai City,Maharashtra,400072,board,ICSE,Day,Co-ed.,true,19.1083965,72.9026029,https://www.ppschandivali.com,https://locate.cisce.org/,2026-08-25
MA171,Goldcrest High,"Barshi Road, Latur, Maharashtra, 413 531, India",Barshi Road,Latur,Maharashtra,413531,board,ICSE / ISC,Day,Co-ed.,true,18.4048658,76.5239319,https://www.goldcresthigh.com,https://locate.cisce.org/,2026-08-25
MA172,Akshara High School,"Mumbai, Mumbai City, Maharashtra, 400 067, India",Mumbai,Mumbai City,Maharashtra,400067,board,ICSE,Day,Co-ed.,true,19.2180161,72.8185904,https://www.aksharaschool.org,https://locate.cisce.org/,2026-08-25
MA173,Universal High School,"Malad (East), Mumbai City, Maharashtra, 400 097, India",Malad (East),Mumbai City,Maharashtra,400097,board,ICSE,Day,Co-ed.,true,19.1884989,72.8535749,,https://locate.cisce.org/,2026-08-25
MA174,Kohinoor International School,"Kurla (West), Mumbai City, Maharashtra, 400 070, India",Kurla (West),Mumbai City,Maharashtra,400070,board,ICSE,Day,Co-ed.,true,19.0812505,72.8851009,https://www.kohinoorschool.ac.in,https://locate.cisce.org/,2026-08-25
MA175,Lodha World School,"Eastern Express Highway, Thane, Maharashtra, 400 606, India",Eastern Express Highway,Thane,Maharashtra,400606,board,ICSE / ISC,Day,Co-ed.,true,19.195511,72.9624356,https://www.lodhaworldschool.com/,https://locate.cisce.org/,2026-08-25
MA176,Pratima Palande School,"PUNE, Pune, Maharashtra, 412 208, India",PUNE,Pune,Maharashtra,412208,board,ICSE,Day,Co-ed.,true,18.6958734,74.1392042,,https://locate.cisce.org/,2026-08-25
MA177,Abhinav Vidyalay,"Dombivli (East), Thane, Maharashtra, 421 203, India",Dombivli (East),Thane,Maharashtra,421203,board,ICSE,Day,Co-ed.,true,19.2061269,73.0987221,,https://locate.cisce.org/,2026-08-25
MA178,U.s. Ostwal English Academy,"THANE, Thane, Maharashtra, 401 107, India",THANE,Thane,Maharashtra,401107,board,ICSE / ISC,Day,Co-ed.,true,19.2837485,72.8798994,https://www.miraroad.usoes.org,https://locate.cisce.org/,2026-08-25
MA179,Rosary School,"PUNE, Pune, Maharashtra, 411 001, India",PUNE,Pune,Maharashtra,411001,board,ICSE,Day,Co-ed.,true,18.5192607,73.8733976,,https://locate.cisce.org/,2026-08-25
MA180,Rosary School,"PUNE, Pune, Maharashtra, 411 052, India",PUNE,Pune,Maharashtra,411052,board,ICSE,Day,Co-ed.,true,18.476998,73.8072092,,https://locate.cisce.org/,2026-08-25
MA181,Royaal World School,"PUNE, Pune, Maharashtra, 411 017, India",PUNE,Pune,Maharashtra,411017,board,ICSE,Day,Co-ed.,true,18.6166537,73.7990264,,https://locate.cisce.org/,2026-08-25
MA182,J B C N International School,"Mumbai, Mumbai City, Maharashtra, 400103, India",Mumbai,Mumbai City,Maharashtra,400103,board,ICSE,Day,Co-ed.,true,19.2476212,72.8539756,http://www.jbcnschool.edu.in/borivali/,https://locate.cisce.org/,2026-08-25
MA183,Euroschool Airoli,"Navi Mumbai, Mumbai City, Maharashtra, 400708, India",Navi Mumbai,Mumbai City,Maharashtra,400708,board,ICSE / ISC,Day,Co-ed.,true,19.156532,72.993692,https://www.euroschoolindia.com,https://locate.cisce.org/,2026-08-25
MA184,Good Shepherd School,"Manmad, Nashik, Maharashtra, 423 104, India",Manmad,Nashik,Maharashtra,423104,board,ICSE,Day,Co-ed.,true,20.2606546,74.4394646,,https://locate.cisce.org/,2026-08-25
MA185,Blue Ridge Public School,"Pune, Pune, Maharashtra, 411057, India",Pune,Pune,Maharashtra,411057,board,ICSE / ISC,Day,Co-ed.,true,18.593619,73.732529,https://www.blueridgepublicschool.com,https://locate.cisce.org/,2026-08-25
MA186,Ryan International School,"Mumbai, Mumbai City, Maharashtra, 400074, India",Mumbai,Mumbai City,Maharashtra,400074,board,ICSE,Day,Co-ed.,true,19.0373165,72.8949149,https://www.ryaninternational.org/rischemburicse/,https://locate.cisce.org/,2026-08-25
MA187,Vibgyor High,"Balewadi, Pune, Maharashtra, 411045, India",Balewadi,Pune,Maharashtra,411045,board,ICSE / ISC,Day,Co-ed.,true,18.577109,73.7628901,https://www.vibgyorhigh.com,https://locate.cisce.org/,2026-08-25
MA188,NSM School,"Mumbai, Mumbai City, Maharashtra, 400057, India",Mumbai,Mumbai City,Maharashtra,400057,board,ICSE,Day,Co-ed.,true,19.1057732,72.8404914,https://www.nsmschool.org.in,https://locate.cisce.org/,2026-08-25
MA190,Vibgyor High,"Mumbai, Mumbai Suburban, Maharashtra, 400 063, India",Mumbai,Mumbai Suburban,Maharashtra,400063,board,ICSE / ISC,Day,Co-ed.,true,19.1763219,72.8606981,https://www.vibgyorhigh.com,https://locate.cisce.org/,2026-08-25
MA191,Jasnagra Public School,"AKOLA, Akola, Maharashtra, 444302, India",AKOLA,Akola,Maharashtra,444302,board,ICSE,Day,Co-ed.,true,20.6921114,76.9486636,,https://locate.cisce.org/,2026-08-25
MA192,Anchorwala Education Academy,"Navi Mumbai, Thane, Maharashtra, 400703, India",Navi Mumbai,Thane,Maharashtra,400703,board,ICSE,Day,Co-ed.,true,19.0839185,73.0055726,https://www.aeaschoolvashi.edu.in,https://locate.cisce.org/,2026-08-25
MA193,Ramniwas Bajaj English High School,"Mumbai, Mumbai City, Maharashtra, 400064, India",Mumbai,Mumbai City,Maharashtra,400064,board,ICSE,Day,Co-ed.,true,19.184835,72.8467437,https://www.rbhs.org.in,https://locate.cisce.org/,2026-08-25
MA194,Christ Academy,"Navi Mumbai, Thane, Maharashtra, 400709, India",Navi Mumbai,Thane,Maharashtra,400709,board,ICSE / ISC,Day,Co-ed.,true,19.0981892,72.9973794,https://www.christacademy.co.in,https://locate.cisce.org/,2026-08-25
MA195,Hutchings School,"PUNE, Pune, Maharashtra, 410507, India",PUNE,Pune,Maharashtra,410507,board,ICSE,Day,Co-ed.,true,18.6246777,73.8041758,,https://locate.cisce.org/,2026-08-25
MA196,Dr. Mar Theophilus School,"Pune, Pune, Maharashtra, 411015, India",Pune,Pune,Maharashtra,411015,board,ICSE,Day,Co-ed.,true,18.6019609,73.9053022,https://www.martheophilusschool.org,https://locate.cisce.org/,2026-08-25
MA197,Vianney Vidya Niketan,"GADCHIROLI, Gadchiroli, Maharashtra, 442605, India",GADCHIROLI,Gadchiroli,Maharashtra,442605,board,ICSE,Day,Co-ed.,true,20.164557,79.9749434,https://www.vianneygadchiroli.com,https://locate.cisce.org/,2026-08-25
MA198,Indian Education Society's Manik Vidyamandir,"Mumbai, Mumbai Suburban, Maharashtra, 400050, India",Mumbai,Mumbai Suburban,Maharashtra,400050,board,ICSE,Day,Co-ed.,true,19.052489,72.8345596,https://www.ies.edu/mvm/,https://locate.cisce.org/,2026-08-25
MA199,St. Antony National School,"Wardha, Wardha, Maharashtra, 442001, India",Wardha,Wardha,Maharashtra,442001,board,ICSE,Day,Co-ed.,true,20.7426802,78.6063872,https://www.stantonyicsewardha.in,https://locate.cisce.org/,2026-08-25
MA200,Lodha World School,"Mumbai, Thane, Maharashtra, 421204, India",Mumbai,Thane,Maharashtra,421204,board,ICSE / ISC,Day,Co-ed.,true,19.1557059,73.0644625,https://www.lodhaworldschoolpalava.com,https://locate.cisce.org/,2026-08-25
MA201,St. Mary's High School,"Mumbai, Mumbai Suburban, Maharashtra, 400053, India",Mumbai,Mumbai Suburban,Maharashtra,400053,board,ICSE,Day,Co-ed.,true,19.1351908,72.8224654,https://www.stmarysandheri.org,https://locate.cisce.org/,2026-08-25
MA202,G S Shetty International School,"Mumbai, Mumbai Suburban, Maharashtra, 400078, India",Mumbai,Mumbai Suburban,Maharashtra,400078,board,ICSE / ISC,Day,Co-ed.,true,19.1502222,72.9397844,https://www.gsinternationalschool.com,https://locate.cisce.org/,2026-08-25
MA203,Shree Chandulal Nanavati Vinaymandir,"Mumbai, Mumbai Suburban, Maharashtra, 400056, India",Mumbai,Mumbai Suburban,Maharashtra,400056,board,ICSE / ISC,Day,Co-ed.,true,19.0998906,72.8436838,https://www.nanavatischool.org,https://locate.cisce.org/,2026-08-25
MA204,Ryan International School,"Bavdhan, Pune, Maharashtra, 411 021, India",Bavdhan,Pune,Maharashtra,411021,board,ICSE / ISC,Day,Co-ed.,true,18.513463,73.7698579,https://www.ryangroup.org,https://locate.cisce.org/,2026-08-25
MA205,EuroSchool,"Thane, Thane, Maharashtra, 400 607, India",Thane,Thane,Maharashtra,400607,board,ICSE / ISC,Day,Co-ed.,true,19.2679379,72.9711542,https://www.euroschoolindia.com,https://locate.cisce.org/,2026-08-25
MA206,Shri Bhaidas Dharsibhai Bhuta High School,"Mumbai, Mumbai Suburban, Maharashtra, 400057, India",Mumbai,Mumbai Suburban,Maharashtra,400057,board,ICSE,Day,Co-ed.,true,19.1085158,72.8485322,https://BhutaSchool.edu.in,https://locate.cisce.org/,2026-08-25
MA207,Caelum High School,"Pune, Pune, Maharashtra, 411028, India",Pune,Pune,Maharashtra,411028,board,ICSE / ISC,Day,Co-ed.,true,18.4620089,73.918741,https://www.caelumhighschool.org,https://locate.cisce.org/,2026-08-25
MA208,Pawar Public School,"Dombivali East, Thane, Maharashtra, 421204, India",Dombivali East,Thane,Maharashtra,421204,board,ICSE / ISC,Day,Co-ed.,true,19.1864953,73.0915674,https://www.ppsdombivali.com,https://locate.cisce.org/,2026-08-25
MA209,Oxford International School,"Mumbai, Mumbai Suburban, Maharashtra, 400101, India",Mumbai,Mumbai Suburban,Maharashtra,400101,board,ICSE,Day,Co-ed.,true,19.2108314,72.874741,https://www.oxfordi.org.in,https://locate.cisce.org/,2026-08-25
MA210,Colonel Parab's School - A Gurukul,"Ahmednagar, Ahmednagar, Maharashtra, 414001, India",Ahmednagar,Ahmednagar,Maharashtra,414001,board,ICSE,Day/Boarding,Co-ed.,true,19.0914655,74.734655,,https://locate.cisce.org/,2026-08-25
MA211,M S B Educational Institute,"PUNE, Pune, Maharashtra, 411048, India",PUNE,Pune,Maharashtra,411048,board,ICSE,Day/Boarding,Co-ed.,true,18.4507559,73.9161061,https://www.msbpune.com,https://locate.cisce.org/,2026-08-25
MA212,Euro School,"PUNE, Pune, Maharashtra, 411060, India",PUNE,Pune,Maharashtra,411060,board,ICSE / ISC,Day,Co-ed.,true,18.4734824,73.9239079,https://www.es10.euroschoolindia.com,https://locate.cisce.org/,2026-08-25
MA213,St. Xaviers English Medium School,"VASAI, Thane, Maharashtra, 401202, India",VASAI,Thane,Maharashtra,401202,board,ICSE,Day,Co-ed.,true,19.3788688,72.8279512,https://www. stxaviersvasai.com,https://locate.cisce.org/,2026-08-25
MA214,Progressive International School,"Gondia, Gondia, Maharashtra, 441601, India",Gondia,Gondia,Maharashtra,441601,board,ICSE,Day,Co-ed.,true,21.4355545,80.2172662,https://www.progressiveinternationschool.org,https://locate.cisce.org/,2026-08-25
MA215,Tree House High School,"Pune, Pune, Maharashtra, 411052, India",Pune,Pune,Maharashtra,411052,board,ICSE,Day,Co-ed.,true,18.4840046,73.813675,https://www.treehousehighschool.com,https://locate.cisce.org/,2026-08-25
MA216,Indian Education Society Orion,"Mumbai, Mumbai City, Maharashtra, 400014, India",Mumbai,Mumbai City,Maharashtra,400014,board,ICSE,Day,Co-ed.,true,19.0219258,72.8482238,http://www.ies.edu/orion,https://locate.cisce.org/,2026-08-25
MA217,Seven Eleven Scholastic School,"Mumbai, Thane, Maharashtra, 401107, India",Mumbai,Thane,Maharashtra,401107,board,ICSE,Day,Co-ed.,true,19.2967041,72.8751494,https://www.711scholasticschool.com,https://locate.cisce.org/,2026-08-25
MA218,R. J. International,"Aurangabad, Chhatrapati Sambhaji Nagar, Maharashtra, 431005, India",Aurangabad,Chhatrapati Sambhaji Nagar,Maharashtra,431005,board,ICSE,Day,Co-ed.,true,19.8505694,75.3576909,https://www.rjschool.org,https://locate.cisce.org/,2026-08-25
MA219,NEW HORIZON WORLD ACADEMY,"Kalyan, Thane, Maharashtra, 421301, India",Kalyan,Thane,Maharashtra,421301,board,ICSE,Day,Co-ed.,true,19.25516,73.141366,https://www.treehousekalyansvss.com,https://locate.cisce.org/,2026-08-25
MA220,Shree Mumbadevi Vidya Mandir,"Mumbai, Mumbai Suburban, Maharashtra, 400052, India",Mumbai,Mumbai Suburban,Maharashtra,400052,board,ICSE / ISC,Day,Co-ed.,true,19.0723475,72.8380068,https://www.smvm.kes.edu.in,https://locate.cisce.org/,2026-08-25
MA221,Vibgyor High School,"Pune, Pune, Maharashtra, 411013, India",Pune,Pune,Maharashtra,411013,board,ICSE / ISC,Day,Co-ed.,true,18.5184738,73.9187173,https://www.vibgyorhigh.com,https://locate.cisce.org/,2026-08-25
MA222,Rassaz International School,"Mira Road, Thane, Maharashtra, 401107, India",Mira Road,Thane,Maharashtra,401107,board,ICSE,Day,Co-ed.,true,19.1918831,72.8320458,https://www.rassazschool.com,https://locate.cisce.org/,2026-08-25
MA223,Wisdom World School,"Pune, Pune, Maharashtra, 411028, India",Pune,Pune,Maharashtra,411028,board,ICSE,Day,Co-ed.,true,18.4792008,73.9524851,http://www.wisdomworldschool.in,https://locate.cisce.org/,2026-08-25
MA224,Vidya Pratishthan's Nanded City Public School,"Outskirts of Pune, Pune, Maharashtra, 411041, India",Outskirts of Pune,Pune,Maharashtra,411041,board,ICSE,Day,Co-ed.,true,18.4517888,73.797199,https://www.vpncps.org,https://locate.cisce.org/,2026-08-25
MA225,Swami Vivekanand International School,"Mumbai, Mumbai Suburban, Maharashtra, 400091, India",Mumbai,Mumbai Suburban,Maharashtra,400091,board,ICSE,Day,Co-ed.,true,19.2252165,72.8344494,https://www.svischool.com,https://locate.cisce.org/,2026-08-25
MA226,Swami Vivekanand International School And Junior College,"Mumbai, Mumbai City, Maharashtra, 400067, India",Mumbai,Mumbai City,Maharashtra,400067,board,ICSE,Day,Co-ed.,true,19.2059255,72.8499955,https://www.svischool.com,https://locate.cisce.org/,2026-08-25
MA227,Friends Academy,"Mumbai, Mumbai Suburban, Maharashtra, 400080, India",Mumbai,Mumbai Suburban,Maharashtra,400080,board,ICSE,Day,Co-ed.,true,19.168009,72.939479,https://www.friendsacademy.in,https://locate.cisce.org/,2026-08-25
MA228,Daffodils High Public School,"Mumbai, Mumbai Suburban, Maharashtra, 400078, India",Mumbai,Mumbai Suburban,Maharashtra,400078,board,ICSE,Day,Co-ed.,true,19.147682,72.9295545,https://www.daffodilshigh.com,https://locate.cisce.org/,2026-08-25
MA229,D Y Patil International School,"PUNE, Pune, Maharashtra, 412105, India",PUNE,Pune,Maharashtra,412105,board,ICSE,Day,Co-ed.,true,18.6564404,73.8999746,https://www.dypispune.in,https://locate.cisce.org/,2026-08-25
MA230,Sir J. P. International School,"PALGHAR, Palghar, Maharashtra, 401404, India",PALGHAR,Palghar,Maharashtra,401404,board,ICSE,Day,Co-ed.,true,19.6931933,72.7632929,https://www.sirjpgi.com,https://locate.cisce.org/,2026-08-25
MA231,Euro School,"Pune, Pune, Maharashtra, 411057, India",Pune,Pune,Maharashtra,411057,board,ICSE / ISC,Day,Co-ed.,true,18.6142654,73.7750746,http://www.es11.euroschoolindia.com,https://locate.cisce.org/,2026-08-25
MA232,Dr. Yashavantrao Dode World School,"MULUND EAST, Mumbai Suburban, Maharashtra, 400081, India",MULUND EAST,Mumbai Suburban,Maharashtra,400081,board,ICSE,Day,Co-ed.,true,19.1681804,72.9644121,https://dydworldschool.com,https://locate.cisce.org/,2026-08-25
MA233,Carmel Academy,"Chandrapur, Chandrapur, Maharashtra, 442401, India",Chandrapur,Chandrapur,Maharashtra,442401,board,ICSE,Day,Co-ed.,true,19.9628594,79.2758071,,https://locate.cisce.org/,2026-08-25
MA234,The World School,"Bhusawal, Jalgaon, Maharashtra, 425201, India",Bhusawal,Jalgaon,Maharashtra,425201,board,ICSE,Day/Boarding,Co-ed.,true,21.0282317,75.7864762,https://www.kolteworldschool.com,https://locate.cisce.org/,2026-08-25
MA235,C. P. Goenka International School,"THANE, Thane, Maharashtra, 400607, India",THANE,Thane,Maharashtra,400607,board,ICSE / ISC,Day,Co-ed.,true,19.2169375,72.9797656,https://www.cpgoenkathane.com,https://locate.cisce.org/,2026-08-25
MA236,The Green Acres Academy,"Mumbai, Mumbai City, Maharashtra, 400071, India",Mumbai,Mumbai City,Maharashtra,400071,board,ICSE / ISC,Day,Co-ed.,true,19.0509174,72.8936426,https://www.tgaa.in,https://locate.cisce.org/,2026-08-25
MA237,Abhay International School,"Mumbai, Mumbai City, Maharashtra, 400083, India",Mumbai,Mumbai City,Maharashtra,400083,board,ICSE,Day,Co-ed.,true,19.1161007,72.9394127,https://www.abhayinternationalschool.com,https://locate.cisce.org/,2026-08-25
MA238,Dosti Foundation School,"THANE, Thane, Maharashtra, 400612, India",THANE,Thane,Maharashtra,400612,board,ICSE / ISC,Day,Co-ed.,true,19.1535699,73.035889,https://www.dfsthane.com,https://locate.cisce.org/,2026-08-25
MA239,St. Anne's High School,"Mumbai, Mumbai City, Maharashtra, 400001, India",Mumbai,Mumbai City,Maharashtra,400001,board,ICSE,Day,Girls,true,18.9258482,72.8301825,http://www.stannesfort.com,https://locate.cisce.org/,2026-08-25
MA240,Ashwini International School,"Pimpri Chinchwad, Pune, Maharashtra, 411033, India",Pimpri Chinchwad,Pune,Maharashtra,411033,board,ICSE,Day,Co-ed.,true,18.609954,73.7500835,https://www.ashwiniinternationalschool.com,https://locate.cisce.org/,2026-08-25
MA241,St. Xavier's International School,"Kalyan, Thane, Maharashtra, 421301, India",Kalyan,Thane,Maharashtra,421301,board,ICSE,Day,Co-ed.,true,19.2595342,73.1295478,https://stxaviersinternationalschool.co.in,https://locate.cisce.org/,2026-08-25
MA242,Cresmonde World School Andheri,"Mumbai, Mumbai Suburban, Maharashtra, 400 053, India",Mumbai,Mumbai Suburban,Maharashtra,400053,board,ICSE,Day,Co-ed.,true,19.1283004,72.8326204,https://www.bhisandheri.com,https://locate.cisce.org/,2026-08-25
MA243,Kent Valley International School,"Kalyan, Thane, Maharashtra, 421605, India",Kalyan,Thane,Maharashtra,421605,board,ICSE,Day,Co-ed.,true,19.2958653,73.2036821,,https://locate.cisce.org/,2026-08-25
MA244,The Academy School,"Pune, Pune, Maharashtra, 411033, India",Pune,Pune,Maharashtra,411033,board,ICSE,Day,Co-ed.,true,18.604276,73.7510007,https://www.tas.edu.in,https://locate.cisce.org/,2026-08-25
MA245,Aspee Nutan Academy,"Mumbai, Mumbai Suburban, Maharashtra, 400064, India",Mumbai,Mumbai Suburban,Maharashtra,400064,board,ICSE,Day,Co-ed.,true,19.1959489,72.8228515,https://www.aspeenutanacademy.org,https://locate.cisce.org/,2026-08-25
MA246,Witty International School,"Mumbai, Mumbai Suburban, Maharashtra, 400064, India",Mumbai,Mumbai Suburban,Maharashtra,400064,board,ICSE / ISC,Day,Co-ed.,true,19.1764686,72.8457846,https://www.wittykidsindia.com,https://locate.cisce.org/,2026-08-25
MA247,Eden International School,"PUNE, Pune, Maharashtra, 410506, India",PUNE,Pune,Maharashtra,410506,board,ICSE / ISC,Day,Co-ed.,true,18.776596,73.7557764,https://www.edeninternational.school,https://locate.cisce.org/,2026-08-25
MA248,Rahul International School,"NALLASOPARA WEST, Palghar, Maharashtra, 401203, India",NALLASOPARA WEST,Palghar,Maharashtra,401203,board,ICSE / ISC,Day,Co-ed.,true,19.4233547,72.8074257,https://www.ris.education/campuses/mumbai/shreeprastha-nallasopara-icse/,https://locate.cisce.org/,2026-08-25
MA249,G C C International School,"Thane, Thane, Maharashtra, 401107, India",Thane,Thane,Maharashtra,401107,board,ICSE,Day,Co-ed.,true,19.2729264,72.8641481,https://www.gccinternationalschool.com,https://locate.cisce.org/,2026-08-25
MA250,Kaveri International School,"Pune, Pune, Maharashtra, 411047, India",Pune,Pune,Maharashtra,411047,board,ICSE,Day,Co-ed.,true,18.5995132,73.925761,https://www.kaveri.edu.in/kisl,https://locate.cisce.org/,2026-08-25
MA251,Bombay Presidency International School,"Mumbai, Mumbai Suburban, Maharashtra, 400081, India",Mumbai,Mumbai Suburban,Maharashtra,400081,board,ICSE,Day,Co-ed.,true,19.1672268,72.9573895,https://www.bpismumbai.com,https://locate.cisce.org/,2026-08-25
MA252,Sanjeevani World School,"Mumbai, Mumbai Suburban, Maharashtra, 400068, India",Mumbai,Mumbai Suburban,Maharashtra,400068,board,ICSE / ISC,Day,Co-ed.,true,19.2533331,72.8716448,https://sanjeevaniworldschool.com,https://locate.cisce.org/,2026-08-25
MA253,The J. B. Vachha High School For Parsi Girls,"Mumbai, Mumbai City, Maharashtra, 400 014, India",Mumbai,Mumbai City,Maharashtra,400014,board,ICSE,Day,Girls,true,19.0188485,72.8516915,https://www.jbvachha.org,https://locate.cisce.org/,2026-08-25
MA254,Pearl Drop School,"Pune, Pune, Maharashtra, 411048, India",Pune,Pune,Maharashtra,411048,board,ICSE / ISC,Day,Co-ed.,true,18.477999,73.8910638,https://www.pearldropschool.com,https://locate.cisce.org/,2026-08-25
MA255,Vibgyor High School,"Navi Mumbai, Raigad, Maharashtra, 410210, India",Navi Mumbai,Raigad,Maharashtra,410210,board,ICSE / ISC,Day,Co-ed.,true,19.072294,73.0739959,,https://locate.cisce.org/,2026-08-25
MA256,Savitri International School,"PADEL, Sindhudurg, Maharashtra, 416804, India",PADEL,Sindhudurg,Maharashtra,416804,board,ICSE,Day,Co-ed.,true,16.472107,73.3759354,https://www.savitrifoundation.co.in,https://locate.cisce.org/,2026-08-25
MA257,Vasant Vihar High School & Junior College,"Thane, Thane, Maharashtra, 400 610, India",Thane,Thane,Maharashtra,400610,board,ICSE / ISC,Day,Co-ed.,true,19.2228737,72.9617804,,https://locate.cisce.org/,2026-08-25
MA259,Judson High School,"Pune, Pune, Maharashtra, 411044, India",Pune,Pune,Maharashtra,411044,board,ICSE,Day,Co-ed.,true,18.647123,73.7735262,https://www.judsonschool.in,https://locate.cisce.org/,2026-08-25
MA260,Mount Litera School,"Wakad, Pune, Maharashtra, 411057, India",Wakad,Pune,Maharashtra,411057,board,ICSE / ISC,Day,Co-ed.,true,18.5992598,73.7700505,https://www.mountliterawakad.com,https://locate.cisce.org/,2026-08-25
MA261,Gundecha Education Academy,"Mumbai, Mumbai Suburban, Maharashtra, 400053, India",Mumbai,Mumbai Suburban,Maharashtra,400053,board,ICSE / ISC,Day,Co-ed.,true,19.1365413,72.8350295,http://gundechaedu.org/Gundecha_Oshiwara/,https://locate.cisce.org/,2026-08-25
MA262,Educon International School,"Pune, Pune, Maharashtra, 411045, India",Pune,Pune,Maharashtra,411045,board,ICSE / ISC,Day,Co-ed.,true,18.5696104,73.7627983,https://www.educoninternationalschool.com,https://locate.cisce.org/,2026-08-25
MA263,Vibgyor High School,"Pune, Pune, Maharashtra, 411006, India",Pune,Pune,Maharashtra,411006,board,ICSE / ISC,Day,Co-ed.,true,18.5596548,73.8846707,https://www.vibgyorhigh.com,https://locate.cisce.org/,2026-08-25
MA264,The Shri Ram Universal School,"Dombivli, Thane, Maharashtra, 421204, India",Dombivli,Thane,Maharashtra,421204,board,ICSE / ISC,Day,Co-ed.,true,19.1336052,73.1233304,https://www.tsuspalava.com,https://locate.cisce.org/,2026-08-25
MA265,Witty International School,"Mumbai, Mumbai Suburban, Maharashtra, 400092, India",Mumbai,Mumbai Suburban,Maharashtra,400092,board,ICSE / ISC,Day,Co-ed.,true,19.237957,72.847563,,https://locate.cisce.org/,2026-08-25
MA266,Eureka Infosys School,"Aurangabad, Chhatrapati Sambhaji Nagar, Maharashtra, 431136, India",Aurangabad,Chhatrapati Sambhaji Nagar,Maharashtra,431136,board,ICSE,Day,Co-ed.,true,19.8441434,75.2347796,https://www.eurekainfosysschool.com,https://locate.cisce.org/,2026-08-25
MA267,Vianney Jubilee School,"Ballarpur, Chandrapur, Maharashtra, 442701, India",Ballarpur,Chandrapur,Maharashtra,442701,board,ICSE,Day,Co-ed.,true,19.8500027,79.3582694,https://www.vianneyjubileeschool.com,https://locate.cisce.org/,2026-08-25
MA268,Tree House High School,"VASAI, Palghar, Maharashtra, 401201, India",VASAI,Palghar,Maharashtra,401201,board,ICSE / ISC,Day,Co-ed.,true,19.3437008,72.806948,,https://locate.cisce.org/,2026-08-25
MA269,Chavara International School,"CHOPDA, Jalgaon, Maharashtra, 425108, India",CHOPDA,Jalgaon,Maharashtra,425108,board,ICSE,Day,Co-ed.,true,21.2463206,75.2845504,https://www.chavarainternational.org,https://locate.cisce.org/,2026-08-25
MA270,Vibgyor High School,"Borivali, Mumbai Suburban, Maharashtra, 400101, India",Borivali,Mumbai Suburban,Maharashtra,400101,board,ICSE,Day,Co-ed.,true,19.2493959,72.8503068,https://www.vibgyorhigh.com,https://locate.cisce.org/,2026-08-25
MA271,New Horizon International School,"Thane, Thane, Maharashtra, 400607, India",Thane,Thane,Maharashtra,400607,board,ICSE / ISC,Day,Co-ed.,true,19.2800981,72.9303558,https://www.nhisrodas.com,https://locate.cisce.org/,2026-08-25
MA272,Convent Of Jesus And Mary International School,"Navi Mumbai, Mumbai Suburban, Maharashtra, 410210, India",Navi Mumbai,Mumbai Suburban,Maharashtra,410210,board,ICSE,Day,Co-ed.,true,19.0404836,73.0597125,,https://locate.cisce.org/,2026-08-25
MA273,Carmel High School,"PEN, Raigad, Maharashtra, 402107, India",PEN,Raigad,Maharashtra,402107,board,ICSE,Day,Co-ed.,true,18.7296085,73.0891152,,https://locate.cisce.org/,2026-08-25
MA274,Thakur Ramnarayan Public School,"Mumbai, Mumbai Suburban, Maharashtra, 400068, India",Mumbai,Mumbai Suburban,Maharashtra,400068,board,ICSE / ISC,Day/Boarding,Co-ed.,true,19.1380755,72.8457222,http://www.thakureducation.org,https://locate.cisce.org/,2026-08-25
MA275,Ashoka Universal School,"Sinnar, Nashik, Maharashtra, 422103, India",Sinnar,Nashik,Maharashtra,422103,board,ICSE,Day,Co-ed.,true,19.863318,73.979551,https://www.ashokaschools.org,https://locate.cisce.org/,2026-08-25
MA276,Wisdom High International School,"Nashik, Nashik, Maharashtra, 422222, India",Nashik,Nashik,Maharashtra,422222,board,ICSE,Day,Co-ed.,true,20.0121973,73.7501569,https://www.whis.edu.in/,https://locate.cisce.org/,2026-08-25
MA277,St. Mary English Medium School,"Pulgaon, Wardha, Maharashtra, 442302, India",Pulgaon,Wardha,Maharashtra,442302,board,ICSE,Day,Co-ed.,true,20.7373309,78.37739,,https://locate.cisce.org/,2026-08-25
MA278,Smt. Sunitidevi Singhania School,"Thane, Thane, Maharashtra, 400606, India",Thane,Thane,Maharashtra,400606,board,ICSE,Day,Co-ed.,true,19.2196687,72.9649326,https://www.sunitidevisinghaniaschool.org,https://locate.cisce.org/,2026-08-25
MA279,St. Anne Vidya Niketan,"Lanja, Ratnagiri, Maharashtra, 416712, India",Lanja,Ratnagiri,Maharashtra,416712,board,ICSE / ISC,Day,Co-ed.,true,16.9078464,73.5476338,https://https;//annevidyaniketan.com/,https://locate.cisce.org/,2026-08-25
MA280,Deepjyoti School,"Mumbai, Thane, Maharashtra, 401107, India",Mumbai,Thane,Maharashtra,401107,board,ICSE,Day,Co-ed.,true,19.2657921,72.8707469,https://www.deepjyotischool.org,https://locate.cisce.org/,2026-08-25
MA281,Mumbai Public School,"Mumbai, Mumbai City, Maharashtra, 400016, India",Mumbai,Mumbai City,Maharashtra,400016,board,ICSE,Day,Co-ed.,true,19.0268685,72.8432889,https://mumbaipublicschools.in/,https://locate.cisce.org/,2026-08-25
MA282,B. N. Vijaykar International School,"KANKAVLI, Sindhudurg, Maharashtra, 416602, India",KANKAVLI,Sindhudurg,Maharashtra,416602,board,ICSE / ISC,Day,Co-ed.,true,16.2655069,73.7082889,https://www.savitrifoundation.co.in,https://locate.cisce.org/,2026-08-25
MA283,A. M. Naik School,"Mumbai, Mumbai City, Maharashtra, 400072, India",Mumbai,Mumbai City,Maharashtra,400072,board,ICSE / ISC,Day,Co-ed.,true,19.1222829,72.9131393,https://www.amnaikschool.in,https://locate.cisce.org/,2026-08-25
MA284,Ajmera School,"Mumbai, Mumbai Suburban, Maharashtra, 400092, India",Mumbai,Mumbai Suburban,Maharashtra,400092,board,ICSE,Day,Co-ed.,true,19.2337572,72.8460951,https://www.ajmeraschool.com,https://locate.cisce.org/,2026-08-25
MA285,Chavara International School,"TARSOD, Jalgaon, Maharashtra, 425 002, India",TARSOD,Jalgaon,Maharashtra,425002,board,ICSE,Day,Co-ed.,true,21.0217319,75.6331743,https://www.chavaraintljalgaon.in,https://locate.cisce.org/,2026-08-25
MA286,St. Agnes' High School,"Mumbai, Mumbai City, Maharashtra, 400008, India",Mumbai,Mumbai City,Maharashtra,400008,board,ICSE,Day,Girls,true,18.9700805,72.8302097,https://cjmstagnesbyculla.org,https://locate.cisce.org/,2026-08-25
MA287,St. Xavier's High School,"Nashik, Nashik, Maharashtra, 422101, India",Nashik,Nashik,Maharashtra,422101,board,ICSE,Day,Co-ed.,true,19.9663223,73.8218073,,https://locate.cisce.org/,2026-08-25
MA288,Shiksha Veritas School,"Pune, Pune, Maharashtra, 411041, India",Pune,Pune,Maharashtra,411041,board,ICSE,Day/Boarding,Co-ed.,true,18.464587,73.7750779,https://shikshaveritasschool.co.in,https://locate.cisce.org/,2026-08-25
MA289,Universal High School,"Mumbai, Mumbai Suburban, Maharashtra, 400089, India",Mumbai,Mumbai Suburban,Maharashtra,400089,board,ICSE,Day,Co-ed.,true,19.0707735,72.8983936,https://www.chembur.universalhigh.edu.in,https://locate.cisce.org/,2026-08-25
MA290,Samarth International School,"Mumbai, Palghar, Maharashtra, 401303, India",Mumbai,Palghar,Maharashtra,401303,board,ICSE,Day,Co-ed.,true,19.3176165,72.8971918,https://nationalenglishschool.com,https://locate.cisce.org/,2026-08-25
MA291,St. Francis De Sales School Of Excellence,"Nagpur, Nagpur, Maharashtra, 440006, India",Nagpur,Nagpur,Maharashtra,440006,board,ICSE,Day,Co-ed.,true,21.1655009,79.0666974,https://www.sfsschoolofexcellence.com,https://locate.cisce.org/,2026-08-25
MA292,Shree Bhawanji Arjan Khimji Swadhyay Bhavan,"Mumbai, Mumbai City, Maharashtra, 400019, India",Mumbai,Mumbai City,Maharashtra,400019,board,ICSE,Day,Co-ed.,true,19.0268123,72.8603635,https://www.swadhyaybhavanschool.com,https://locate.cisce.org/,2026-08-25
MA293,Vibgyor High School,"Navi Mumbai, Thane, Maharashtra, 400 708, India",Navi Mumbai,Thane,Maharashtra,400708,board,ICSE,Day,Co-ed.,true,19.143545,72.998645,https://www.vibgyorhigh.com,https://locate.cisce.org/,2026-08-25
MA294,St. Mary Public School,"ERANDOL, Jalgaon, Maharashtra, 425109, India",ERANDOL,Jalgaon,Maharashtra,425109,board,ICSE,Day,Co-ed.,true,21.0190376,75.5315309,https://www.smpstoli.com,https://locate.cisce.org/,2026-08-25
MA295,B. S. M. Dnyananand School,"THANE, Thane, Maharashtra, 400601, India",THANE,Thane,Maharashtra,400601,board,ICSE,Day,Co-ed.,true,19.1941876,72.9718308,,https://locate.cisce.org/,2026-08-25
MA296,Hiranandani Trust School,"PANVEL, Raigad, Maharashtra, 410106, India",PANVEL,Raigad,Maharashtra,410106,board,ICSE,Day,Co-ed.,true,18.9998751,73.148237,https://htspanvel.com/,https://locate.cisce.org/,2026-08-25
MA297,The Blossoms Sunderbai Thackersey English High School,"Mumbai, Mumbai City, Maharashtra, 400020, India",Mumbai,Mumbai City,Maharashtra,400020,board,ICSE,Day,Co-ed.,true,18.9380672,72.8278608,https://blossomshighschool.org,https://locate.cisce.org/,2026-08-25
MA298,Sanjo Public School,"NAGBHID, Chandrapur, Maharashtra, 441205, India",NAGBHID,Chandrapur,Maharashtra,441205,board,ICSE,Day,Co-ed.,true,20.5848318,79.7019338,https://sanjopublicschoolnagbhid.com,https://locate.cisce.org/,2026-08-25
MA299,St. Joseph High School,"Pune, Pune, Maharashtra, 411008, India",Pune,Pune,Maharashtra,411008,board,ICSE,Day,Girls,true,18.5454086,73.7778377,https://stjosephpashan.com/,https://locate.cisce.org/,2026-08-25
MA300,Gundecha Education Academy,"Mumbai, Mumbai Suburban, Maharashtra, 400068, India",Mumbai,Mumbai Suburban,Maharashtra,400068,board,ICSE,Day,Co-ed.,true,19.2296988,72.847797,https://www.gundechaedu.org,https://locate.cisce.org/,2026-08-25
MA301,The Green Acres Academy,"Mumbai, Mumbai Suburban, Maharashtra, 400080, India",Mumbai,Mumbai Suburban,Maharashtra,400080,board,ICSE,Day,Co-ed.,true,19.1831723,72.9389482,https://www.tgaa.in/,https://locate.cisce.org/,2026-08-25
MA302,Sheth Vidya Mandir English High School,"VASAI, Palghar, Maharashtra, 401208, India",VASAI,Palghar,Maharashtra,401208,board,ICSE,Day,Co-ed.,true,19.3822646,72.8327111,https://shethvidyamandir.org/,https://locate.cisce.org/,2026-08-25
MA303,K E S International School,"Mumbai, Mumbai Suburban, Maharashtra, 400067, India",Mumbai,Mumbai Suburban,Maharashtra,400067,board,ICSE,Day,Co-ed.,true,19.1771483,72.8761399,https://www.kesinternationalschool.org,https://locate.cisce.org/,2026-08-25
MA304,Thakur Bhagwanidevi Musafir Public School,"Vasai, Palghar, Maharashtra, 401208, India",Vasai,Palghar,Maharashtra,401208,board,ICSE,Day,Co-ed.,true,19.3612646,72.8815266,https://tbmps.edu.in,https://locate.cisce.org/,2026-08-25
MA305,Thakur Shyamnarayan International School,"Mumbai, Mumbai Suburban, Maharashtra, 400101, India",Mumbai,Mumbai Suburban,Maharashtra,400101,board,ICSE,Day,Co-ed.,true,19.203847,72.863403,https://tshmumbai.com,https://locate.cisce.org/,2026-08-25
MA306,Hansraj Morarji Public School,"Mumbai, Mumbai Suburban, Maharashtra, 400058, India",Mumbai,Mumbai Suburban,Maharashtra,400058,board,ICSE,Day,Co-ed.,true,19.122222,72.833484,https://icse.bkhm.edu.in/,https://locate.cisce.org/,2026-08-25
MA307,Thakur Vidya Mandir High School And Junior College,"Mumbai, Mumbai Suburban, Maharashtra, 400101, India",Mumbai,Mumbai Suburban,Maharashtra,400101,board,ICSE,Day,Co-ed.,true,19.20865,72.86419,https://www.tvmhsicsemumbai.com/,https://locate.cisce.org/,2026-08-25
MA308,The Bishops School,"BHAYANDER, Thane, Maharashtra, 401101, India",BHAYANDER,Thane,Maharashtra,401101,board,ICSE,Day,Co-ed.,true,19.3007969,72.8467103,https://thebishopsinternationalschool.com/,https://locate.cisce.org/,2026-08-25
MA309,Shri Shakuntala Kantilal Ishvarlal Jain High School,"Mumbai, Mumbai City, Maharashtra, 400020, India",Mumbai,Mumbai City,Maharashtra,400020,board,ICSE,Day,Co-ed.,true,18.9436888,72.8268522,https://skijainhighschool.in,https://locate.cisce.org/,2026-08-25
MA310,K B Patil International School,"Mumbai, Mumbai City, Maharashtra, 400 067, India",Mumbai,Mumbai City,Maharashtra,400067,board,ICSE,Day,Co-ed.,true,19.2155029,72.8123181,https://www.kbpis.com,https://locate.cisce.org/,2026-08-25
MA311,St. Mary's Convent School,"ALIBAG, Raigad, Maharashtra, 402201, India",ALIBAG,Raigad,Maharashtra,402201,board,ICSE,Day,Co-ed.,true,18.650531,72.87995,https://www.smcsalibag.in,https://locate.cisce.org/,2026-08-25
MA312,Universal Asmita High School,"Mumbai, Maharashtra, 401107, India",,Mumbai,Maharashtra,401107,board,ICSE,Day,Co-ed.,true,19.28585,72.860656,,https://locate.cisce.org/,2026-08-25
MA313,Heritage International School,"Kalyan, Thane, Maharashtra, 421306, India",Kalyan,Thane,Maharashtra,421306,board,ICSE,Day,Co-ed.,true,19.2254,73.1386,https://www.heritageschools.in,https://locate.cisce.org/,2026-08-25
MA314,Svm International School,"Mumbai, Mumbai City, Maharashtra, 400028, India",Mumbai,Mumbai City,Maharashtra,400028,board,ICSE,Day,Co-ed.,true,19.0208325,72.840678,https://SVMINTERNATIONAL.ORG,https://locate.cisce.org/,2026-08-25
MA315,Holy Cross Academy,"MUMBAI 400070, Mumbai Suburban, Maharashtra, 400070, India",MUMBAI 400070,Mumbai Suburban,Maharashtra,400070,board,ICSE,Day,Co-ed.,true,19.0812603,72.8830051,,https://locate.cisce.org/,2026-08-25
MA316,Sanskruti Techno School,"Pune, Pune, Maharashtra, 411041, India",Pune,Pune,Maharashtra,411041,board,ICSE,Day,Co-ed.,true,18.4527749,73.8239226,https://www.paradiseems.co.in,https://locate.cisce.org/,2026-08-25
MA317,I Global School,"Vasai, Palghar, Maharashtra, 401208, India",Vasai,Palghar,Maharashtra,401208,board,ICSE,Day,Co-ed.,true,19.3958617,72.843625,https://www.iglobalschool.in,https://locate.cisce.org/,2026-08-25
MA318,Zenith Concept School,"Morshi, Amravati, Maharashtra, 444905, India",Morshi,Amravati,Maharashtra,444905,board,ICSE,Day,Co-ed.,true,21.2756199,77.9909949,https://www.zenithconceptschool.in,https://locate.cisce.org/,2026-08-25
MA319,J N Petit Technical High School,"Pune, Pune, Maharashtra, 411001, India",Pune,Pune,Maharashtra,411001,board,ICSE,Day/Boarding,Boys,false,18.5393142,73.882927,https://jnpetitschool.org,https://locate.cisce.org/,2026-08-25
MA320,Shiv Shikshan Sanstha English Medium School,"Mumbai, Mumbai City, Maharashtra, 400022, India",Mumbai,Mumbai City,Maharashtra,400022,board,ICSE,Day,Co-ed.,false,19.0426374,72.8614135,,https://locate.cisce.org/,2026-08-25
ME001,St. Edmund's School,"Shillong, East Khasi Hills, Meghalaya, 793 003, India",Shillong,East Khasi Hills,Meghalaya,793003,board,ICSE / ISC,Day,Boys,true,25.5706702,91.8977131,https://www.ses.ac.in,https://locate.cisce.org/,2026-08-25
ME002,Pine Mount School,"Shillong, East Khasi Hills, Meghalaya, 793 001, India",Shillong,East Khasi Hills,Meghalaya,793001,board,ICSE / ISC,Day/Residential,Girls,true,25.5787726,91.8932535,,https://locate.cisce.org/,2026-08-25
ME003,Tura Public School,"Tura, West Garo Hills, Meghalaya, 974 001, India",Tura,West Garo Hills,Meghalaya,974001,board,ICSE,Day,Co-ed.,true,25.5107087,90.1823111,,https://locate.cisce.org/,2026-08-25
ME004,Jowai Public School,"Jowai, West Jaintia Hills, Meghalaya, 793 150, India",Jowai,West Jaintia Hills,Meghalaya,793150,board,ICSE / ISC,Day,Co-ed.,true,25.450902,92.2089109,,https://locate.cisce.org/,2026-08-25
ME005,Shillong Public School,"Shillong, East Khasi Hills, Meghalaya, 793 003, India",Shillong,East Khasi Hills,Meghalaya,793003,board,ICSE / ISC,Day,Co-ed.,true,25.5706702,91.8977131,https://www.shillongpublicschool.com,https://locate.cisce.org/,2026-08-25
ME006,Loreto Convent,"Shillong, East Khasi Hills, Meghalaya, 793 003, India",Shillong,East Khasi Hills,Meghalaya,793003,board,ICSE / ISC,Day,Girls,true,25.3681768,91.7538817,http://www.loretoconventshillong.com/,https://locate.cisce.org/,2026-08-25
ME008,Meghalaya Police Public School,"Shillong, East Khasi Hills, Meghalaya, 793 008, India",Shillong,East Khasi Hills,Meghalaya,793008,board,ICSE,Day,Co-ed.,true,25.5914266,91.8973839,,https://locate.cisce.org/,2026-08-25
ME009,Carmel School,"Shillong, East Khasi Hills, Meghalaya, 793009, India",Shillong,East Khasi Hills,Meghalaya,793009,board,ICSE / ISC,Day,Co-ed.,true,25.5840271,91.9002637,,https://locate.cisce.org/,2026-08-25
MN001,Patkai Christian Academy,"S.O. Litan, Ukhrul, Manipur, 795 145, India",S.O. Litan,Ukhrul,Manipur,795145,board,ICSE / ISC,Residential,Co-ed.,true,24.815813,94.3569988,https://under construction,https://locate.cisce.org/,2026-08-25
MP002,Christian English College,"Narayanpura, Chhatarpur, Madhya Pradesh, 471 001, India",Narayanpura,Chhatarpur,Madhya Pradesh,471001,board,ICSE / ISC,Day,Co-ed.,true,25.0592514,79.4424672,,https://locate.cisce.org/,2026-08-25
MP006,Christukula Mission Higher Secondary School,"Gaytri Nager, Satna, Madhya Pradesh, 485 001, India",Gaytri Nager,Satna,Madhya Pradesh,485001,board,ICSE / ISC,Day,Co-ed.,true,24.5666175,80.8073259,https://www.christukula.co.in,https://locate.cisce.org/,2026-08-25
MP007,Holy Cross Ashram School,"DATIA, Datia, Madhya Pradesh, 475 661, India",DATIA,Datia,Madhya Pradesh,475661,board,ICSE / ISC,Day,Co-ed.,true,25.661425,78.4564029,,https://locate.cisce.org/,2026-08-25
MP008,Wendy School Junior College,"Thatipur, Gwalior, Madhya Pradesh, 474 002, India",Thatipur,Gwalior,Madhya Pradesh,474002,board,ICSE / ISC,Day,Co-ed.,true,26.214512,78.2020876,https://www.wendyeducation.org,https://locate.cisce.org/,2026-08-25
MP009,Laurels School International,"Manglia P.O., Indore, Madhya Pradesh, 453 771, India",Manglia P.O.,Indore,Madhya Pradesh,453771,board,ICSE / ISC,Day,Co-ed.,true,22.7175038,75.8889829,https://www.laurelsschool.com,https://locate.cisce.org/,2026-08-25
MP010,Rani Laxmibai Public School,"Nazar Bagh, Datia, Madhya Pradesh, 475 661, India",Nazar Bagh,Datia,Madhya Pradesh,475661,board,ICSE / ISC,Day,Co-ed.,true,24.7505284,78.8311858,https://rlps.org,https://locate.cisce.org/,2026-08-25
MP011,St. Charles School,"Pohri Road, Shivpuri, Madhya Pradesh, 473 551, India",Pohri Road,Shivpuri,Madhya Pradesh,473551,board,ICSE / ISC,Day,Co-ed.,true,25.5155853,77.4405696,https://stcharlesschoolshivpuri.org,https://locate.cisce.org/,2026-08-25
MP013,Progressive Education - II School,"INDORE, Indore, Madhya Pradesh, 452 009, India",INDORE,Indore,Madhya Pradesh,452009,board,ICSE / ISC,Day,Co-ed.,true,22.699418,75.8404791,,https://locate.cisce.org/,2026-08-25
MP014,St. Xavier's High School,"JABALPUR, Jabalpur, Madhya Pradesh, 482 002, India",JABALPUR,Jabalpur,Madhya Pradesh,482002,board,ICSE / ISC,Day,Co-ed.,true,23.1900203,79.9293613,,https://locate.cisce.org/,2026-08-25
MP015,St. Joseph's Higher Secondary School,"Singrauli , Singrauli, Madhya Pradesh, 486 886, India",Singrauli,Singrauli,Madhya Pradesh,486886,board,ICSE / ISC,Day,Co-ed.,true,24.062748,82.6247751,,https://locate.cisce.org/,2026-08-25
MP016,Sacred Heart Convent High School,"Khajuraho, Chhatarpur, Madhya Pradesh, 471 606, India",Khajuraho,Chhatarpur,Madhya Pradesh,471606,board,ICSE,Day,Co-ed.,true,24.8639196,79.926266,,https://locate.cisce.org/,2026-08-25
MP017,Little Wonders Convent School,"Sukhliya, Indore, Madhya Pradesh, 452 010, India",Sukhliya,Indore,Madhya Pradesh,452010,board,ICSE / ISC,Day,Co-ed.,true,22.7681788,75.850203,,https://locate.cisce.org/,2026-08-25
MP018,M. G. M. Higher Secondary School,"Gupteshwar Road, Jabalpur, Madhya Pradesh, 482 001, India",Gupteshwar Road,Jabalpur,Madhya Pradesh,482001,board,ICSE / ISC,Day,Co-ed.,true,23.1523465,79.9203555,https://www.mgmschooljbp.com,https://locate.cisce.org/,2026-08-25
MP019,St. Peter's School,"Dabra, Gwalior, Madhya Pradesh, 475 110, India",Dabra,Gwalior,Madhya Pradesh,475110,board,ICSE / ISC,Day,Co-ed.,true,25.9279825,78.3165926,https://WWW.STPETERSCHOOLDABRA.COM,https://locate.cisce.org/,2026-08-25
MP020,Seventh - Day Adventist Higher Secondary School,"INDORE, Indore, Madhya Pradesh, 452 001, India",INDORE,Indore,Madhya Pradesh,452001,board,ICSE / ISC,Day,Co-ed.,true,22.721756,75.915567,,https://locate.cisce.org/,2026-08-25
MP021,St. Xavier's High School,"Gupteshwar, Jabalpur, Madhya Pradesh, 482 002, India",Gupteshwar,Jabalpur,Madhya Pradesh,482002,board,ICSE / ISC,Day,Co-ed.,true,23.1463321,79.9206694,,https://locate.cisce.org/,2026-08-25
MP022,M.S.B. Educational Institute,"INDORE, Indore, Madhya Pradesh, 452 014, India",INDORE,Indore,Madhya Pradesh,452014,board,ICSE / ISC,Day,Co-ed.,true,22.7056988,75.8555424,,https://locate.cisce.org/,2026-08-25
MP023,Mount Carmel School,"Baghmugalia, Bhopal, Madhya Pradesh, 462 026, India",Baghmugalia,Bhopal,Madhya Pradesh,462026,board,ICSE / ISC,Day,Co-ed.,true,23.1960677,77.4723483,https://www.mountcarmelbpl.com,https://locate.cisce.org/,2026-08-25
MP024,The Sanskaar Valley School,"Chandanpura, Bhopal, Madhya Pradesh, 462 016, India",Chandanpura,Bhopal,Madhya Pradesh,462016,board,ICSE / ISC,Day,Co-ed.,true,23.2005157,77.3541558,https://www.sanskaarvalley.org,https://locate.cisce.org/,2026-08-25
MP025,Christ Church School For Boys & Girls,"Civil Lines, Jabalpur, Madhya Pradesh, 482 001, India",Civil Lines,Jabalpur,Madhya Pradesh,482001,board,ICSE / ISC,Day/Boarding,Co-ed.,true,23.1647787,79.9558267,,https://locate.cisce.org/,2026-08-25
MP026,Deepti Convent Higher Secondary School,"SHUJALPUR , Shajapur, Madhya Pradesh, 465 333, India",SHUJALPUR,Shajapur,Madhya Pradesh,465333,board,ICSE / ISC,Day,Co-ed.,true,23.3882023,76.7163359,,https://locate.cisce.org/,2026-08-25
MP027,M.g.m. School,"Shahdol, Madhya Pradesh, 484 114, India",,Shahdol,Madhya Pradesh,484114,board,ICSE / ISC,Day/Boarding,Co-ed.,true,23.1890526,81.5773557,https://mgmschooldhanpuri.com,https://locate.cisce.org/,2026-08-25
MP028,Central Malwa Academy,"DEWAS, Dewas, Madhya Pradesh, 455 001, India",DEWAS,Dewas,Madhya Pradesh,455001,board,ICSE / ISC,Day/Boarding,Co-ed.,true,22.9694758,76.0946857,https://www.centralmalwaacademy.com,https://locate.cisce.org/,2026-08-25
MP029,St. Thomas Higher Secondary School,"UJJAIN, Ujjain, Madhya Pradesh, 456 771, India",UJJAIN,Ujjain,Madhya Pradesh,456771,board,ICSE / ISC,Day,Co-ed.,true,23.0504394,75.3773549,https://stthomasbarnagar.org,https://locate.cisce.org/,2026-08-25
MP030,Fatima Convent Higher Secondary School,"Ujjain, Ujjain, Madhya Pradesh, 456 335, India",Ujjain,Ujjain,Madhya Pradesh,456335,board,ICSE / ISC,Day,Co-ed.,true,23.4561435,75.4226665,https://www.fchss.edu.in,https://locate.cisce.org/,2026-08-25
MP031,Billabong High International School,"BHOPAL, Bhopal, Madhya Pradesh, 462 044, India",BHOPAL,Bhopal,Madhya Pradesh,462044,board,ICSE / ISC,Day,Co-ed.,true,23.1933322,77.3433976,https://www.billabonghighbhopal.com,https://locate.cisce.org/,2026-08-25
MP032,Mahatma Gandhi Convent Higher Secondary School,"Irrigation Colony, Shajapur, Madhya Pradesh, 465 001, India",Irrigation Colony,Shajapur,Madhya Pradesh,465001,board,ICSE / ISC,Day,Co-ed.,true,23.4276655,76.2963744,,https://locate.cisce.org/,2026-08-25
MP033,Rajeshwar Convent Higher Secondary School,"RAJGARH, Rajgarh, Madhya Pradesh, 465 661, India",RAJGARH,Rajgarh,Madhya Pradesh,465661,board,ICSE / ISC,Day,Co-ed.,true,23.9185649,76.9113222,,https://locate.cisce.org/,2026-08-25
MP034,Nirmala Convent School,"UJJAIN, Ujjain, Madhya Pradesh, 456 664, India",UJJAIN,Ujjain,Madhya Pradesh,456664,board,ICSE / ISC,Day,Co-ed.,true,23.1542533,75.8024416,,https://locate.cisce.org/,2026-08-25
MP035,St. Claret School,"SATNA, Satna, Madhya Pradesh, 485 666, India",SATNA,Satna,Madhya Pradesh,485666,board,ICSE,Day,Co-ed.,true,24.600479,80.832213,https://www.stclaretsatna.com,https://locate.cisce.org/,2026-08-25
MP036,Shri Deochand Sapkale Memorial School,"Lalbag, Burhanpur, Madhya Pradesh, 450 331, India",Lalbag,Burhanpur,Madhya Pradesh,450331,board,ICSE,Day/Boarding,Co-ed.,true,21.3312753,76.2001084,,https://locate.cisce.org/,2026-08-25
MP037,Christ Church Jabalpur Diocesan High School,"JABALPUR, Jabalpur, Madhya Pradesh, 482001, India",JABALPUR,Jabalpur,Madhya Pradesh,482001,board,ICSE / ISC,Day,Co-ed.,true,23.1761937,79.9541211,https://mp037cisce.org,https://locate.cisce.org/,2026-08-25
MP038,Progressive Education IV School,"Indore, Indore, Madhya Pradesh, 452016, India",Indore,Indore,Madhya Pradesh,452016,board,ICSE / ISC,Day/Boarding,Co-ed.,true,22.6780009,75.9441467,https://progressiveeducationschool.com,https://locate.cisce.org/,2026-08-25
MP039,St. Thomas School,"UJJAIN, Ujjain, Madhya Pradesh, 456006, India",UJJAIN,Ujjain,Madhya Pradesh,456006,board,ICSE / ISC,Day,Co-ed.,true,23.1907151,75.8225244,http://www.stthomasschoolujjain.org,https://locate.cisce.org/,2026-08-25
MP040,St.Francis High School,"JABALPUR, Jabalpur, Madhya Pradesh, 482005, India",JABALPUR,Jabalpur,Madhya Pradesh,482005,board,ICSE / ISC,Day,Co-ed.,true,23.2209989,80.0515571,https://mp040.org,https://locate.cisce.org/,2026-08-25
MP042,Pratibha Global School Dewas,"Dewas, Dewas, Madhya Pradesh, 455001, India",Dewas,Dewas,Madhya Pradesh,455001,board,ICSE,Day,Co-ed.,true,22.9567272,76.0338323,,https://locate.cisce.org/,2026-08-25
MP043,Shri G. International School,"INDORE, Indore, Madhya Pradesh, 452006, India",INDORE,Indore,Madhya Pradesh,452006,board,ICSE / ISC,Day,Co-ed.,true,22.737481,75.8223558,https://www.shriginternationalschool.in,https://locate.cisce.org/,2026-08-25
MP044,M S B Educational Institute,"Bhopal, Bhopal, Madhya Pradesh, 462001, India",Bhopal,Bhopal,Madhya Pradesh,462001,board,ICSE / ISC,Day,Co-ed.,true,23.296895,77.3569406,,https://locate.cisce.org/,2026-08-25
MP045,Progressive Heights,"BIAORA, Rajgarh, Madhya Pradesh, 465674, India",BIAORA,Rajgarh,Madhya Pradesh,465674,board,ICSE / ISC,Day,Co-ed.,true,23.9261923,76.9104653,https://www.progressiveheights.com,https://locate.cisce.org/,2026-08-25
MP046,Arihant International Academy,"CHHINDWARA, Chhindwara, Madhya Pradesh, 480001, India",CHHINDWARA,Chhindwara,Madhya Pradesh,480001,board,ICSE,Day,Co-ed.,true,21.9880935,78.9293158,https://www.aiaedu.org,https://locate.cisce.org/,2026-08-25
MP047,NEOTERIC WORLD SCHOOL,"Gwalior, Gwalior, Madhya Pradesh, 474011, India",Gwalior,Gwalior,Madhya Pradesh,474011,board,ICSE / ISC,Day/Boarding,Co-ed.,true,26.1936673,78.203126,https://www.neotericschool.com,https://locate.cisce.org/,2026-08-25
MP049,Vision International Public School,"Harda, Harda, Madhya Pradesh, 461331, India",Harda,Harda,Madhya Pradesh,461331,board,ICSE,Day,Co-ed.,true,22.1140834,77.0362967,https://vipschool.godaddysites.com/,https://locate.cisce.org/,2026-08-25
MP050,Aaditya Vidya Vihar International School,"Khargone, Khargone, Madhya Pradesh, 451001, India",Khargone,Khargone,Madhya Pradesh,451001,board,ICSE,Day,Co-ed.,true,21.8462832,75.5946194,,https://locate.cisce.org/,2026-08-25
MP051,Christ School,"BHOPAL, Bhopal, Madhya Pradesh, 462022, India",BHOPAL,Bhopal,Madhya Pradesh,462022,board,ICSE / ISC,Day,Co-ed.,true,23.2569051,77.496763,https://www.christacademybhopal.org,https://locate.cisce.org/,2026-08-25
MP052,Holy Buds International School,"Shivpuri, Shivpuri, Madhya Pradesh, 473551, India",Shivpuri,Shivpuri,Madhya Pradesh,473551,board,ICSE,Day,Co-ed.,true,25.4392666,77.6571837,,https://locate.cisce.org/,2026-08-25
MP053,Raj Vedanta School,"Bhopal, Bhopal, Madhya Pradesh, 462021, India",Bhopal,Bhopal,Madhya Pradesh,462021,board,ICSE / ISC,Day,Co-ed.,true,23.2521048,77.491154,https://rajvedanta.org/,https://locate.cisce.org/,2026-08-25
MP054,Little Giants International School,"PORSA, Morena, Madhya Pradesh, 476115, India",PORSA,Morena,Madhya Pradesh,476115,board,ICSE,Day/Boarding,Co-ed.,true,26.6764432,78.3648892,https://www.lgis.in,https://locate.cisce.org/,2026-08-25
MP055,St. Mary's Convent School,"DEORI, Sagar, Madhya Pradesh, 470226, India",DEORI,Sagar,Madhya Pradesh,470226,board,ICSE / ISC,Day,Co-ed.,true,23.3921502,79.050381,https://www.smcdeori.com,https://locate.cisce.org/,2026-08-25
MP056,St Joseph International School For Excellence,"Bhopal, Bhopal, Madhya Pradesh, 462036, India",Bhopal,Bhopal,Madhya Pradesh,462036,board,ICSE / ISC,Day/Residential,Co-ed.,true,23.3557232,77.303723,https://stjosephexcel.edu.in.,https://locate.cisce.org/,2026-08-25
MP057,Brainbridge International School,"BHESODA MANDI, Mandsaur, Madhya Pradesh, 458778, India",BHESODA MANDI,Mandsaur,Madhya Pradesh,458778,board,ICSE,Day,Co-ed.,true,24.4187531,75.834875,,https://locate.cisce.org/,2026-08-25
MP058,G K Heritage School,"SHIVPURI, Shivpuri, Madhya Pradesh, 473551, India",SHIVPURI,Shivpuri,Madhya Pradesh,473551,board,ICSE,Day/Boarding,Co-ed.,true,25.4479071,77.6020569,https://www.gkheritageschool.com,https://locate.cisce.org/,2026-08-25
MP059,Samaritans School,"PIPARIYA, Hoshangabad, Madhya Pradesh, 461775, India",PIPARIYA,Hoshangabad,Madhya Pradesh,461775,board,ICSE / ISC,Day,Co-ed.,true,22.7718608,78.2662574,https://gyanvigyansamaritanspipariya.in,https://locate.cisce.org/,2026-08-25
MP060,Shining Scholars Public School,"Dabra, Gwalior, Madhya Pradesh, 475110, India",Dabra,Gwalior,Madhya Pradesh,475110,board,ICSE,Day,Co-ed.,true,25.8900377,78.3419076,http://shiningscholars.in/,https://locate.cisce.org/,2026-08-25
MP061,The Palladian House,"barwaha, Khargone, Madhya Pradesh, 451115, India",barwaha,Khargone,Madhya Pradesh,451115,board,ICSE / ISC,Day/Residential,Co-ed.,true,22.2432774,76.0417119,https://thepalladianhouse.business.site/,https://locate.cisce.org/,2026-08-25
MP062,Shree Radha International School,"Guna, Guna, Madhya Pradesh, 473001, India",Guna,Guna,Madhya Pradesh,473001,board,ICSE,Day,Co-ed.,true,24.6686734,77.3313265,https://www.shreeradhainternationalschool.com,https://locate.cisce.org/,2026-08-25
MP063,St. Alphonsa School,"BHOPAL, Bhopal, Madhya Pradesh, 462036, India",BHOPAL,Bhopal,Madhya Pradesh,462036,board,ICSE,Day,Co-ed.,true,23.3359857,77.2755205,http://alphonsaschool.com,https://locate.cisce.org/,2026-08-25
MP064,Gems Academia Senior Secondary School,"REWA, Rewa, Madhya Pradesh, 486001, India",REWA,Rewa,Madhya Pradesh,486001,board,ICSE,Day,Co-ed.,true,24.5523811,81.3201248,,https://locate.cisce.org/,2026-08-25
MP065,Academic Heights Public School,"Datia, Datia, Madhya Pradesh, 475661, India",Datia,Datia,Madhya Pradesh,475661,board,ICSE,Day,Co-ed.,true,25.6574942,78.4588313,https://datia.academicheights.in,https://locate.cisce.org/,2026-08-25
MP066,Little Flower Senior Secondary School,"BETUL, Betul, Madhya Pradesh, 460001, India",BETUL,Betul,Madhya Pradesh,460001,board,ICSE,Day,Co-ed.,true,21.8967122,77.8911326,https://LFSBETUL.COM,https://locate.cisce.org/,2026-08-25
MP067,The Niranjana School,"INDORE, Indore, Madhya Pradesh, 452001, India",INDORE,Indore,Madhya Pradesh,452001,board,ICSE,Day,Girls,true,22.7227912,75.8868707,https://niranjanaschool.edu.in/,https://locate.cisce.org/,2026-08-25
MP068,B S N Convent School,"Guna, Guna, Madhya Pradesh, 473001, India",Guna,Guna,Madhya Pradesh,473001,board,ICSE,Day,Co-ed.,true,24.663399,77.327762,https://www.bsnconvetnschool.com,https://locate.cisce.org/,2026-08-25
MP069,Vedaant Vidyalaya,"MANDSAUR, Mandsaur, Madhya Pradesh, 458001, India",MANDSAUR,Mandsaur,Madhya Pradesh,458001,board,ICSE,Day,Co-ed.,true,24.0620056,75.0868572,https://vedaantvidyalaya.com/,https://locate.cisce.org/,2026-08-25
MP070,Persistent Junior Knowledge Academy,"Kukshi, Dhar, Madhya Pradesh, 454331, India",Kukshi,Dhar,Madhya Pradesh,454331,board,ICSE,Day,Co-ed.,true,22.2068295,74.7556518,https://pjkacademy.co.in,https://locate.cisce.org/,2026-08-25
MP071,New Sunrise Convent School,"BINAGANJ, Guna, Madhya Pradesh, 473115, India",BINAGANJ,Guna,Madhya Pradesh,473115,board,ICSE,Day,Co-ed.,true,24.1756059,76.999604,https://NEWSUNRISECONVENTSCHOOL.COM,https://locate.cisce.org/,2026-08-25
MP072,Army Public School The International Academy,"Chhindwara, Chhindwara, Madhya Pradesh, 480001, India",Chhindwara,Chhindwara,Madhya Pradesh,480001,board,ICSE,Day,Co-ed.,true,22.0668366,78.9287783,https://armychhindwara.com,https://locate.cisce.org/,2026-08-25
MP073,Christ Jyoti School,"SIDHI, Sidhi, Madhya Pradesh, 486661, India",SIDHI,Sidhi,Madhya Pradesh,486661,board,ICSE,Day,Co-ed.,true,24.3753309,81.8620477,https://www.christjyotisidhi.org,https://locate.cisce.org/,2026-08-25
MP074,ST THOMAS SCHOOL,"KHACHROD, Ujjain, Madhya Pradesh, 456224, India",KHACHROD,Ujjain,Madhya Pradesh,456224,board,ICSE,Day,Co-ed.,true,23.4215674,75.2797544,https://stthomasschoolkhachrod.org/,https://locate.cisce.org/,2026-08-25
MP075,The Balaghat Public School,"Balaghat, Balaghat, Madhya Pradesh, 481001, India",Balaghat,Balaghat,Madhya Pradesh,481001,board,ICSE,Day,Co-ed.,true,21.8062898,80.1933949,,https://locate.cisce.org/,2026-08-25
MP076,Kalyanika Kendriya Shiksha Niketan,"PUSHPARAJGARH, Anuppur, Madhya Pradesh, 484881, India",PUSHPARAJGARH,Anuppur,Madhya Pradesh,484881,board,ICSE,Day,Co-ed.,true,22.9989698,81.6089873,https://kalyanikaamarkantak.org,https://locate.cisce.org/,2026-08-25
MP077,M G M School,"DHANPURI, Shahdol, Madhya Pradesh, 484114, India",DHANPURI,Shahdol,Madhya Pradesh,484114,board,ICSE,Day,Co-ed.,true,23.1990528,81.5284801,https://www.mgmschoolgopalpur.in,https://locate.cisce.org/,2026-08-25
MP078,Medicaps School Of Excellence,"INDORE, Indore, Madhya Pradesh, 452016, India",INDORE,Indore,Madhya Pradesh,452016,board,ICSE,Day,Co-ed.,true,22.7073908,75.9131373,https://www.mseindore.org,https://locate.cisce.org/,2026-08-25
MP079,Gurukulam Gyanodaya Vidyapeeth School,"Satna, Satna, Madhya Pradesh, 485001, India",Satna,Satna,Madhya Pradesh,485001,board,ICSE,Day,Co-ed.,true,24.5510231,80.8456914,https://gurukulamsatna.in/,https://locate.cisce.org/,2026-08-25
MP080,The Maanvendra Academy,"GWALIOR, Gwalior, Madhya Pradesh, 474010, India",GWALIOR,Gwalior,Madhya Pradesh,474010,board,ICSE,Day,Co-ed.,true,26.2360954,78.153264,https://www.themanvendraacademy.com,https://locate.cisce.org/,2026-08-25
MP081,Unique School Of Modern Education,"PACHORE, Rajgarh, Madhya Pradesh, 465683, India",PACHORE,Rajgarh,Madhya Pradesh,465683,board,ICSE,Day,Co-ed.,true,23.7036564,76.7359365,https://www.uniqueschoolpachore.in/,https://locate.cisce.org/,2026-08-25
MP082,St. Sebastian School,"KHANIYADHANA, Shivpuri, Madhya Pradesh, 473990, India",KHANIYADHANA,Shivpuri,Madhya Pradesh,473990,board,ICSE,Day,Co-ed.,true,25.0320704,78.1270298,http://stsebastiankhaniyadhana.org,https://locate.cisce.org/,2026-08-25
MP083,School Of Real Learners,"BALAGHAT, Balaghat, Madhya Pradesh, 481001, India",BALAGHAT,Balaghat,Madhya Pradesh,481001,board,ICSE,Day,Co-ed.,false,21.7969346,80.2085145,https://srlbalaghat.nletschool.com,https://locate.cisce.org/,2026-08-25
MP084,Shishukunj International School,"Guna, Guna, Madhya Pradesh, 473001, India",Guna,Guna,Madhya Pradesh,473001,board,ICSE,Day,Co-ed.,false,24.6323648,77.3001762,https://shishukunjinternational.com/,https://locate.cisce.org/,2026-08-25
MP085,Holy Buds International School,"SHIVPURI, Shivpuri, Madhya Pradesh, 473551, India",SHIVPURI,Shivpuri,Madhya Pradesh,473551,board,ICSE,Day,Co-ed.,false,25.4385645,77.6647729,https://www.holybudsinternationalschool.com,https://locate.cisce.org/,2026-08-25
MP086,Vivekanand Higher Secondary English School,"KATANGI, Balaghat, Madhya Pradesh, 481445, India",KATANGI,Balaghat,Madhya Pradesh,481445,board,ICSE,Day,Co-ed.,false,21.7895155,79.9136874,https://www.vesk.in,https://locate.cisce.org/,2026-08-25
NA001,Jubilee Memorial School,"Salangtem Ward, Mokokchung, Nagaland, 798 601, India",Salangtem Ward,Mokokchung,Nagaland,798601,board,ICSE / ISC,Day,Co-ed.,true,26.3275082,94.5150733,,https://locate.cisce.org/,2026-08-25
NA002,N N Nagi School,"Dimapur, Dimapur, Nagaland, 797112, India",Dimapur,Dimapur,Nagaland,797112,board,ICSE,Day/Boarding,Co-ed.,true,25.8901506,93.7308152,https://www.nnnagischool.edu.in,https://locate.cisce.org/,2026-08-25
NA003,Green Valley Academy,"DIMAPUR, Dimapur, Nagaland, 797103, India",DIMAPUR,Dimapur,Nagaland,797103,board,ICSE,Day,Co-ed.,true,25.7844515,93.6250455,,https://locate.cisce.org/,2026-08-25
NA004,Stepping Stones School,"Dimapur, Dimapur, Nagaland, 797112, India",Dimapur,Dimapur,Nagaland,797112,board,ICSE,Day,Co-ed.,true,25.9112198,93.7033196,,https://locate.cisce.org/,2026-08-25
OR001,St. Mary's School,"Barbil, Kendujhar, Odisha, 758 035, India",Barbil,Kendujhar,Odisha,758035,board,ICSE / ISC,Day,Co-ed.,true,22.1055524,85.3713547,,https://locate.cisce.org/,2026-08-25
OR002,St. Vincent's School,"Berhampur, Ganjam, Odisha, 760 001, India",Berhampur,Ganjam,Odisha,760001,board,ICSE / ISC,Day,Co-ed.,true,19.3149618,84.7940911,https://www.stvcberhampur.com,https://locate.cisce.org/,2026-08-25
OR003,Matrusri Anglo Vedic School,"Berhampur, Ganjam, Odisha, 760 005, India",Berhampur,Ganjam,Odisha,760005,board,ICSE,Day,Co-ed.,true,19.3024185,84.797818,https://www.mavschool.org,https://locate.cisce.org/,2026-08-25
OR004,St. Vincent's Convent Sr.sec.school,"BALASORE, Balasore, Odisha, 756 001, India",BALASORE,Balasore,Odisha,756001,board,ICSE / ISC,Day,Co-ed.,true,21.4987451,86.9312748,https://www.svcsbalasore.com,https://locate.cisce.org/,2026-08-25
OR006,Vimala Convent School,"Bhawani Patna, Kalahandi, Odisha, 766 001, India",Bhawani Patna,Kalahandi,Odisha,766001,board,ICSE,Day,Co-ed.,true,19.9074279,83.1641562,,https://locate.cisce.org/,2026-08-25
OR007,St. Anne's Convent School,"Baripada, Mayurbhanj, Odisha, 757 001, India",Baripada,Mayurbhanj,Odisha,757001,board,ICSE,Day,Co-ed.,true,21.9319838,86.7465928,http://www.stanneschool.in/,https://locate.cisce.org/,2026-08-25
OR008,Stewart School,"Bhubaneswar, Khordha, Odisha, 751 012, India",Bhubaneswar,Khordha,Odisha,751012,board,ICSE / ISC,Day,Co-ed.,true,20.2765503,85.8115017,https://stewartschoolbbsr.in,https://locate.cisce.org/,2026-08-25
OR009,St. Joseph's High School,"Bhubaneswar, Khordha, Odisha, 751 022, India",Bhubaneswar,Khordha,Odisha,751022,board,ICSE / ISC,Day,Co-ed.,true,20.2959847,85.8246101,https://www.stjosephbbsr.org,https://locate.cisce.org/,2026-08-25
OR010,Siksha Niketan,"Brajrajnagar, Jharsuguda, Odisha, 768 216, India",Brajrajnagar,Jharsuguda,Odisha,768216,board,ICSE,Day,Co-ed.,true,21.8284575,83.9175926,,https://locate.cisce.org/,2026-08-25
OR011,Stewart School,"Mission Road, Cuttack, Odisha, 753 001, India",Mission Road,Cuttack,Odisha,753001,board,ICSE / ISC,Day,Co-ed.,true,20.4763981,85.868799,https://www.stewartschoolctc.in,https://locate.cisce.org/,2026-08-25
OR012,St. Joseph's Girls' High School,"Cuttack, Cuttack, Odisha, 753 001, India",Cuttack,Cuttack,Odisha,753001,board,ICSE / ISC,Day/Residential,Girls,true,20.4806301,85.8747892,https://www.stjosephsghschoolctc.org,https://locate.cisce.org/,2026-08-25
OR013,Cambridge School,"Cantonment Road, Cuttack, Odisha, 753 001, India",Cantonment Road,Cuttack,Odisha,753001,board,ICSE / ISC,Day,Co-ed.,true,20.47953,85.8647,https://cambridgectc.org,https://locate.cisce.org/,2026-08-25
OR014,Montfort School,"DHENKANAL, Dhenkanal, Odisha, 759 001, India",DHENKANAL,Dhenkanal,Odisha,759001,board,ICSE,Day,Co-ed.,true,20.6584466,85.5964935,https://montfortschooldkl,https://locate.cisce.org/,2026-08-25
OR015,Jayshree Chemicals School,"Berhampur, Ganjam, Odisha, 761 025, India",Berhampur,Ganjam,Odisha,761025,board,ICSE / ISC,Day,Co-ed.,true,19.3081737,84.786444,,https://locate.cisce.org/,2026-08-25
OR016,St. Teresa's School,"Joda, Kendujhar, Odisha, 758 034, India",Joda,Kendujhar,Odisha,758034,board,ICSE / ISC,Day/Residential,Co-ed.,true,22.0189402,85.4218557,https://www.stsjoda.ac.in,https://locate.cisce.org/,2026-08-25
OR017,St. Mary's Higher Secondary School,"JHARSUGUDA, Jharsuguda, Odisha, 768 203, India",JHARSUGUDA,Jharsuguda,Odisha,768203,board,ICSE / ISC,Day,Co-ed.,true,21.8554375,84.0061661,https://www.stmarysjharsuguda.com,https://locate.cisce.org/,2026-08-25
OR018,Public School,"Jeypore, Koraput, Odisha, 764 001, India",Jeypore,Koraput,Odisha,764001,board,ICSE / ISC,Day,Co-ed.,true,18.853606,82.5696387,,https://locate.cisce.org/,2026-08-25
OR020,Blessed Sacrament High School,"PURI, Puri, Odisha, 752 001, India",PURI,Puri,Odisha,752001,board,ICSE / ISC,Day,Co-ed.,true,19.8056316,85.8329852,https://www.bshspuri.com,https://locate.cisce.org/,2026-08-25
OR021,S.d.a. High School,"ODISHA, Khordha, Odisha, 752 055, India",ODISHA,Khordha,Odisha,752055,board,ICSE / ISC,Day/Residential,Co-ed.,true,20.1862584,85.6222742,,https://locate.cisce.org/,2026-08-25
OR022,Bethany Convent School,"Pradip Port, Jagatsinghpur, Odisha, 754 142, India",Pradip Port,Jagatsinghpur,Odisha,754142,board,ICSE,Day,Co-ed.,true,20.269742,86.6466554,https://WWW.BETHANYCONVENTSCHOOL.IN,https://locate.cisce.org/,2026-08-25
OR023,Sacred Heart School,"RAYAGADA, Rayagada, Odisha, 765 001, India",RAYAGADA,Rayagada,Odisha,765001,board,ICSE / ISC,Day,Co-ed.,true,19.1714939,83.4116756,http://sacredheartschoolrayagada.com/,https://locate.cisce.org/,2026-08-25
OR024,Nirmala English School,"Rajgangpur, Sundargarh, Odisha, 770 017, India",Rajgangpur,Sundargarh,Odisha,770017,board,ICSE / ISC,Day,Co-ed.,true,22.189616,84.5867542,https://www.nirmalites.com,https://locate.cisce.org/,2026-08-25
OR025,Ispat English Medium School,"Rourkela, Sundargarh, Odisha, 769 005, India",Rourkela,Sundargarh,Odisha,769005,board,ICSE / ISC,Day,Co-ed.,true,22.262298,84.8802444,https://www.iemsrsp.com,https://locate.cisce.org/,2026-08-25
OR026,Carmel School,"Rourkela, Sundargarh, Odisha, 769 003, India",Rourkela,Sundargarh,Odisha,769003,board,ICSE / ISC,Day,Girls,true,22.2685566,84.8703624,https://carmelschoolrkl.in,https://locate.cisce.org/,2026-08-25
OR027,St. Paul's School,"Rourkela, Sundargarh, Odisha, 769 003, India",Rourkela,Sundargarh,Odisha,769003,board,ICSE / ISC,Day,Boys,true,22.2685566,84.8703624,http://stpaulsrourkela.org,https://locate.cisce.org/,2026-08-25
OR028,Desouza's School,"Rourkela, Sundargarh, Odisha, 769 006, India",Rourkela,Sundargarh,Odisha,769006,board,ICSE / ISC,Day,Co-ed.,true,22.2500845,84.8853956,https://desouzaschool.org,https://locate.cisce.org/,2026-08-25
OR029,St. Joseph's Convent School,"Rourkela, Sundargarh, Odisha, 769 003, India",Rourkela,Sundargarh,Odisha,769003,board,ICSE / ISC,Day,Girls,true,22.2685566,84.8703624,https://www.stjosephsrkl.org,https://locate.cisce.org/,2026-08-25
OR030,Indo English School,"Rourkela, Sundargarh, Odisha, 769 012, India",Rourkela,Sundargarh,Odisha,769012,board,ICSE / ISC,Day,Co-ed.,true,22.2250773,84.8480448,https://www.iesrkl.org,https://locate.cisce.org/,2026-08-25
OR031,Guru Tegh Bahadur Public School,"Rourkela, Sundargarh, Odisha, 769 003, India",Rourkela,Sundargarh,Odisha,769003,board,ICSE,Day,Co-ed.,true,22.266822,84.8587478,,https://locate.cisce.org/,2026-08-25
OR032,Ispat E.M. School,"Rourkela, Sundargarh, Odisha, 769 007, India",Rourkela,Sundargarh,Odisha,769007,board,ICSE,Day,Co-ed.,true,22.211202,84.8620054,https://iems.22,https://locate.cisce.org/,2026-08-25
OR033,Mar Gregorios Memorial English School,"Rourkela, Sundargarh, Odisha, 769 042, India",Rourkela,Sundargarh,Odisha,769042,board,ICSE / ISC,Day,Co-ed.,true,22.2688952,84.9010818,https://mgmesrourkela.com/,https://locate.cisce.org/,2026-08-25
OR034,City English School,"Rourkela, Sundargarh, Odisha, 769 001, India",Rourkela,Sundargarh,Odisha,769001,board,ICSE,Day,Co-ed.,true,22.2276749,84.8664035,,https://locate.cisce.org/,2026-08-25
OR035,Sri Aurobindo's Rourkela School,"Rourkela, Sundargarh, Odisha, 769 002, India",Rourkela,Sundargarh,Odisha,769002,board,ICSE / ISC,Day,Co-ed.,true,22.245584,84.86852,,https://locate.cisce.org/,2026-08-25
OR036,St. Gregorios English School,"Rourkela, Sundargarh, Odisha, 769 031, India",Rourkela,Sundargarh,Odisha,769031,board,ICSE / ISC,Day,Co-ed.,true,22.2397864,84.7401269,,https://locate.cisce.org/,2026-08-25
OR037,St. Joseph's Convent Higher Secondary School,"Brooks Hill, Sambalpur, Odisha, 768 001, India",Brooks Hill,Sambalpur,Odisha,768001,board,ICSE / ISC,Day,Co-ed.,true,20.2375561,84.2700179,https://www.stjosephschoolsbp.com,https://locate.cisce.org/,2026-08-25
OR038,Belpahar English Medium School,"Belpahar, Jharsuguda, Odisha, 768 218, India",Belpahar,Jharsuguda,Odisha,768218,board,ICSE / ISC,Day,Co-ed.,true,21.8217054,83.8533823,,https://locate.cisce.org/,2026-08-25
OR039,Public School,"Sunabeda, Koraput, Odisha, 763 001, India",Sunabeda,Koraput,Odisha,763001,board,ICSE / ISC,Day/Residential,Co-ed.,true,18.7508635,82.8277925,,https://locate.cisce.org/,2026-08-25
OR041,Venkateswar English Medium School,"Bhubaneswar, Khordha, Odisha, 751 001, India",Bhubaneswar,Khordha,Odisha,751001,board,ICSE,Day,Co-ed.,true,20.2800096,85.831986,,https://locate.cisce.org/,2026-08-25
OR042,Jeevan Jyothi Convent School,"Semiliguda, Koraput, Odisha, 764 036, India",Semiliguda,Koraput,Odisha,764036,board,ICSE,Day,Co-ed.,true,18.7111699,82.850778,,https://locate.cisce.org/,2026-08-25
OR043,St. Mary's School,"JAJPUR, Jajpur, Odisha, 755 019, India",JAJPUR,Jajpur,Odisha,755019,board,ICSE / ISC,Day,Co-ed.,true,20.9550552,86.1271048,https://www.stmarysjajpurroad.com,https://locate.cisce.org/,2026-08-25
OR044,De Paul School,"Berhampur, Ganjam, Odisha, 760 010, India",Berhampur,Ganjam,Odisha,760010,board,ICSE / ISC,Day,Co-ed.,true,19.3074937,84.8160447,https://www.depaulbam.in,https://locate.cisce.org/,2026-08-25
OR046,Nirmala Convent School,"Kashipur, Kendujhar, Odisha, 758 001, India",Kashipur,Kendujhar,Odisha,758001,board,ICSE / ISC,Day,Co-ed.,true,21.6361112,85.619035,,https://locate.cisce.org/,2026-08-25
OR047,Pragati Public School,"Rourkela, Sundargarh, Odisha, 769 007, India",Rourkela,Sundargarh,Odisha,769007,board,ICSE,Day,Co-ed.,true,22.1938715,84.8642924,https://pragatipublicschoolrkl.in,https://locate.cisce.org/,2026-08-25
OR048,Daniel Public School,"Brajarajnagar, Jharsuguda, Odisha, 768 216, India",Brajarajnagar,Jharsuguda,Odisha,768216,board,ICSE / ISC,Day,Co-ed.,true,21.8306126,83.9360518,,https://locate.cisce.org/,2026-08-25
OR049,Children's Centre Of Integral Education,"Bhubaneshwar, Khordha, Odisha, 751 022, India",Bhubaneshwar,Khordha,Odisha,751022,board,ICSE,Day,Co-ed.,true,20.296387,85.8356438,https://www.cciebbsr.com,https://locate.cisce.org/,2026-08-25
OR050,Saint Lawrence School,"Tentoloi, Angul, Odisha, 759 128, India",Tentoloi,Angul,Odisha,759128,board,ICSE,Day,Co-ed.,true,20.851409,85.2135931,https://www.slsangul.com,https://locate.cisce.org/,2026-08-25
OR051,Deepti Convent School,"Jeypore, Koraput, Odisha, 764 001, India",Jeypore,Koraput,Odisha,764001,board,ICSE / ISC,Day,Co-ed.,true,18.8662907,82.5828639,,https://locate.cisce.org/,2026-08-25
OR052,St. Mary's Convent School,"Birmitrapur, Sundargarh, Odisha, 770 033, India",Birmitrapur,Sundargarh,Odisha,770033,board,ICSE,Day,Co-ed.,true,22.4085842,84.7158823,,https://locate.cisce.org/,2026-08-25
OR053,New Stewart School,"CUTTACK, Cuttack, Odisha, 753 001, India",CUTTACK,Cuttack,Odisha,753001,board,ICSE / ISC,Day,Co-ed.,true,20.4756876,85.8726319,https://www.newstewartschoolctc.in,https://locate.cisce.org/,2026-08-25
OR054,Ruchika High School,"Bhubaneswar, Khordha, Odisha, 751 001, India",Bhubaneswar,Khordha,Odisha,751001,board,ICSE,Day,Co-ed.,true,20.2669603,85.8203232,https://www.ruchikaschool.ac.in,https://locate.cisce.org/,2026-08-25
OR055,Mission School,"Jatni, Khordha, Odisha, 752 050, India",Jatni,Khordha,Odisha,752050,board,ICSE,Day,Co-ed.,true,20.1622811,85.7012527,https://www.missionschooljatani.org,https://locate.cisce.org/,2026-08-25
OR056,Saint Mary's School,"Rourkela, Sundargarh, Odisha, 769 042, India",Rourkela,Sundargarh,Odisha,769042,board,ICSE,Day,Co-ed.,true,22.2611513,84.9008005,https://saintmarysschoolrkl.com,https://locate.cisce.org/,2026-08-25
OR057,St. Anne's School,"Titligarh, Balangir, Odisha, 767 033, India",Titligarh,Balangir,Odisha,767033,board,ICSE,Day,Co-ed.,true,20.2916998,83.1528038,,https://locate.cisce.org/,2026-08-25
OR058,St. Thomas English School,"Rourkela, Sundargarh, Odisha, 769 012, India",Rourkela,Sundargarh,Odisha,769012,board,ICSE / ISC / CVE,Day,Co-ed.,true,22.2288682,84.8408775,,https://locate.cisce.org/,2026-08-25
OR059,Little Flower School,"Jyoti Nagar, Balangir, Odisha, 767 002, India",Jyoti Nagar,Balangir,Odisha,767002,board,ICSE / ISC,Day,Co-ed.,true,19.3186371,84.8026881,https://www.lfsbalangir.in,https://locate.cisce.org/,2026-08-25
OR060,Chinmaya Vidyalaya (E.M.),"Rourkela, Sundargarh, Odisha, 769 015, India",Rourkela,Sundargarh,Odisha,769015,board,ICSE / ISC,Day,Co-ed.,true,22.2418318,84.8186645,,https://locate.cisce.org/,2026-08-25
OR061,St. Joseph's School,"KENDRAPARA, Kendrapara, Odisha, 754 211, India",KENDRAPARA,Kendrapara,Odisha,754211,board,ICSE / ISC,Day,Co-ed.,true,20.5157207,86.4007826,https://www.sjskendrapara.com,https://locate.cisce.org/,2026-08-25
OR062,Saheed Laxman Nayak Public School,"ODISHA, Nabarangpur, Odisha, 764 073, India",ODISHA,Nabarangpur,Odisha,764073,board,ICSE / ISC,Day,Co-ed.,true,19.6660148,82.2062062,,https://locate.cisce.org/,2026-08-25
OR063,Divine Public School,"New Colony, Rayagada, Odisha, 765 001, India",New Colony,Rayagada,Odisha,765001,board,ICSE,Day,Co-ed.,true,19.1714346,83.42381,,https://locate.cisce.org/,2026-08-25
OR064,Carmel English Medium School,"Phulbani, Kandhamal, Odisha, 762 001, India",Phulbani,Kandhamal,Odisha,762001,board,ICSE,Day,Co-ed.,true,20.4666355,84.2430676,,https://locate.cisce.org/,2026-08-25
OR065,Stewart School,"Tata Steel, Jajpur, Odisha, 755 028, India",Tata Steel,Jajpur,Odisha,755028,board,ICSE / ISC,Day,Co-ed.,true,21.025705,85.7591362,https://www.stewartschoolsukinda.in,https://locate.cisce.org/,2026-08-25
OR066,Queen Mary's School,"Raja Bagicha, Cuttack, Odisha, 753 009, India",Raja Bagicha,Cuttack,Odisha,753009,board,ICSE,Day,Co-ed.,true,20.4602059,85.8724543,https://www.queenmarysctc.com,https://locate.cisce.org/,2026-08-25
OR067,St. James' Convent School,"Jaleswar, Balasore, Odisha, 756 032, India",Jaleswar,Balasore,Odisha,756032,board,ICSE,Day,Co-ed.,true,21.809586,87.23,,https://locate.cisce.org/,2026-08-25
OR068,Navjyoti Vidyalaya,"Nuapada, Nuapada, Odisha, 766 104, India",Nuapada,Nuapada,Odisha,766104,board,ICSE / ISC,Day,Co-ed.,true,20.8968392,82.5104655,https://navjyotividyalaya.com,https://locate.cisce.org/,2026-08-25
OR069,The Assembly Of God School,"Cox Colony, Jharsuguda, Odisha, 738 201, India",Cox Colony,Jharsuguda,Odisha,738201,board,ICSE / ISC,Day,Co-ed.,true,21.8721034,84.0154204,,https://locate.cisce.org/,2026-08-25
OR070,Amarvani School,"ODISHA, Angul, Odisha, 759 123, India",ODISHA,Angul,Odisha,759123,board,ICSE,Day,Co-ed.,true,20.8441427,85.1207061,,https://locate.cisce.org/,2026-08-25
OR071,New Life English Medium School,"Bissamcuttack, Rayagada, Odisha, 765 019, India",Bissamcuttack,Rayagada,Odisha,765019,board,ICSE,Day,Co-ed.,true,19.5057452,83.5016887,,https://locate.cisce.org/,2026-08-25
OR072,Kerala Public School,"Rairangpur, Mayurbhanj, Odisha, 757 043, India",Rairangpur,Mayurbhanj,Odisha,757043,board,ICSE,Day,Co-ed.,true,22.2633552,86.1770972,,https://locate.cisce.org/,2026-08-25
OR073,Vikash Convent School,"Karanjia, Mayurbhanj, Odisha, 757 037, India",Karanjia,Mayurbhanj,Odisha,757037,board,ICSE / ISC,Day,Co-ed.,true,21.7616836,85.9724925,,https://locate.cisce.org/,2026-08-25
OR074,St. Xavier's High School,"Barabati Stadium, Cuttack, Odisha, 753 005, India",Barabati Stadium,Cuttack,Odisha,753005,board,ICSE / ISC,Day,Co-ed.,true,20.4809114,85.8685633,,https://locate.cisce.org/,2026-08-25
OR075,Guru Nanak Public School,"Berhampur, Ganjam, Odisha, 760 005, India",Berhampur,Ganjam,Odisha,760005,board,ICSE,Day,Co-ed.,true,19.3050136,84.7982982,,https://locate.cisce.org/,2026-08-25
OR076,Happy Home School,"BHADRAK, Bhadrak, Odisha, 756 101, India",BHADRAK,Bhadrak,Odisha,756101,board,ICSE,Day,Co-ed.,true,21.088909,86.5207916,,https://locate.cisce.org/,2026-08-25
OR077,St. John Mary Vianney English Medium School,"Kusumtoli, Sundargarh, Odisha, 770 018, India",Kusumtoli,Sundargarh,Odisha,770018,board,ICSE,Day,Co-ed.,true,22.4092322,84.8281174,,https://locate.cisce.org/,2026-08-25
OR078,St. Antony's School,"Bidyadharpur, Cuttack, Odisha, 753 004, India",Bidyadharpur,Cuttack,Odisha,753004,board,ICSE,Day,Co-ed.,true,20.4519479,85.9368423,,https://locate.cisce.org/,2026-08-25
OR079,Carmel Convent School,"Chatrapur, Ganjam, Odisha, 761 020, India",Chatrapur,Ganjam,Odisha,761020,board,ICSE / ISC,Day,Co-ed.,true,19.3556319,84.9796224,,https://locate.cisce.org/,2026-08-25
OR080,Loreto English School,"Rourkela, Sundargarh, Odisha, 769 004, India",Rourkela,Sundargarh,Odisha,769004,board,ICSE / ISC,Day,Co-ed.,true,22.2277806,84.8150102,,https://locate.cisce.org/,2026-08-25
OR081,Loyola School,"Bhubaneswar, Khordha, Odisha, 751 023, India",Bhubaneswar,Khordha,Odisha,751023,board,ICSE / ISC,Day,Co-ed.,true,20.3189572,85.8214949,https://www.loyolabbsr.edu.in,https://locate.cisce.org/,2026-08-25
OR083,St. Anne's Convent School,"SUBARNAPUR, Subarnapur, Odisha, 767 017, India",SUBARNAPUR,Subarnapur,Odisha,767017,board,ICSE,Day,Co-ed.,true,20.8476023,83.8958113,,https://locate.cisce.org/,2026-08-25
OR084,St. Thomas English School,"JHARSUGUDA, Jharsuguda, Odisha, 768 202, India",JHARSUGUDA,Jharsuguda,Odisha,768202,board,ICSE / ISC,Day,Co-ed.,true,21.8610999,84.0191043,https://www.stthomasjsg.org,https://locate.cisce.org/,2026-08-25
OR085,Jaga Mata School,"BALANGIR, Balangir, Odisha, 767 032, India",BALANGIR,Balangir,Odisha,767032,board,ICSE,Day,Co-ed.,true,20.4417491,83.2811383,,https://locate.cisce.org/,2026-08-25
OR086,Carmel School,"P.O. Bhadrak, Bhadrak, Odisha, 756 127, India",P.O. Bhadrak,Bhadrak,Odisha,756127,board,ICSE / ISC,Day,Co-ed.,true,21.0540225,86.6639097,https://www.carmelschoolbdk.com,https://locate.cisce.org/,2026-08-25
OR087,St. Joseph's English Medium School,"Gajapathi, Gajapati, Odisha, 761 200, India",Gajapathi,Gajapati,Odisha,761200,board,ICSE,Day/Boarding,Co-ed.,true,18.7730989,84.0917484,https://www.stjosephgajapati.com,https://locate.cisce.org/,2026-08-25
OR088,Deepti Convent School,"MALKANGIRI, Malkangiri, Odisha, 764 045, India",MALKANGIRI,Malkangiri,Odisha,764045,board,ICSE,Day,Co-ed.,true,18.1885625,81.5458125,,https://locate.cisce.org/,2026-08-25
OR089,Saint Arnold's School,"Bhubaneswar, Khordha, Odisha, 751 019, India",Bhubaneswar,Khordha,Odisha,751019,board,ICSE / ISC,Day,Co-ed.,true,20.2515684,85.7537845,https://www.starnoldsbbsr.com,https://locate.cisce.org/,2026-08-25
OR090,St. Joseph's Convent School,"GANJAM, Ganjam, Odisha, 760 001, India",GANJAM,Ganjam,Odisha,760001,board,ICSE,Day,Co-ed.,true,19.311937,84.7918964,https://stjosephschoolberhampur.com,https://locate.cisce.org/,2026-08-25
OR091,Vivekananda International School,"Belpahar, Jharsuguda, Odisha, 768 218, India",Belpahar,Jharsuguda,Odisha,768218,board,ICSE,Day,Co-ed.,true,21.8015269,83.8562931,,https://locate.cisce.org/,2026-08-25
OR092,St. John's School,"Sambalpur, Sambalpur, Odisha, 768006, India",Sambalpur,Sambalpur,Odisha,768006,board,ICSE,Day,Co-ed.,true,21.4782578,84.0035217,https://www.stjohnssambalpur.in,https://locate.cisce.org/,2026-08-25
OR093,Loyola School,"Baripada, Mayurbhanj, Odisha, 757107, India",Baripada,Mayurbhanj,Odisha,757107,board,ICSE,Day/Boarding,Co-ed.,true,21.9378538,86.7861564,,https://locate.cisce.org/,2026-08-25
OR094,Deepti Convent School,"Rayagada, Rayagada, Odisha, 765001, India",Rayagada,Rayagada,Odisha,765001,board,ICSE / ISC,Day/Boarding,Boys,true,19.1624296,83.418992,,https://locate.cisce.org/,2026-08-25
OR095,Western Orissa Residential Public School,"NUAPADA, Nuapada, Odisha, 766107, India",NUAPADA,Nuapada,Odisha,766107,board,ICSE,Day,Co-ed.,true,20.2866522,82.762337,,https://locate.cisce.org/,2026-08-25
OR096,St. Theresa English School,"SUNDARGARH, Sundargarh, Odisha, 770001, India",SUNDARGARH,Sundargarh,Odisha,770001,board,ICSE / ISC,Day,Co-ed.,true,22.120021,84.037224,https://www.sttheresa.co.in,https://locate.cisce.org/,2026-08-25
OR097,Holy Family English Medium School,"Nayagarh, Nayagarh, Odisha, 752070, India",Nayagarh,Nayagarh,Odisha,752070,board,ICSE,Day,Co-ed.,true,20.1413637,85.1049974,,https://locate.cisce.org/,2026-08-25
OR098,Carmel School,"Rourkela, Sundargarh, Odisha, 769016, India",Rourkela,Sundargarh,Odisha,769016,board,ICSE,Day,Co-ed.,true,22.1839256,84.870359,,https://locate.cisce.org/,2026-08-25
OR099,Don Bosco English Medium School,"Muniguda, Rayagada, Odisha, 765020, India",Muniguda,Rayagada,Odisha,765020,board,ICSE,Day/Boarding,Co-ed.,true,19.6094807,83.5043545,https://donboscoschoolmuniguda.org,https://locate.cisce.org/,2026-08-25
OR100,The Queen International School,"Balangir, Balangir, Odisha, 767065, India",Balangir,Balangir,Odisha,767065,board,ICSE,Day,Co-ed.,true,20.7058744,83.4878469,,https://locate.cisce.org/,2026-08-25
OR101,St Joseph's Convent School,"BONAIGARH, Sundargarh, Odisha, 770038, India",BONAIGARH,Sundargarh,Odisha,770038,board,ICSE,Day/Boarding,Boys,true,21.8240183,84.9323234,,https://locate.cisce.org/,2026-08-25
OR102,St Mary's Convent School,"Nuapada, Nuapada, Odisha, 766105, India",Nuapada,Nuapada,Odisha,766105,board,ICSE,Day/Boarding,Co-ed.,true,20.760112,82.5672727,,https://locate.cisce.org/,2026-08-25
OR103,ST. VINCENT'S ENGLISH MEDIUM SCHOOL,"GUNUPUR, Rayagada, Odisha, 765022, India",GUNUPUR,Rayagada,Odisha,765022,board,ICSE,Day,Co-ed.,true,19.0754648,83.8128265,,https://locate.cisce.org/,2026-08-25
OR104,Harrison English School,"Rajgangpur, Sundargarh, Odisha, 770034, India",Rajgangpur,Sundargarh,Odisha,770034,board,ICSE,Day,Co-ed.,true,22.189616,84.5867542,,https://locate.cisce.org/,2026-08-25
OR105,Don Bosco English Medium School,"Rourkela, Sundargarh, Odisha, 770039, India",Rourkela,Sundargarh,Odisha,770039,board,ICSE,Day/Boarding,Co-ed.,true,22.4085842,84.7158823,https://www.dbemkuarmunda.in,https://locate.cisce.org/,2026-08-25
OR106,Loyola School,"JAJPUR, Jajpur, Odisha, 755026, India",JAJPUR,Jajpur,Odisha,755026,board,ICSE,Day,Co-ed.,true,20.9763099,86.005141,https://www.loyolaschoolkalinganagar.in,https://locate.cisce.org/,2026-08-25
OR107,St. John’s English School,"Rourkela, Sundargarh, Odisha, 769043, India",Rourkela,Sundargarh,Odisha,769043,board,ICSE,Day,Co-ed.,true,22.185002,84.8716884,,https://locate.cisce.org/,2026-08-25
OR108,J M J English Medium School,"Kantabanji, Balangir, Odisha, 767039, India",Kantabanji,Balangir,Odisha,767039,board,ICSE,Day/Boarding,Co-ed.,true,20.4677216,82.9208964,https://jmjkantabanji.com/,https://locate.cisce.org/,2026-08-25
OR109,Immanuel English School Of Seventh-day Adventists,"Jeypore, Koraput, Odisha, 764003, India",Jeypore,Koraput,Odisha,764003,board,ICSE,Day/Residential,Co-ed.,true,18.8515408,82.5763779,,https://locate.cisce.org/,2026-08-25
PN001,Primrose School,"Oulgaret, Puducherry, Puducherry, 605 010, India",Oulgaret,Puducherry,Puducherry,605010,board,ICSE / ISC,Day,Co-ed.,true,11.9302335,79.806122,https://www.primroseschool.org,https://locate.cisce.org/,2026-08-25
PN002,Aklavya International School,"Puducherry, Puducherry, Puducherry, 605 004, India",Puducherry,Puducherry,Puducherry,605004,board,ICSE / ISC,Day,Co-ed.,true,11.9102718,79.8243247,https://www.aklavya.in,https://locate.cisce.org/,2026-08-25
PN003,Seventh Day Adventist Higher Secondary School,"Puducherry, Puducherry, Puducherry, 605009, India",Puducherry,Puducherry,Puducherry,605009,board,ICSE,Day,Co-ed.,true,11.9403074,79.7908339,,https://locate.cisce.org/,2026-08-25
PN004,British International Academy,"PUDUCHERRY, Puducherry, Puducherry, 605010, India",PUDUCHERRY,Puducherry,Puducherry,605010,board,ICSE,Day,Co-ed.,true,11.9326295,79.7725922,https://www.britishacademypdy.com,https://locate.cisce.org/,2026-08-25
PN005,St Joseph Of Cluny Hr. Sec. School,"PUDUCHERRY, Puducherry, Puducherry, 605008, India",PUDUCHERRY,Puducherry,Puducherry,605008,board,ICSE,Day,Girls,true,11.9571961,79.8168045,https://www.sjclunyhsspondy.org,https://locate.cisce.org/,2026-08-25
PN006,Seventh Day Adventist Hr Sec School,"puducherry, Puducherry, Puducherry, 605004, India",puducherry,Puducherry,Puducherry,605004,board,ICSE,Day,Co-ed.,true,10.8977204,76.935143,,https://locate.cisce.org/,2026-08-25
PU001,Assumption Convent School,"Abohar, Firozpur, Punjab, 152 116, India",Abohar,Firozpur,Punjab,152116,board,ICSE,Day,Co-ed.,true,30.146861,74.2008185,https://ASSUMPTION CONVENT SCHOOL ABOHAR,https://locate.cisce.org/,2026-08-25
PU002,St. Francis School,"AMRITSAR, Amritsar, Punjab, 143 001, India",AMRITSAR,Amritsar,Punjab,143001,board,ICSE / ISC,Day,Co-ed.,true,31.646688,74.854848,,https://locate.cisce.org/,2026-08-25
PU003,Sacred Heart Senior Secondary School,"Majitha Road, Amritsar, Punjab, 143 001, India",Majitha Road,Amritsar,Punjab,143001,board,ICSE / ISC,Day,Girls,true,31.7201102,74.9357546,https://www.shsamritsar.org,https://locate.cisce.org/,2026-08-25
PU004,Baring School,"Batala, Gurdaspur, Punjab, 143 505, India",Batala,Gurdaspur,Punjab,143505,board,ICSE / ISC,Day,Co-ed.,true,31.8001031,75.1929489,https://www.baringschool.org,https://locate.cisce.org/,2026-08-25
PU005,Minerva Public School,"Ropar, Rupnagar, Punjab, 140 301, India",Ropar,Rupnagar,Punjab,140301,board,ICSE / ISC,Residential,Co-ed.,true,30.9661003,76.5230961,https://www.mssafep.com,https://locate.cisce.org/,2026-08-25
PU006,St. Joseph's Convent School,"Ferozepur Cantt., Firozpur, Punjab, 152 001, India",Ferozepur Cantt.,Firozpur,Punjab,152001,board,ICSE / ISC,Day,Co-ed.,true,30.137872,74.2021575,https://www.sjcsfzr.com,https://locate.cisce.org/,2026-08-25
PU007,Little Flower Convent School,"GURDASPUR, Gurdaspur, Punjab, 143 521, India",GURDASPUR,Gurdaspur,Punjab,143521,board,ICSE / ISC,Day,Co-ed.,true,32.0476467,75.4184486,,https://locate.cisce.org/,2026-08-25
PU008,St. Joseph's Convent School,"Ram Colony Camp, Hoshiarpur, Punjab, 146 001, India",Ram Colony Camp,Hoshiarpur,Punjab,146001,board,ICSE / ISC,Day,Co-ed.,true,31.4998648,75.9448725,,https://locate.cisce.org/,2026-08-25
PU009,St. Joseph's Convent School,"Cantonment Road, Jalandhar, Punjab, 144 005, India",Cantonment Road,Jalandhar,Punjab,144005,board,ICSE / ISC,Day,Girls,true,31.2974058,75.6014007,https://www.stjosephsconventjalandhar.com,https://locate.cisce.org/,2026-08-25
PU010,S. D. Model School For Boys & Girls,"Jalandhar Cantt., Jalandhar, Punjab, 144 005, India",Jalandhar Cantt.,Jalandhar,Punjab,144005,board,ICSE,Day,Co-ed.,true,31.2969065,75.6218349,,https://locate.cisce.org/,2026-08-25
PU011,Seventh-Day Adventist Senior Secondary School,"JALANDHAR, Jalandhar, Punjab, 144 005, India",JALANDHAR,Jalandhar,Punjab,144005,board,ICSE / ISC,Day,Co-ed.,true,31.3089795,75.5920431,,https://locate.cisce.org/,2026-08-25
PU012,St. Joseph's Boys' School,"Jalandhar City, Jalandhar, Punjab, 144 001, India",Jalandhar City,Jalandhar,Punjab,144001,board,ICSE / ISC,Day,Boys,true,31.3100319,75.595347,https://www.sjbschooljalandhar.in,https://locate.cisce.org/,2026-08-25
PU013,Sacred Heart School,"Dosanj Road, Moga, Punjab, 142 001, India",Dosanj Road,Moga,Punjab,142001,board,ICSE / ISC,Day,Co-ed.,true,30.8312075,75.1979801,https://www.shsmoga.com,https://locate.cisce.org/,2026-08-25
PU014,Little Flower Convent School,"Old Ferozepur Road, Muktsar, Punjab, 152 026, India",Old Ferozepur Road,Muktsar,Punjab,152026,board,ICSE / ISC,Day/Residential,Co-ed.,true,30.5857172,74.548037,https://littleflowermuktsar.org,https://locate.cisce.org/,2026-08-25
PU015,The Punjab Public School,"Nabha, Patiala, Punjab, 147 201, India",Nabha,Patiala,Punjab,147201,board,ICSE / ISC,Residential,Co-ed.,true,30.3730177,76.1469551,,https://locate.cisce.org/,2026-08-25
PU016,Yadavindra Public School,"Stadium Road, Patiala, Punjab, 147 001, India",Stadium Road,Patiala,Punjab,147001,board,ICSE / ISC,Day/Residential,Co-ed.,true,33.650876,73.073997,http://www.ypspatiala.org,https://locate.cisce.org/,2026-08-25
PU017,Holy Angels School,"Rajpura, Patiala, Punjab, 140 401, India",Rajpura,Patiala,Punjab,140401,board,ICSE,Day,Co-ed.,true,30.4765796,76.5905317,https://www.holyangelsschool.in,https://locate.cisce.org/,2026-08-25
PU018,Sacred Heart Convent School,"Malout, Muktsar, Punjab, 152 107, India",Malout,Muktsar,Punjab,152107,board,ICSE,Day,Co-ed.,true,30.1890199,74.4996955,https://shcsmalout.org,https://locate.cisce.org/,2026-08-25
PU019,St. Joseph's Convent School,"Phagwara, Kapurthala, Punjab, 144 401, India",Phagwara,Kapurthala,Punjab,144401,board,ICSE / ISC,Day,Co-ed.,true,31.2172133,75.7698822,https://stjosephphagwara.org,https://locate.cisce.org/,2026-08-25
PU020,St. Jude's Convent School,"Nakodar, Jalandhar, Punjab, 144 040, India",Nakodar,Jalandhar,Punjab,144040,board,ICSE / ISC,Day,Co-ed.,true,31.1270186,75.4817733,https://stjudesnakodar.ac.in,https://locate.cisce.org/,2026-08-25
PU021,Mount Carmel School,"Kakkon, Hoshiarpur, Punjab, 146 001, India",Kakkon,Hoshiarpur,Punjab,146001,board,ICSE / ISC,Day,Co-ed.,true,31.565412,75.9097666,,https://locate.cisce.org/,2026-08-25
PU022,St. Francis School,"Tarn Taran, Amritsar, Punjab, 143 401, India",Tarn Taran,Amritsar,Punjab,143401,board,ICSE / ISC,Day,Co-ed.,true,31.4538668,74.9267599,https://www.stfrancistarntaran.org,https://locate.cisce.org/,2026-08-25
PU023,St. Antony's Convent School,"Adampur Aerodrome, Jalandhar, Punjab, 144 103, India",Adampur Aerodrome,Jalandhar,Punjab,144103,board,ICSE / ISC,Day,Co-ed.,true,31.4329486,75.713901,,https://locate.cisce.org/,2026-08-25
PU024,St. Paul's Convent School,"Dasuya, Hoshiarpur, Punjab, 144 205, India",Dasuya,Hoshiarpur,Punjab,144205,board,ICSE / ISC,Day,Co-ed.,true,31.8126955,75.6614115,,https://locate.cisce.org/,2026-08-25
PU025,Christ King Convent School,"Kartarpur Road, Kapurthala, Punjab, 144 601, India",Kartarpur Road,Kapurthala,Punjab,144601,board,ICSE / ISC,Day,Co-ed.,true,31.1471305,75.3412179,https://christkingkapurthala.ac.in,https://locate.cisce.org/,2026-08-25
PU026,St. Francis School,"Batala, Gurdaspur, Punjab, 143 505, India",Batala,Gurdaspur,Punjab,143505,board,ICSE / ISC,Day,Co-ed.,true,31.8184832,75.2095902,https://www.stfrancisbatala.com,https://locate.cisce.org/,2026-08-25
PU027,St. Francis Convent School,"Fatehgarh Churian, Gurdaspur, Punjab, 143 602, India",Fatehgarh Churian,Gurdaspur,Punjab,143602,board,ICSE / ISC,Day,Co-ed.,true,31.856587,74.9509943,https://sfcsfatehgarhchurian.org,https://locate.cisce.org/,2026-08-25
PU028,St. Mary's Convent School,"Church Road, Faridkot, Punjab, 151 203, India",Church Road,Faridkot,Punjab,151203,board,ICSE,Day,Co-ed.,true,30.6428377,76.8430515,https://stmaryschoolfaridkot.org,https://locate.cisce.org/,2026-08-25
PU029,BIBI SURINDER KAUR BADAL MALWA SCHOOL,"Giddarbaha, Muktsar, Punjab, 152 101, India",Giddarbaha,Muktsar,Punjab,152101,board,ICSE / ISC,Day/Residential,Co-ed.,true,30.1304605,74.5454334,https://www.malwaschoolgdb.com,https://locate.cisce.org/,2026-08-25
PU030,Sacred Heart Convent School,"Fazilka, Firozpur, Punjab, 152 123, India",Fazilka,Firozpur,Punjab,152123,board,ICSE,Day,Co-ed.,true,30.4036478,74.0279621,https://www.sacredheartfazilka.org,https://locate.cisce.org/,2026-08-25
PU031,St. Francis Convent School,"Jandialaguru, Amritsar, Punjab, 143 115, India",Jandialaguru,Amritsar,Punjab,143115,board,ICSE / ISC,Day,Co-ed.,true,31.5586546,75.0290591,https://www.stfrancisjandialaguru.com,https://locate.cisce.org/,2026-08-25
PU032,Little Flower Convent School,"GURDASPUR, Gurdaspur, Punjab, 143 519, India",GURDASPUR,Gurdaspur,Punjab,143519,board,ICSE / ISC,Day,Co-ed.,true,32.0412709,75.4100809,,https://locate.cisce.org/,2026-08-25
PU033,All Saints Convent School,"Ajnala, Amritsar, Punjab, 143 102, India",Ajnala,Amritsar,Punjab,143102,board,ICSE / ISC,Day,Co-ed.,true,31.8428247,74.7629661,,https://locate.cisce.org/,2026-08-25
PU034,Mount Carmel School,"Garhshankar, Hoshiarpur, Punjab, 144 527, India",Garhshankar,Hoshiarpur,Punjab,144527,board,ICSE,Day,Co-ed.,true,31.217507,76.1406925,https://mountcarmelgsr.org,https://locate.cisce.org/,2026-08-25
PU035,Alexandra School,"AMRITSAR, Amritsar, Punjab, 143 001, India",AMRITSAR,Amritsar,Punjab,143001,board,ICSE / ISC,Day,Co-ed.,true,31.6353629,74.8742957,,https://locate.cisce.org/,2026-08-25
PU036,St. Joseph's Convent School,"Phillaur, Jalandhar, Punjab, 144 410, India",Phillaur,Jalandhar,Punjab,144410,board,ICSE / ISC,Day,Co-ed.,true,31.0788907,75.7816342,,https://locate.cisce.org/,2026-08-25
PU037,Yadavindra Public School,"SAS NAGAR, Sahibzada Ajit Singh Nagar, Punjab, 160 062, India",SAS NAGAR,Sahibzada Ajit Singh Nagar,Punjab,160062,board,ICSE / ISC,Day/Residential,Co-ed.,true,30.7058797,76.7408666,https://www.ypschd.com,https://locate.cisce.org/,2026-08-25
PU038,Saint Paul's High School,"Goniana Road, Bathinda, Punjab, 151 003, India",Goniana Road,Bathinda,Punjab,151003,board,ICSE / ISC,Day,Co-ed.,true,31.3316254,75.5654203,https://www.saintpaulsbathinda.com,https://locate.cisce.org/,2026-08-25
PU039,Fauja Singh Mann Silver Creek School,"Batala, Gurdaspur, Punjab, 143 505, India",Batala,Gurdaspur,Punjab,143505,board,ICSE / ISC,Day,Co-ed.,true,31.8147736,75.2040784,,https://locate.cisce.org/,2026-08-25
PU040,Col. V.R. Mohan D.A.V. Public School,"S.A.S. Nagar, Sahibzada Ajit Singh Nagar, Punjab, 140 507, India",S.A.S. Nagar,Sahibzada Ajit Singh Nagar,Punjab,140507,board,ICSE,Day,Co-ed.,true,30.5886835,76.8470955,,https://locate.cisce.org/,2026-08-25
PU041,Sacred Heart Convent School,"Chandigarh Road, Ludhiana, Punjab, 141 010, India",Chandigarh Road,Ludhiana,Punjab,141010,board,ICSE / ISC,Day,Co-ed.,true,28.4433834,77.0515376,https://www.sacredheartludhiana.edu.in,https://locate.cisce.org/,2026-08-25
PU042,St. Francis Convent School,"Kartarpur, Jalandhar, Punjab, 144 801, India",Kartarpur,Jalandhar,Punjab,144801,board,ICSE / ISC,Day,Co-ed.,true,31.4370085,75.4989733,https://www.stfrancisconventschool.edu.in,https://locate.cisce.org/,2026-08-25
PU043,Little Flower Convent School,"Dinanagar, Gurdaspur, Punjab, 143 536, India",Dinanagar,Gurdaspur,Punjab,143536,board,ICSE / ISC,Day,Co-ed.,true,32.1499491,75.4854472,https://www.lfcsdnr.com,https://locate.cisce.org/,2026-08-25
PU044,Mount Carmel School,"Mehtiana, Hoshiarpur, Punjab, 146 001, India",Mehtiana,Hoshiarpur,Punjab,146001,board,ICSE,Day,Co-ed.,true,31.3708197,75.8170786,https://www.mountcarmelmehtiana.org,https://locate.cisce.org/,2026-08-25
PU045,St. Francis Convent School,"Dera Baba Nanak, Gurdaspur, Punjab, 143 604, India",Dera Baba Nanak,Gurdaspur,Punjab,143604,board,ICSE / ISC,Day,Co-ed.,true,32.0322118,75.030447,https://www.sfcsderababananak.com,https://locate.cisce.org/,2026-08-25
PU046,Holy Family Convent School,"Ropar, Rupnagar, Punjab, 140 001, India",Ropar,Rupnagar,Punjab,140001,board,ICSE / ISC,Day,Co-ed.,true,30.9812949,76.5428998,https://www.hfcsropar.in,https://locate.cisce.org/,2026-08-25
PU047,Holy Heart Presidency School,"Amritsar, Amritsar, Punjab, 143 001, India",Amritsar,Amritsar,Punjab,143001,board,ICSE / ISC,Day,Co-ed.,true,31.6677047,74.8630093,https://www.holyheartschools.com,https://locate.cisce.org/,2026-08-25
PU048,Sacred Heart Convent School,"Samrala, Ludhiana, Punjab, 141 114, India",Samrala,Ludhiana,Punjab,141114,board,ICSE / ISC,Day,Co-ed.,true,30.8167283,76.1964862,,https://locate.cisce.org/,2026-08-25
PU049,New Angel Public School,"Zirakpur, Sahibzada Ajit Singh Nagar, Punjab, 140 603, India",Zirakpur,Sahibzada Ajit Singh Nagar,Punjab,140603,board,ICSE,Day,Co-ed.,true,30.6521889,76.8166922,https://www.newangelschool.co.in,https://locate.cisce.org/,2026-08-25
PU050,St. Francis Convent School,"Ghanie Ke Bangar, Gurdaspur, Punjab, 143 513, India",Ghanie Ke Bangar,Gurdaspur,Punjab,143513,board,ICSE / ISC,Day,Co-ed.,true,31.8625969,75.0595229,https://www.sfcsgkbangar.com,https://locate.cisce.org/,2026-08-25
PU051,St. Xavier's High School,"S.A.S. Nagar, Sahibzada Ajit Singh Nagar, Punjab, 160 071, India",S.A.S. Nagar,Sahibzada Ajit Singh Nagar,Punjab,160071,board,ICSE / ISC,Day,Co-ed.,true,30.7312394,76.7182478,,https://locate.cisce.org/,2026-08-25
PU053,Model Study High School,"Tung Bala, Amritsar, Punjab, 143 001, India",Tung Bala,Amritsar,Punjab,143001,board,ICSE,Day,Co-ed.,true,31.6577423,74.8887562,http://modelstudyhighschool.com/,https://locate.cisce.org/,2026-08-25
PU054,Sachkhand Convent School,"Abohar, Firozpur, Punjab, 152 116, India",Abohar,Firozpur,Punjab,152116,board,ICSE / ISC,Day/Residential,Co-ed.,true,30.1563875,74.1818908,https://www.sachkhandconventschool.com,https://locate.cisce.org/,2026-08-25
PU055,Cedar Spring High School,"Ranjeet Avenue, Amritsar, Punjab, 143 001, India",Ranjeet Avenue,Amritsar,Punjab,143001,board,ICSE / ISC,Day,Co-ed.,true,31.6507489,74.8557797,https://cedarspringschool.com,https://locate.cisce.org/,2026-08-25
PU056,Mount Carmel School,"Bhunga, Hoshiarpur, Punjab, 144 210, India",Bhunga,Hoshiarpur,Punjab,144210,board,ICSE,Day,Co-ed.,true,31.680175,75.8083612,https://mountcarmelschoolbhunga.org,https://locate.cisce.org/,2026-08-25
PU057,Sri Guru Harkrishan Public School,"Basant Avenue, Amritsar, Punjab, 143 001, India",Basant Avenue,Amritsar,Punjab,143001,board,ICSE / ISC,Day,Co-ed.,true,30.8709753,75.8324461,,https://locate.cisce.org/,2026-08-25
PU059,Kaintal School ( Sr. ),"PATIALA, Patiala, Punjab, 147 103, India",PATIALA,Patiala,Punjab,147103,board,ICSE / ISC,Day,Co-ed.,true,30.3172035,76.421737,,https://locate.cisce.org/,2026-08-25
PU060,St. Mary's Convent School,"Bhogpur, Jalandhar, Punjab, 144 201, India",Bhogpur,Jalandhar,Punjab,144201,board,ICSE,Day,Co-ed.,true,31.5513951,75.6409015,,https://locate.cisce.org/,2026-08-25
PU061,The British Co - Ed. High School,"Devigarh Road, Patiala, Punjab, 147 001, India",Devigarh Road,Patiala,Punjab,147001,board,ICSE / ISC,Day,Co-ed.,true,30.2477651,76.4453265,https://www.britishcoedschool.com,https://locate.cisce.org/,2026-08-25
PU062,Sacred Heart Convent School,"Jalalabad (West), Firozpur, Punjab, 152024, India",Jalalabad (West),Firozpur,Punjab,152024,board,ICSE,Day,Co-ed.,true,30.6049809,74.2557874,,https://locate.cisce.org/,2026-08-25
PU063,Christ The King Convent School,"Pathankot, Gurdaspur, Punjab, 145 001, India",Pathankot,Gurdaspur,Punjab,145001,board,ICSE / ISC,Day,Co-ed.,true,32.2733352,75.6522066,,https://locate.cisce.org/,2026-08-25
PU064,H. R. A. International School,"Bye Pass Road, Gurdaspur, Punjab, 143 521, India",Bye Pass Road,Gurdaspur,Punjab,143521,board,ICSE / ISC,Day,Co-ed.,true,31.1471305,75.3412179,https://www.hraschool.org,https://locate.cisce.org/,2026-08-25
PU065,Punjab International Public School,"Tehsil Balachaur, Shaheed Bhagat Singh Nagar, Punjab, 144528, India",Tehsil Balachaur,Shaheed Bhagat Singh Nagar,Punjab,144528,board,ICSE,Day,Co-ed.,true,31.191769,76.258774,https://PIPSPOJEWAL.COM,https://locate.cisce.org/,2026-08-25
PU066,Sat Paul Mittal School,"Dugri, Ludhiana, Punjab, 141 002, India",Dugri,Ludhiana,Punjab,141002,board,ICSE / ISC,Day,Co-ed.,true,30.565059,76.0000202,https://www.satpaulmittalschool.org,https://locate.cisce.org/,2026-08-25
PU067,Mount Carmel School,"Ropar, Rupnagar, Punjab, 140 123, India",Ropar,Rupnagar,Punjab,140123,board,ICSE / ISC,Day,Co-ed.,true,30.9661003,76.5230961,https://www.mcsjindwari.in,https://locate.cisce.org/,2026-08-25
PU068,Christ Jyoti Convent School,"Sultanpur Lodhi, Kapurthala, Punjab, 144 626, India",Sultanpur Lodhi,Kapurthala,Punjab,144626,board,ICSE / ISC,Day,Co-ed.,true,31.2311547,75.2034173,,https://locate.cisce.org/,2026-08-25
PU069,St. Thomas Convent School,"AMRITSAR, Amritsar, Punjab, 143 101, India",AMRITSAR,Amritsar,Punjab,143101,board,ICSE / ISC,Day,Co-ed.,true,31.7136189,74.7980705,,https://locate.cisce.org/,2026-08-25
PU070,Sacred Heart Convent School,"Ajnala, Amritsar, Punjab, 143 103, India",Ajnala,Amritsar,Punjab,143103,board,ICSE,Day,Co-ed.,true,31.8597273,74.685418,,https://locate.cisce.org/,2026-08-25
PU071,Sacred Heart Convent School,"Raikot, Ludhiana, Punjab, 141 109, India",Raikot,Ludhiana,Punjab,141109,board,ICSE / ISC,Day,Co-ed.,true,30.6418582,75.5882223,https://shcsraikot.org,https://locate.cisce.org/,2026-08-25
PU072,Sacred Heart Convent School,"AMRITSAR, Amritsar, Punjab, 143 601, India",AMRITSAR,Amritsar,Punjab,143601,board,ICSE / ISC,Day,Co-ed.,true,31.7573993,74.9530257,,https://locate.cisce.org/,2026-08-25
PU073,Sacred Heart Convent School,"Patti, Tarn Taran, Punjab, 143 416, India",Patti,Tarn Taran,Punjab,143416,board,ICSE / ISC,Day,Co-ed.,true,31.2745862,74.8565613,,https://locate.cisce.org/,2026-08-25
PU074,St. Augustine School,"Mukerian, Hoshiarpur, Punjab, 144 205, India",Mukerian,Hoshiarpur,Punjab,144205,board,ICSE / ISC,Day,Co-ed.,true,31.949513,75.6276078,,https://locate.cisce.org/,2026-08-25
PU076,Doon Junior School,"Ferozepur City, Firozpur, Punjab, 152 002, India",Ferozepur City,Firozpur,Punjab,152002,board,ICSE,Day,Co-ed.,true,30.9602487,74.5998243,https://www.DJSferozepur.com,https://locate.cisce.org/,2026-08-25
PU077,Indian Heritage School,"Pathankot, Gurdaspur, Punjab, 145 001, India",Pathankot,Gurdaspur,Punjab,145001,board,ICSE / ISC,Day/Boarding,Co-ed.,true,32.3126416,75.751685,https://www.ihspathankot.com,https://locate.cisce.org/,2026-08-25
PU078,Christ The King Convent School,"Bholath, Kapurthala, Punjab, 144 622, India",Bholath,Kapurthala,Punjab,144622,board,ICSE,Day/Boarding,Co-ed.,true,31.5423237,75.5058321,,https://locate.cisce.org/,2026-08-25
PU079,St. Joseph's Convent School,"MOGA, Moga, Punjab, 142 048, India",MOGA,Moga,Punjab,142048,board,ICSE,Day,Co-ed.,true,30.825478,75.1489079,https://www.stjosephmoga.com,https://locate.cisce.org/,2026-08-25
PU080,Sacred Heart Convent School,"LUDHIANA, Ludhiana, Punjab, 141 120, India",LUDHIANA,Ludhiana,Punjab,141120,board,ICSE / ISC,Day,Co-ed.,true,30.7365235,76.2411098,http://shcssnl.in,https://locate.cisce.org/,2026-08-25
PU081,Guru Teg Bahadur International School,"Dhariwal, Gurdaspur, Punjab, 143 519, India",Dhariwal,Gurdaspur,Punjab,143519,board,ICSE / ISC,Day,Co-ed.,true,31.958504,75.323245,https://www.gtbischool.org,https://locate.cisce.org/,2026-08-25
PU082,St. Mary's Convent School,"Ajnala, Amritsar, Punjab, 143 103, India",Ajnala,Amritsar,Punjab,143103,board,ICSE,Day,Co-ed.,true,31.8609869,74.9604289,,https://locate.cisce.org/,2026-08-25
PU083,Mata Baljinder Kaur Memorial Kaler International Public School,"Punjab, Moga, Punjab, 142 072, India",Punjab,Moga,Punjab,142072,board,ICSE / ISC,Day,Co-ed.,true,30.5988181,75.1501601,https://www.kalerinstitutions.com,https://locate.cisce.org/,2026-08-25
PU085,Sawan International School,"Mohali, Sahibzada Ajit Singh Nagar, Punjab, 140 501, India",Mohali,Sahibzada Ajit Singh Nagar,Punjab,140501,board,ICSE / ISC,Day,Co-ed.,true,30.655871,76.8209489,,https://locate.cisce.org/,2026-08-25
PU086,St. Mary's Convent School,"Tanda, Hoshiarpur, Punjab, 144 203, India",Tanda,Hoshiarpur,Punjab,144203,board,ICSE,Day,Co-ed.,true,31.8126955,75.6614115,,https://locate.cisce.org/,2026-08-25
PU087,St. Mahapragya Convent School,"Jagraon, Ludhiana, Punjab, 142 026, India",Jagraon,Ludhiana,Punjab,142026,board,ICSE / ISC,Day,Co-ed.,true,30.782979,75.4808022,,https://locate.cisce.org/,2026-08-25
PU089,Sacred Heart Convent School,"Beas, Amritsar, Punjab, 143 201, India",Beas,Amritsar,Punjab,143201,board,ICSE / ISC,Day,Co-ed.,true,31.5130794,75.2869121,,https://locate.cisce.org/,2026-08-25
PU090,S. M. S. Memorial Public School,"Payal, Ludhiana, Punjab, 141 415, India",Payal,Ludhiana,Punjab,141415,board,ICSE,Day,Co-ed.,true,30.61351,76.069185,https://www.smsmemorialpublicschool.com,https://locate.cisce.org/,2026-08-25
PU091,Punjab Children Academy,"Tarn Taran, Tarn Taran, Punjab, 143 401, India",Tarn Taran,Tarn Taran,Punjab,143401,board,ICSE / ISC,Day,Co-ed.,true,31.3797545,75.1442635,https://www.punjabchildrenacademy.com,https://locate.cisce.org/,2026-08-25
PU092,Mount Carmel School,"Balachaur, Shaheed Bhagat Singh Nagar, Punjab, 144 521, India",Balachaur,Shaheed Bhagat Singh Nagar,Punjab,144521,board,ICSE / ISC,Day,Co-ed.,true,31.0816122,76.2855634,,https://locate.cisce.org/,2026-08-25
PU093,Indo-Swiss International Convent School,"Nakodar, Jalandhar, Punjab, 144 040, India",Nakodar,Jalandhar,Punjab,144040,board,ICSE / ISC,Day,Co-ed.,true,31.1294368,75.4859477,,https://locate.cisce.org/,2026-08-25
PU094,Gobind International Public School,"BARNALA, Barnala, Punjab, 148 102, India",BARNALA,Barnala,Punjab,148102,board,ICSE / ISC,Day/Boarding,Co-ed.,true,30.5084168,75.4011065,https://www.gipsbhadaur.com,https://locate.cisce.org/,2026-08-25
PU095,Sacred Heart Convent School,"LUDHIANA, Ludhiana, Punjab, 141 008, India",LUDHIANA,Ludhiana,Punjab,141008,board,ICSE / ISC,Day,Co-ed.,true,31.0948439,75.469978,https://www.shcsbhattian.com,https://locate.cisce.org/,2026-08-25
PU096,St. Joseph's School,"Khamano, Fatehgarh Sahib, Punjab, 141 127, India",Khamano,Fatehgarh Sahib,Punjab,141127,board,ICSE / ISC,Day,Co-ed.,true,30.8144907,76.344867,,https://locate.cisce.org/,2026-08-25
PU097,British Convent School,"SANGRUR, Sangrur, Punjab, 148 028, India",SANGRUR,Sangrur,Punjab,148028,board,ICSE / ISC,Day,Co-ed.,true,30.2473989,75.8617436,https://www.britishconventschool.org,https://locate.cisce.org/,2026-08-25
PU098,Sacred Heart Convent School,"LUDHIANA, Ludhiana, Punjab, 141 114, India",LUDHIANA,Ludhiana,Punjab,141114,board,ICSE / ISC,Day,Co-ed.,true,30.8529322,75.98821,https://www.shcsmachhiwara.in,https://locate.cisce.org/,2026-08-25
PU099,St. Francis Convent School,"Gurdaspur, Punjab, 143 605, India",,Gurdaspur,Punjab,143605,board,ICSE / ISC,Day,Co-ed.,true,31.9231794,75.0713355,"https://www.sfcskotli,com",https://locate.cisce.org/,2026-08-25
PU100,International Fateh Academy,"Jandialaguru, Amritsar, Punjab, 143 115, India",Jandialaguru,Amritsar,Punjab,143115,board,ICSE / ISC,Day/Boarding,Co-ed.,true,31.5586546,75.0290591,https://fatehacademy.com,https://locate.cisce.org/,2026-08-25
PU101,The Trinity School,"HOSHIARPUR, Hoshiarpur, Punjab, 146 001, India",HOSHIARPUR,Hoshiarpur,Punjab,146001,board,ICSE / ISC,Day,Co-ed.,true,31.569207,75.8337855,https://www.thetrinityschoolhoshiarpur.com,https://locate.cisce.org/,2026-08-25
PU102,Ambrosial Public School,"FEROZEPUR, Firozpur, Punjab, 142 047, India",FEROZEPUR,Firozpur,Punjab,142047,board,ICSE / ISC,Day,Co-ed.,true,30.9759705,75.0392106,https://www.ambrosialpublicschool.com,https://locate.cisce.org/,2026-08-25
PU103,St. Mary's Convent School,"Ajnala, Amritsar, Punjab, 143 102, India",Ajnala,Amritsar,Punjab,143102,board,ICSE / ISC,Day,Co-ed.,true,31.8411099,74.7568023,https://www.smcsothian.com,https://locate.cisce.org/,2026-08-25
PU104,St. Joseph's School,"Amritsar, Amritsar, Punjab, 143 009, India",Amritsar,Amritsar,Punjab,143009,board,ICSE / ISC,Day,Co-ed.,true,31.5973415,74.8384529,https://www.stjosephbharariwal.com,https://locate.cisce.org/,2026-08-25
PU105,B.B.S.B. Convent School,"LUDHIANA, Ludhiana, Punjab, 142 033, India",LUDHIANA,Ludhiana,Punjab,142033,board,ICSE / ISC,Day,Co-ed.,true,30.9281181,75.4743083,,https://locate.cisce.org/,2026-08-25
PU106,Revel Dale Public School,"AMRITSAR, Amritsar, Punjab, 143 108, India",AMRITSAR,Amritsar,Punjab,143108,board,ICSE / ISC,Day,Co-ed.,true,31.6339793,74.8722642,https://www.reveldale.com,https://locate.cisce.org/,2026-08-25
PU107,California Public School,"MOGA, Moga, Punjab, 142 048, India",MOGA,Moga,Punjab,142048,board,ICSE / ISC,Day,Co-ed.,true,30.8213501,75.1906329,,https://locate.cisce.org/,2026-08-25
PU108,St. Joseph's Convent School,"Jalandhar Cantt., Jalandhar, Punjab, 144 005, India",Jalandhar Cantt.,Jalandhar,Punjab,144005,board,ICSE / ISC,Day,Co-ed.,true,31.2812391,75.6472371,https://www.stjosephdeepnagar.org,https://locate.cisce.org/,2026-08-25
PU109,Gagan International School,"GURDASPUR, Gurdaspur, Punjab, 143 530, India",GURDASPUR,Gurdaspur,Punjab,143530,board,ICSE,Day,Co-ed.,true,31.9973348,75.5116558,,https://locate.cisce.org/,2026-08-25
PU110,St. Joseph's Convent School,"AMRITSAR, Amritsar, Punjab, 143 107, India",AMRITSAR,Amritsar,Punjab,143107,board,ICSE / ISC,Day,Co-ed.,true,31.6343068,74.8606597,https://www.stjosephkhasa.com,https://locate.cisce.org/,2026-08-25
PU111,The Sovereign School,"HOSHIARPUR, Hoshiarpur, Punjab, 144 306, India",HOSHIARPUR,Hoshiarpur,Punjab,144306,board,ICSE / ISC,Day,Co-ed.,true,31.9368863,75.5451152,,https://locate.cisce.org/,2026-08-25
PU112,St. Joseph's Convent School,"S.B.S. Nagar, Shaheed Bhagat Singh Nagar, Punjab, 144 514, India",S.B.S. Nagar,Shaheed Bhagat Singh Nagar,Punjab,144514,board,ICSE / ISC,Day,Co-ed.,true,31.1578061,76.0696493,https://www.PU112cise.org,https://locate.cisce.org/,2026-08-25
PU113,Sant Baba Gurmukh Singh International School,"Muktsar Sahib, Muktsar, Punjab, 152 026, India",Muktsar Sahib,Muktsar,Punjab,152026,board,ICSE / ISC,Day,Co-ed.,true,30.4610922,74.5256773,,https://locate.cisce.org/,2026-08-25
PU114,Jogindra Convent School,"FEROZEPUR, Firozpur, Punjab, 142052, India",FEROZEPUR,Firozpur,Punjab,142052,board,ICSE / ISC,Day/Boarding,Co-ed.,true,30.8627265,74.7468742,,https://locate.cisce.org/,2026-08-25
PU115,Holy Family Convent School,"Srihargobindpur, Gurdaspur, Punjab, 143515, India",Srihargobindpur,Gurdaspur,Punjab,143515,board,ICSE / ISC,Day,Co-ed.,true,31.7086183,75.4830093,https://www.hfcssrihargobindpur.com,https://locate.cisce.org/,2026-08-25
PU116,Holy Family Convent School,"Zirakpur, Sahibzada Ajit Singh Nagar, Punjab, 140603, India",Zirakpur,Sahibzada Ajit Singh Nagar,Punjab,140603,board,ICSE,Day,Co-ed.,true,30.6521889,76.8166922,https://www.holyfamilyconventschool.com,https://locate.cisce.org/,2026-08-25
PU117,Mai Bhago International Public School,"Tarn Taran, Tarn Taran, Punjab, 143401, India",Tarn Taran,Tarn Taran,Punjab,143401,board,ICSE / ISC,Day,Co-ed.,true,31.3629465,74.9647145,https://www.mbips.in,https://locate.cisce.org/,2026-08-25
PU118,Baalak Yesu Convent School,"Sirhind, Fatehgarh Sahib, Punjab, 140406, India",Sirhind,Fatehgarh Sahib,Punjab,140406,board,ICSE,Day,Co-ed.,true,30.582477,76.4746606,,https://locate.cisce.org/,2026-08-25
PU119,Guru Gobind Singh Convent School,"Tarn Taran, Tarn Taran, Punjab, 143410, India",Tarn Taran,Tarn Taran,Punjab,143410,board,ICSE / ISC,Day/Boarding,Co-ed.,true,31.2763546,74.9413361,https://ggsschoolsarhali.com,https://locate.cisce.org/,2026-08-25
PU120,Sant Baba Hari Singh Model School,"Mahilpur, Hoshiarpur, Punjab, 146105, India",Mahilpur,Hoshiarpur,Punjab,146105,board,ICSE / ISC,Day,Co-ed.,true,31.3672499,76.0399078,https://sbhsmodelschool.com,https://locate.cisce.org/,2026-08-25
PU121,The Milestone Smart School,"PATIALA, Patiala, Punjab, 147003, India",PATIALA,Patiala,Punjab,147003,board,ICSE / ISC,Day,Co-ed.,true,30.3552203,76.4003278,https://www.milestonesmartschool.edu.in,https://locate.cisce.org/,2026-08-25
PU122,Little Flower Convent School,"Guruharsahai, Firozpur, Punjab, 152 022, India",Guruharsahai,Firozpur,Punjab,152022,board,ICSE,Day,Co-ed.,true,30.7115359,74.3940651,,https://locate.cisce.org/,2026-08-25
PU123,Gagan International School,"Gurdaspur, Gurdaspur, Punjab, 143512, India",Gurdaspur,Gurdaspur,Punjab,143512,board,ICSE / ISC,Day,Co-ed.,true,32.0128376,75.1472414,,https://locate.cisce.org/,2026-08-25
PU124,St. Roop Convent School,"Mallanheri, Fatehgarh Sahib, Punjab, 147001, India",Mallanheri,Fatehgarh Sahib,Punjab,147001,board,ICSE / ISC,Day,Co-ed.,true,30.5272909,76.4045423,https://www.roopconventschool.com,https://locate.cisce.org/,2026-08-25
PU125,St. Michael's Convent School,"PATIALA, Patiala, Punjab, 147111, India",PATIALA,Patiala,Punjab,147111,board,ICSE / ISC,Day,Co-ed.,true,30.1851285,76.537985,,https://locate.cisce.org/,2026-08-25
PU126,St. Francis High School,"Chabhal, Tarn Taran, Punjab, 143301, India",Chabhal,Tarn Taran,Punjab,143301,board,ICSE,Day,Co-ed.,true,31.209295,74.9552032,,https://locate.cisce.org/,2026-08-25
PU127,Captain's School Of Excellence,"FATEHGARH CHURIAN, Gurdaspur, Punjab, 143602, India",FATEHGARH CHURIAN,Gurdaspur,Punjab,143602,board,ICSE,Day,Co-ed.,true,31.8194698,75.2033685,https://www.pu127cisce.org,https://locate.cisce.org/,2026-08-25
PU128,Sacred Heart Convent School,"BHIKHIWIND, Tarn Taran, Punjab, 143303, India",BHIKHIWIND,Tarn Taran,Punjab,143303,board,ICSE / ISC,Day,Co-ed.,true,31.3455992,74.6920321,https://shcsbkw.com,https://locate.cisce.org/,2026-08-25
PU129,St. Mary's Convent School,"Fateh Garh Churian, Amritsar, Punjab, 143606, India",Fateh Garh Churian,Amritsar,Punjab,143606,board,ICSE,Day,Co-ed.,true,31.7703017,74.9046924,https://www.smcsmachinangal.com,https://locate.cisce.org/,2026-08-25
PU130,The Renaissance School,"MANSA, Mansa, Punjab, 151505, India",MANSA,Mansa,Punjab,151505,board,ICSE / ISC,Day,Co-ed.,true,30.0900304,75.3572505,https://trsmansa.in,https://locate.cisce.org/,2026-08-25
PU131,Pathways Global School,"MOGA, Moga, Punjab, 142043, India",MOGA,Moga,Punjab,142043,board,ICSE / ISC,Day,Co-ed.,true,30.9309683,75.3595005,,https://locate.cisce.org/,2026-08-25
PU132,Sri Guru Harkrishan Public School,"Amritsar, Amritsar, Punjab, 143001, India",Amritsar,Amritsar,Punjab,143001,board,ICSE,Day,Co-ed.,true,31.6686008,74.8421797,https://NIL,https://locate.cisce.org/,2026-08-25
PU133,B V M International School,"BARNALA, Barnala, Punjab, 148101, India",BARNALA,Barnala,Punjab,148101,board,ICSE / ISC,Day,Co-ed.,true,30.3643933,75.5070119,https://www.bvmbnl.in,https://locate.cisce.org/,2026-08-25
PU134,S F C Convent School,"MOGA, Moga, Punjab, 142042, India",MOGA,Moga,Punjab,142042,board,ICSE / ISC,Day,Co-ed.,true,30.9019594,75.233321,,https://locate.cisce.org/,2026-08-25
PU135,Pristine Vibe School,"KOTKAPURA, Faridkot, Punjab, 151204, India",KOTKAPURA,Faridkot,Punjab,151204,board,ICSE / ISC,Day,Co-ed.,true,30.5966415,74.8148887,,https://locate.cisce.org/,2026-08-25
PU136,Akal Academy,"HOSHIARPUR, Hoshiarpur, Punjab, 146101, India",HOSHIARPUR,Hoshiarpur,Punjab,146101,board,ICSE,Day/Boarding,Co-ed.,true,31.3799097,75.9673696,,https://locate.cisce.org/,2026-08-25
PU137,St. Paul's Convent School,"PATIALA, Patiala, Punjab, 140701, India",PATIALA,Patiala,Punjab,140701,board,ICSE,Day,Co-ed.,true,30.4747801,76.5824372,https://www.stpaulsajrawar.com,https://locate.cisce.org/,2026-08-25
PU138,Sri Guru Harkrishan Public School,"Amritsar, Amritsar, Punjab, 143001, India",Amritsar,Amritsar,Punjab,143001,board,ICSE,Day,Co-ed.,true,31.6269905,74.8989541,https://www.sghpsgoldenavenue.com,https://locate.cisce.org/,2026-08-25
PU139,Carol Convent School,"FEROZEPUR, Firozpur, Punjab, 152002, India",FEROZEPUR,Firozpur,Punjab,152002,board,ICSE,Day/Boarding,Co-ed.,true,30.860329,74.611448,,https://locate.cisce.org/,2026-08-25
PU140,Gian Jyoti Senior Secondary School,"MOGA, Moga, Punjab, 142048, India",MOGA,Moga,Punjab,142048,board,ICSE / ISC,Day,Co-ed.,true,30.8415985,74.9601167,,https://locate.cisce.org/,2026-08-25
PU141,The British World School,"Ludhiana, Ludhiana, Punjab, 141119, India",Ludhiana,Ludhiana,Punjab,141119,board,ICSE,Day,Co-ed.,true,30.6573297,76.0096657,https://www.thebritishworldschool.com,https://locate.cisce.org/,2026-08-25
PU142,Avior Convent School,"Machhiwara, Ludhiana, Punjab, 141115, India",Machhiwara,Ludhiana,Punjab,141115,board,ICSE / ISC,Day,Co-ed.,true,30.9141349,76.192864,https://www.aviorconventschool.com,https://locate.cisce.org/,2026-08-25
PU143,GOLDEN EARTH CONVENT SCHOOL,"MULLANPUR, Ludhiana, Punjab, 141101, India",MULLANPUR,Ludhiana,Punjab,141101,board,ICSE / ISC,Day,Co-ed.,true,30.8215291,75.6432319,,https://locate.cisce.org/,2026-08-25
PU144,U K International School,"Dharamkot, Moga, Punjab, 142042, India",Dharamkot,Moga,Punjab,142042,board,ICSE / ISC,Day,Co-ed.,true,30.8306297,75.090123,https://www.ukinternationalschool.com,https://locate.cisce.org/,2026-08-25
PU145,Summer Valley School,"Patiala, Patiala, Punjab, 147001, India",Patiala,Patiala,Punjab,147001,board,ICSE,Day,Co-ed.,true,30.2801976,76.4148895,https://www.summervalleyschool.com,https://locate.cisce.org/,2026-08-25
PU146,Delhi Convent School,"Moga, Moga, Punjab, 142043, India",Moga,Moga,Punjab,142043,board,ICSE / ISC,Day,Co-ed.,true,31.0403935,75.12243,https://www.delhiconventschoolmj.com,https://locate.cisce.org/,2026-08-25
PU147,ST. JOSEPH'S CONVENT SCHOOL,"JALANDHAR, Jalandhar, Punjab, 144005, India",JALANDHAR,Jalandhar,Punjab,144005,board,ICSE,Day,Co-ed.,true,31.3073845,75.6386497,https://www.stjosephdhina.com,https://locate.cisce.org/,2026-08-25
PU149,Guru Gobind Singh International School,"FARIDKOT, Faridkot, Punjab, 151212, India",FARIDKOT,Faridkot,Punjab,151212,board,ICSE / ISC,Day,Co-ed.,true,30.7436071,74.4804046,https://www.ggsis.in,https://locate.cisce.org/,2026-08-25
PU150,Dashmesh Heritage Public School,"AMRITSAR, Amritsar, Punjab, 143114, India",AMRITSAR,Amritsar,Punjab,143114,board,ICSE,Day/Boarding,Co-ed.,true,31.6758527,75.2508229,https://dashmeshheritagepublicschool.com,https://locate.cisce.org/,2026-08-25
PU151,Shri Ram Ashram Senior Secondary School,"Amritsar, Amritsar, Punjab, 143001, India",Amritsar,Amritsar,Punjab,143001,board,ICSE / ISC,Day,Co-ed.,true,31.6636465,74.9306841,https://www.shriramashramssschool.org,https://locate.cisce.org/,2026-08-25
PU152,New Paradise Public Senior Secondary School,"Zira, Firozpur, Punjab, 142047, India",Zira,Firozpur,Punjab,142047,board,ICSE / ISC,Day,Co-ed.,true,30.9736166,74.9865041,https://www.newparadiseschoolzira.com,https://locate.cisce.org/,2026-08-25
PU153,St. Joseph's Convent School,"MUKERIAN, Hoshiarpur, Punjab, 144211, India",MUKERIAN,Hoshiarpur,Punjab,144211,board,ICSE / ISC,Day,Co-ed.,true,31.933039,75.6180324,,https://locate.cisce.org/,2026-08-25
PU154,Holy Child School,"Chhohan, Gurdaspur, Punjab, 143526, India",Chhohan,Gurdaspur,Punjab,143526,board,ICSE,Day,Co-ed.,true,32.0508643,75.1749671,https://www.holychildchhohan.org,https://locate.cisce.org/,2026-08-25
PU155,St. Warriors School,"Qadian, Gurdaspur, Punjab, 143527, India",Qadian,Gurdaspur,Punjab,143527,board,ICSE / ISC,Day,Co-ed.,true,31.8150443,75.3806774,,https://locate.cisce.org/,2026-08-25
PU156,St . Thomas High School,"KALANOUR, Gurdaspur, Punjab, 143512, India",KALANOUR,Gurdaspur,Punjab,143512,board,ICSE,Day,Co-ed.,true,31.9170032,75.1660548,https://www.stthomasmastkot.com,https://locate.cisce.org/,2026-08-25
PU157,St. Xavier's International School,"Zirakpur, Sahibzada Ajit Singh Nagar, Punjab, 140603, India",Zirakpur,Sahibzada Ajit Singh Nagar,Punjab,140603,board,ICSE,Day,Co-ed.,true,30.6236338,76.8057776,https://WWW.STXAVIERS.COM,https://locate.cisce.org/,2026-08-25
PU158,Galaxy Star Public School,"SEKHWAN, Gurdaspur, Punjab, 143518, India",SEKHWAN,Gurdaspur,Punjab,143518,board,ICSE / ISC,Day,Co-ed.,true,31.8543423,75.3237262,https://Galaxystarpublicschoolsekhwan.com,https://locate.cisce.org/,2026-08-25
PU159,Guru Nanak Public School,"LUDHIANA, Ludhiana, Punjab, 141001, India",LUDHIANA,Ludhiana,Punjab,141001,board,ICSE / ISC,Day,Co-ed.,true,30.8825926,75.8416083,https://www.gnpsludhiana.in,https://locate.cisce.org/,2026-08-25
PU160,Mother Teacher International School,"BARNALA, Barnala, Punjab, 148107, India",BARNALA,Barnala,Punjab,148107,board,ICSE / ISC,Day,Co-ed.,true,30.3343145,75.5092503,https://www.mtishandiaya.com,https://locate.cisce.org/,2026-08-25
PU161,Sri Guru Harkrishan Public School,"AMRITSAR, Amritsar, Punjab, 143001, India",AMRITSAR,Amritsar,Punjab,143001,board,ICSE,Day,Co-ed.,true,31.6088345,74.8643191,,https://locate.cisce.org/,2026-08-25
PU162,Guru Atam Vallabh Jain Aadarsh Vidyalaya,"Fazilka, Firozpur, Punjab, 152123, India",Fazilka,Firozpur,Punjab,152123,board,ICSE / ISC,Day,Co-ed.,true,30.393244,74.091476,,https://locate.cisce.org/,2026-08-25
PU163,Saint Bachanpuri International School,"PAKHO KALAN, Barnala, Punjab, 148108, India",PAKHO KALAN,Barnala,Punjab,148108,board,ICSE / ISC,Day/Boarding,Co-ed.,true,30.2173569,75.4173657,https://WWW.SBISSCHOOL.COM,https://locate.cisce.org/,2026-08-25
PU164,Fateh Global School,"Malout, Muktsar, Punjab, 152112, India",Malout,Muktsar,Punjab,152112,board,ICSE,Day,Co-ed.,true,30.8826853,75.9256722,https://www.fatehglobal.in,https://locate.cisce.org/,2026-08-25
PU165,Yogiraj Bawa Lal Ji Memorial School,"Batala, Gurdaspur, Punjab, 143605, India",Batala,Gurdaspur,Punjab,143605,board,ICSE,Day,Co-ed.,true,31.5629296,75.2391552,,https://locate.cisce.org/,2026-08-25
PU166,St. Joseph's Convent School,"QADIAN, Gurdaspur, Punjab, 143516, India",QADIAN,Gurdaspur,Punjab,143516,board,ICSE,Day,Co-ed.,true,31.8049994,75.3463747,https://Sjcsqadian.org,https://locate.cisce.org/,2026-08-25
PU167,SETH RAM LAL S A C SCHOOL,"Amritsar, Amritsar, Punjab, 143502, India",Amritsar,Amritsar,Punjab,143502,board,ICSE,Day,Co-ed.,true,31.7498134,75.0289877,,https://locate.cisce.org/,2026-08-25
PU168,Edumont World School,"Nabha, Patiala, Punjab, 147201, India",Nabha,Patiala,Punjab,147201,board,ICSE,Day,Co-ed.,true,30.3904847,76.2026439,https://www.edumontworldschool.com,https://locate.cisce.org/,2026-08-25
PU169,St. Jude's Convent School,"Nakodar, Jalandhar, Punjab, 144702, India",Nakodar,Jalandhar,Punjab,144702,board,ICSE,Day,Co-ed.,true,31.1660252,75.2578907,https://www.sjcsshahkot.com,https://locate.cisce.org/,2026-08-25
PU170,Baba Farid Public School,"Malout, Muktsar, Punjab, 151211, India",Malout,Muktsar,Punjab,151211,board,ICSE / ISC,Day,Co-ed.,true,29.9708532,74.6941988,https://www.babafaridgroups.com,https://locate.cisce.org/,2026-08-25
PU171,Guru Nanak Public School,"BARNALA, Barnala, Punjab, 148108, India",BARNALA,Barnala,Punjab,148108,board,ICSE / ISC,Day,Co-ed.,true,30.3581866,75.4211318,https://www.gninternationalschool.com,https://locate.cisce.org/,2026-08-25
PU172,Paramount Public School,"SANGRUR, Sangrur, Punjab, 148031, India",SANGRUR,Sangrur,Punjab,148031,board,ICSE / ISC,Day,Co-ed.,true,29.9353585,75.810563,https://WWW.PPSCHOOLLEHRA.COM,https://locate.cisce.org/,2026-08-25
PU173,Sacred Heart Convent School,"Jalandhar, Jalandhar, Punjab, 144301, India",Jalandhar,Jalandhar,Punjab,144301,board,ICSE,Day,Co-ed.,true,31.3919455,75.4122603,https://sacredheartkishangarh.com,https://locate.cisce.org/,2026-08-25
PU174,St. Agnes Convent School,"AMRITSAR, Amritsar, Punjab, 143502, India",AMRITSAR,Amritsar,Punjab,143502,board,ICSE,Day,Co-ed.,true,31.7638352,75.0822857,https://WWW.SACSPAKHARPURA.COM,https://locate.cisce.org/,2026-08-25
PU175,Little Flower Convent School,"GURDASPUR, Gurdaspur, Punjab, 143530, India",GURDASPUR,Gurdaspur,Punjab,143530,board,ICSE,Day/Boarding,Co-ed.,true,31.9973348,75.5116558,https://WWW.LITTLEFLOWERCONVENTSCHOOLPURANASHALLA.COM,https://locate.cisce.org/,2026-08-25
PU176,The Oxford Public School,"Sunam, Sangrur, Punjab, 148029, India",Sunam,Sangrur,Punjab,148029,board,ICSE / ISC,Day,Co-ed.,true,30.2632736,75.2528594,,https://locate.cisce.org/,2026-08-25
PU177,The Bloomingdale School,"Kotkapura, Faridkot, Punjab, 151204, India",Kotkapura,Faridkot,Punjab,151204,board,ICSE,Day,Co-ed.,true,30.5767375,74.8067521,,https://locate.cisce.org/,2026-08-25
PU178,St. Andrews Convent School,"Pathankot, Gurdaspur, Punjab, 143534, India",Pathankot,Gurdaspur,Punjab,143534,board,ICSE / ISC,Day/Boarding,Co-ed.,true,32.1961917,75.4534081,https://st.andrewsconventschool.org,https://locate.cisce.org/,2026-08-25
PU179,Maple International School,"LUDHIANA, Ludhiana, Punjab, 142031, India",LUDHIANA,Ludhiana,Punjab,142031,board,ICSE,Day,Co-ed.,true,30.6038032,75.4257325,,https://locate.cisce.org/,2026-08-25
PU180,Wisdom World School,"Muktsar, Muktsar, Punjab, 152026, India",Muktsar,Muktsar,Punjab,152026,board,ICSE / ISC,Day,Co-ed.,true,30.471444,74.5844061,,https://locate.cisce.org/,2026-08-25
PU181,St. Soldier Elite School,"JALANDHAR, Jalandhar, Punjab, 144002, India",JALANDHAR,Jalandhar,Punjab,144002,board,ICSE,Day,Co-ed.,true,31.3469157,75.5243625,https://ssesjalandharvihar.in,https://locate.cisce.org/,2026-08-25
PU182,The Stalwart International School,"Batala, Gurdaspur, Punjab, 143505, India",Batala,Gurdaspur,Punjab,143505,board,ICSE / ISC,Day,Co-ed.,true,31.8448651,75.1902871,https://WWW.THESTALWARTSCHOOLBATALA.COM,https://locate.cisce.org/,2026-08-25
PU183,Kalgidhar Public School,"BHIKHIWIND, Tarn Taran, Punjab, 143303, India",BHIKHIWIND,Tarn Taran,Punjab,143303,board,ICSE / ISC,Day,Co-ed.,true,31.2460698,74.7767587,https://WWW.kalgidharschools.com,https://locate.cisce.org/,2026-08-25
PU184,St. Peter Convent School,"Patiala, Patiala, Punjab, 147001, India",Patiala,Patiala,Punjab,147001,board,ICSE / ISC,Day,Co-ed.,true,30.3705348,76.2556457,https://www.stpeterrakhra.com,https://locate.cisce.org/,2026-08-25
PU185,Discovery World Convent School,"FEROZEPUR, Firozpur, Punjab, 152021, India",FEROZEPUR,Firozpur,Punjab,152021,board,ICSE / ISC,Day,Co-ed.,true,31.0507145,74.8200069,,https://locate.cisce.org/,2026-08-25
PU186,St. Xavier's School,"RUPNAGAR, Rupnagar, Punjab, 140001, India",RUPNAGAR,Rupnagar,Punjab,140001,board,ICSE,Day,Co-ed.,true,30.9517501,76.537985,https://www.stxaviersropar.com,https://locate.cisce.org/,2026-08-25
PU187,Guru Ram Dass Academy,"Batala, Gurdaspur, Punjab, 143507, India",Batala,Gurdaspur,Punjab,143507,board,ICSE,Day,Co-ed.,true,31.8114684,75.0836148,,https://locate.cisce.org/,2026-08-25
PU188,H. R. A. Lotus School,"GURDASPUR, Gurdaspur, Punjab, 143521, India",GURDASPUR,Gurdaspur,Punjab,143521,board,ICSE,Day/Boarding,Co-ed.,true,32.0878338,75.4081944,,https://locate.cisce.org/,2026-08-25
PU189,Jesus And Mary Convent School,"Guruharsahai, Firozpur, Punjab, 152022, India",Guruharsahai,Firozpur,Punjab,152022,board,ICSE,Day,Co-ed.,true,30.6882626,74.6696923,,https://locate.cisce.org/,2026-08-25
PU190,A S R International School,"Dinanagar, Gurdaspur, Punjab, 143531, India",Dinanagar,Gurdaspur,Punjab,143531,board,ICSE,Day/Boarding,Co-ed.,true,32.1421531,75.4728327,https://pu190cisce.org,https://locate.cisce.org/,2026-08-25
PU191,St. Joseph's Convent School,"Rajpura, Patiala, Punjab, 140701, India",Rajpura,Patiala,Punjab,140701,board,ICSE,Day,Co-ed.,true,30.493238,76.6010985,https://www.stjosephschoolkauli.com/,https://locate.cisce.org/,2026-08-25
PU192,Ravindra International Public School,"Tarn Taran, Tarn Taran, Punjab, 143301, India",Tarn Taran,Tarn Taran,Punjab,143301,board,ICSE,Day,Co-ed.,true,31.4819491,74.7959349,,https://locate.cisce.org/,2026-08-25
PU193,Holy Family Convent School,"JALANDHAR, Jalandhar, Punjab, 144025, India",JALANDHAR,Jalandhar,Punjab,144025,board,ICSE,Day,Co-ed.,true,31.3775351,75.6517912,http://www.hfcskaboolpur.com,https://locate.cisce.org/,2026-08-25
PU194,Sri Guru Harkrishan C K D School of Excellence,"AMRITSAR, Amritsar, Punjab, 143001, India",AMRITSAR,Amritsar,Punjab,143001,board,ICSE,Day,Co-ed.,true,31.6002547,74.9443252,https://WWW.SGHKCKDSOE.COM,https://locate.cisce.org/,2026-08-25
PU196,Alpenstock World School,"DUNERA, Pathankot, Punjab, 145022, India",DUNERA,Pathankot,Punjab,145022,board,ICSE,Day/Residential,Co-ed.,true,32.4451101,75.891155,https://WWW.ALPENSTOCKWORLDSCHOOL.COM,https://locate.cisce.org/,2026-08-25
PU197,Noble Vision International Convent School,"AMRITSAR, Amritsar, Punjab, 143116, India",AMRITSAR,Amritsar,Punjab,143116,board,ICSE,Day,Co-ed.,true,31.6385488,75.1355659,http://www.nvics.in,https://locate.cisce.org/,2026-08-25
PU198,Sanskar Valley Smart School,"SANGRUR, Sangrur, Punjab, 148026, India",SANGRUR,Sangrur,Punjab,148026,board,ICSE,Day/Boarding,Co-ed.,true,30.261393,76.0332686,https://www.sanskarsmartschool.com/,https://locate.cisce.org/,2026-08-25
PU199,Pioneer International School,"Dhuri, Sangrur, Punjab, 148024, India",Dhuri,Sangrur,Punjab,148024,board,ICSE,Day,Co-ed.,true,30.3816077,75.8681166,,https://locate.cisce.org/,2026-08-25
PU200,Prabhat International Public School,"PATIALA, Patiala, Punjab, 147007, India",PATIALA,Patiala,Punjab,147007,board,ICSE,Day,Co-ed.,true,30.2265158,76.3546888,https://WWW.PIPSDAKALA.IN,https://locate.cisce.org/,2026-08-25
PU201,Ajanta Public School,"Tarn Taran, Tarn Taran, Punjab, 143304, India",Tarn Taran,Tarn Taran,Punjab,143304,board,ICSE,Day,Co-ed.,true,31.348042,74.8732136,https://apsdyp.com,https://locate.cisce.org/,2026-08-25
PU202,Winford World School,"Batala, Gurdaspur, Punjab, 143505, India",Batala,Gurdaspur,Punjab,143505,board,ICSE / ISC,Day,Co-ed.,true,31.8239434,75.1760396,https://winfordworldschool.com,https://locate.cisce.org/,2026-08-25
PU203,Tandon International School,"BARNALA, Barnala, Punjab, 148101, India",BARNALA,Barnala,Punjab,148101,board,ICSE / ISC,Day/Boarding,Co-ed.,true,30.3791633,75.5283375,https://tandonschool.com,https://locate.cisce.org/,2026-08-25
PU204,Genius Convent School,"Fazilka, Firozpur, Punjab, 152123, India",Fazilka,Firozpur,Punjab,152123,board,ICSE,Day/Boarding,Co-ed.,true,30.2587467,74.1195915,,https://locate.cisce.org/,2026-08-25
PU205,Little Flower Convent School,"Gidderbaha, Muktsar, Punjab, 152101, India",Gidderbaha,Muktsar,Punjab,152101,board,ICSE,Day,Co-ed.,true,30.2509753,74.6627321,https://www.lfcsgidderbaha.org,https://locate.cisce.org/,2026-08-25
PU206,S M S Global School,"Amritsar, Amritsar, Punjab, 143203, India",Amritsar,Amritsar,Punjab,143203,board,ICSE,Day,Co-ed.,true,31.5966918,75.3156638,https://www.smsglobalschool.com,https://locate.cisce.org/,2026-08-25
PU207,Shamrock International Public School,"Barnala, Barnala, Punjab, 148108, India",Barnala,Barnala,Punjab,148108,board,ICSE,Day,Co-ed.,true,30.3516639,75.3334849,https://www.shamrockipsjsw.com/,https://locate.cisce.org/,2026-08-25
PU208,Bodhi International School,"LONGOWAL, Sangrur, Punjab, 148106, India",LONGOWAL,Sangrur,Punjab,148106,board,ICSE / ISC,Day,Co-ed.,true,30.2000946,75.6755215,https://bodhiinstitutions.com,https://locate.cisce.org/,2026-08-25
PU209,Little Flower School,"Tarn Taran, Tarn Taran, Punjab, 143401, India",Tarn Taran,Tarn Taran,Punjab,143401,board,ICSE,Day,Co-ed.,true,31.0510263,74.8608122,,https://locate.cisce.org/,2026-08-25
PU210,Lawrence Global School,"Sirhind, Fatehgarh Sahib, Punjab, 140406, India",Sirhind,Fatehgarh Sahib,Punjab,140406,board,ICSE / ISC,Day,Co-ed.,true,30.5677438,76.396485,https://www.lawrenceglobalschool.com,https://locate.cisce.org/,2026-08-25
PU211,Baring School,"JANDIALA GURU, Amritsar, Punjab, 143115, India",JANDIALA GURU,Amritsar,Punjab,143115,board,ICSE,Day,Co-ed.,true,31.5628313,75.0322303,https://www.baringschool.com,https://locate.cisce.org/,2026-08-25
PU212,The Heritage School,"Fazilka, Fazilka, Punjab, 152123, India",Fazilka,Fazilka,Punjab,152123,board,ICSE,Day,Co-ed.,true,30.6049809,74.2557874,https://www.theheritageschoolfazilka.com,https://locate.cisce.org/,2026-08-25
PU213,GOLDEN ERA MILLENNIUM SCHOOL,"FATUHI WALA, Muktsar, Punjab, 152113, India",FATUHI WALA,Muktsar,Punjab,152113,board,ICSE / ISC,Day,Co-ed.,true,31.0261035,74.5243564,https://www.millenniumschools.co,https://locate.cisce.org/,2026-08-25
PU214,Marvellous Convent School,"JALALABAD WEST, Firozpur, Punjab, 152024, India",JALALABAD WEST,Firozpur,Punjab,152024,board,ICSE,Day,Co-ed.,true,30.5615562,74.1401447,http://mcsghubhaya.com,https://locate.cisce.org/,2026-08-25
PU215,Dasmesh Convent School,"Faridkot, Faridkot, Punjab, 151203, India",Faridkot,Faridkot,Punjab,151203,board,ICSE,Day,Co-ed.,true,30.666904,74.8331674,,https://locate.cisce.org/,2026-08-25
PU216,Wisdom Convent School,"Fazilka, Fazilka, Punjab, 152123, India",Fazilka,Fazilka,Punjab,152123,board,ICSE,Day,Co-ed.,true,30.4004266,74.0328276,https://www.wisdomconventschool.com,https://locate.cisce.org/,2026-08-25
PU217,Auro Mirra Centre Of Education,"PATIALA, Patiala, Punjab, 147001, India",PATIALA,Patiala,Punjab,147001,board,ICSE,Day,Co-ed.,true,30.33622,76.4201523,https://auromirrapatiala.com,https://locate.cisce.org/,2026-08-25
PU218,Cambridge International School,"PAYAL, Ludhiana, Punjab, 141416, India",PAYAL,Ludhiana,Punjab,141416,board,ICSE / ISC,Day,Co-ed.,true,30.7234549,76.0609286,https://www.cambridgeinternationalschoolpayal.com,https://locate.cisce.org/,2026-08-25
PU219,PUNJAB CONVENT SCHOOL,"Tarn Taran, Tarn Taran, Punjab, 143401, India",Tarn Taran,Tarn Taran,Punjab,143401,board,ICSE,Day,Co-ed.,true,31.358936,74.9556706,https://www.punjabconventschool.com,https://locate.cisce.org/,2026-08-25
PU220,Kular Public School Khanna,"KHANNA, Ludhiana, Punjab, 141412, India",KHANNA,Ludhiana,Punjab,141412,board,ICSE,Day,Co-ed.,true,30.7030861,76.2247702,,https://locate.cisce.org/,2026-08-25
PU221,Dr. Balbir Singh School Of Excellence,"Bathinda, Bathinda, Punjab, 151206, India",Bathinda,Bathinda,Punjab,151206,board,ICSE,Day,Co-ed.,true,30.4811084,75.0932352,https://www.drbalbirsinghschool.com,https://locate.cisce.org/,2026-08-25
PU222,St. Mary's High School,"Makhu, Firozpur, Punjab, 142044, India",Makhu,Firozpur,Punjab,142044,board,ICSE,Day,Co-ed.,true,31.1071528,74.9764024,,https://locate.cisce.org/,2026-08-25
PU223,Shishu Niketan-66 Public School,"Mohali, Sahibzada Ajit Singh Nagar, Punjab, 160014, India",Mohali,Sahibzada Ajit Singh Nagar,Punjab,160014,board,ICSE,Day,Co-ed.,true,30.7684857,76.6912976,https://www.shishuniketan66behlolpur.org.in/,https://locate.cisce.org/,2026-08-25
PU224,Edison International School,"FARIDKOT, Faridkot, Punjab, 151203, India",FARIDKOT,Faridkot,Punjab,151203,board,ICSE,Day,Co-ed.,true,30.6732063,74.5763672,https://www.edisoninternationalschool.org,https://locate.cisce.org/,2026-08-25
PU225,Shining Stars School,"CHHEHARTA, Amritsar, Punjab, 143105, India",CHHEHARTA,Amritsar,Punjab,143105,board,ICSE,Day/Boarding,Co-ed.,true,31.6290616,74.8084013,http://shiningstars.school/,https://locate.cisce.org/,2026-08-25
PU226,Shri Guru Gobind Singh Public High School,"LOPON, Moga, Punjab, 142037, India",LOPON,Moga,Punjab,142037,board,ICSE,Day,Co-ed.,true,30.6454887,75.3965949,https://sggsschoollopon.in/,https://locate.cisce.org/,2026-08-25
PU227,Tall Birch International School,"GARSHANKAR, Hoshiarpur, Punjab, 144527, India",GARSHANKAR,Hoshiarpur,Punjab,144527,board,ICSE,Day,Co-ed.,true,31.217507,76.1406925,,https://locate.cisce.org/,2026-08-25
PU228,The Stemfields International School,"Patiala, Patiala, Punjab, 147001, India",Patiala,Patiala,Punjab,147001,board,ICSE,Day,Co-ed.,true,30.1525184,76.2029082,,https://locate.cisce.org/,2026-08-25
PU229,Fateh Global School,"Muktsar, Muktsar, Punjab, 152031, India",Muktsar,Muktsar,Punjab,152031,board,ICSE,Day,Co-ed.,true,30.4010243,74.6649277,https://www.fatehglobalmallan.in,https://locate.cisce.org/,2026-08-25
PU230,Saint Paul International School,"HANDIAYA, Barnala, Punjab, 148107, India",HANDIAYA,Barnala,Punjab,148107,board,ICSE,Day,Co-ed.,true,30.5252468,75.5691743,,https://locate.cisce.org/,2026-08-25
PU231,St. Theresa's Convent School,"Samana, Patiala, Punjab, 147101, India",Samana,Patiala,Punjab,147101,board,ICSE,Day,Co-ed.,true,30.1528698,76.1943292,https://stcssamana.com/,https://locate.cisce.org/,2026-08-25
PU232,Prabh Convent School,"NATHANA, Bathinda, Punjab, 151102, India",NATHANA,Bathinda,Punjab,151102,board,ICSE,Day,Co-ed.,true,30.3162492,75.0917753,,https://locate.cisce.org/,2026-08-25
PU233,The Milestone Smart School,"Patiala, Patiala, Punjab, 147001, India",Patiala,Patiala,Punjab,147001,board,ICSE,Day,Co-ed.,true,30.3065154,76.396148,https://www.milestonesmartschool.edu.in/,https://locate.cisce.org/,2026-08-25
PU234,Innovative International Public School,"JALALABAD WEST, Fazilka, Punjab, 152024, India",JALALABAD WEST,Fazilka,Punjab,152024,board,ICSE,Day,Co-ed.,true,30.5970287,74.2575085,https://www.innovativeinternationalpublicschool.in,https://locate.cisce.org/,2026-08-25
PU235,Baba Kharak Singh Baba Darshan Singh Sr. Sec School,"AMRITSAR, Amritsar, Punjab, 143001, India",AMRITSAR,Amritsar,Punjab,143001,board,ICSE,Day,Co-ed.,true,31.6127942,74.7988017,https://WWW.BKSBDS.ORG,https://locate.cisce.org/,2026-08-25
PU236,Tara Convent School,"TALWANDI SABO, Bathinda, Punjab, 151302, India",TALWANDI SABO,Bathinda,Punjab,151302,board,ICSE,Day,Co-ed.,true,29.9541042,75.1559974,https://www.taraconventschool.in,https://locate.cisce.org/,2026-08-25
PU237,Maple World School,"JALANDHAR, Punjab, 144106, India",,JALANDHAR,Punjab,144106,board,ICSE,Day,Co-ed.,true,31.4329486,75.713901,https://www.mapleworldschool.com,https://locate.cisce.org/,2026-08-25
PU238,The Lords Convent School,"Pahtrala, Hoshiarpur, Punjab, 146106, India",Pahtrala,Hoshiarpur,Punjab,146106,board,ICSE,Day,Co-ed.,true,31.3630371,76.0362897,https://www.pu195cisce.com,https://locate.cisce.org/,2026-08-25
PU239,St. Joseph Convent School,"DERA BABA NANAK, Gurdaspur, Punjab, 143604, India",DERA BABA NANAK,Gurdaspur,Punjab,143604,board,ICSE,Day,Co-ed.,true,32.0321859,75.0304481,https://stjosephnikkosarai.com,https://locate.cisce.org/,2026-08-25
PU240,Seth Hukam Chand S.d. Public School,"KAPURTHALA, Kapurthala, Punjab, 144008, India",KAPURTHALA,Kapurthala,Punjab,144008,board,ICSE,Day/Residential,Co-ed.,true,31.3717188,75.4199054,https://www.shckpt.in,https://locate.cisce.org/,2026-08-25
PU241,St. Soldier Divine Public School,"LUDHIANA, Ludhiana, Punjab, 141008, India",LUDHIANA,Ludhiana,Punjab,141008,board,ICSE,Day,Co-ed.,true,30.9448274,75.8394196,https://www.ssdpsludhiana.in,https://locate.cisce.org/,2026-08-25
PU242,ST. SOLDIER ELITE SCHOOL,"JALANDHAR, Jalandhar, Punjab, 144007, India",JALANDHAR,Jalandhar,Punjab,144007,board,ICSE,Day,Co-ed.,true,31.3424093,75.6181598,https://www.stsoldiergroup.com,https://locate.cisce.org/,2026-08-25
PU243,Sam International School,"Guruharshai, Firozpur, Punjab, 152022, India",Guruharshai,Firozpur,Punjab,152022,board,ICSE,Day,Co-ed.,true,30.7057625,74.4115246,,https://locate.cisce.org/,2026-08-25
PU244,New Little Scholars Academy,"Batala, Gurdaspur, Punjab, 143505, India",Batala,Gurdaspur,Punjab,143505,board,ICSE,Day,Co-ed.,true,31.6248563,74.9180824,https://www.newlittlescholarsacademy.com,https://locate.cisce.org/,2026-08-25
PU245,Ryan World Public School,"FARIDKOT, Faridkot, Punjab, 151203, India",FARIDKOT,Faridkot,Punjab,151203,board,ICSE,Day/Boarding,Co-ed.,true,30.6757123,74.7892951,https://ryanworldpublicschool.com/,https://locate.cisce.org/,2026-08-25
PU246,New Sacred Heart Convent School,"DHANAULA, Barnala, Punjab, 148105, India",DHANAULA,Barnala,Punjab,148105,board,ICSE,Day,Co-ed.,false,30.1652024,75.5392335,,https://locate.cisce.org/,2026-08-25
PU247,St Thomas Convent School,"Bathinda, Bathinda, Punjab, 151002, India",Bathinda,Bathinda,Punjab,151002,board,ICSE,Day,Co-ed.,false,30.2674836,74.8434026,https://stthomasbathinda.in/,https://locate.cisce.org/,2026-08-25
PU248,Disha Public Senior Secondary School,"FEROZEPUR, Firozpur, Punjab, 152006, India",FEROZEPUR,Firozpur,Punjab,152006,board,ICSE,Day,Co-ed.,false,30.9749009,74.7132224,https://www.dishapublicschool.com,https://locate.cisce.org/,2026-08-25
PU249,INDIAN HEIGHTS INTERNATIONAL SCHOOL,"BHIKHIWIND, Tarn Taran, Punjab, 142057, India",BHIKHIWIND,Tarn Taran,Punjab,142057,board,ICSE,Day,Co-ed.,false,31.2871879,74.6605365,https://indianheightsschool.co.in/,https://locate.cisce.org/,2026-08-25
PU250,Little Flower Convent School,"Mudki, Firozpur, Punjab, 142060, India",Mudki,Firozpur,Punjab,142060,board,ICSE,Day,Co-ed.,false,30.7800851,74.8753623,,https://locate.cisce.org/,2026-08-25
PU251,St Thomas Convent School,"Ludhiana, Ludhiana, Punjab, 141118, India",Ludhiana,Ludhiana,Punjab,141118,board,ICSE,Day,Co-ed.,false,30.732053,75.8762178,https://www.stthomasmstrurka.org/,https://locate.cisce.org/,2026-08-25
PU252,Kerala International School,"Kalanaur, Gurdaspur, Punjab, 143512, India",Kalanaur,Gurdaspur,Punjab,143512,board,ICSE,Day,Co-ed.,false,32.0106518,75.1463818,,https://locate.cisce.org/,2026-08-25
PU253,Guru Nanak's Grace School,"Tarn-Taran, Tarn Taran, Punjab, 143401, India",Tarn-Taran,Tarn Taran,Punjab,143401,board,ICSE,Day/Boarding,Co-ed.,false,31.4520687,74.9293022,,https://locate.cisce.org/,2026-08-25
PU254,Sacred Heart Convent School,"Harike Pattan, Tarn Taran, Punjab, 143412, India",Harike Pattan,Tarn Taran,Punjab,143412,board,ICSE,Day,Co-ed.,false,31.1688872,74.9427837,,https://locate.cisce.org/,2026-08-25
PU255,The Cambridge Earth School,"TANDA URMAR, Hoshiarpur, Punjab, 144204, India",TANDA URMAR,Hoshiarpur,Punjab,144204,board,ICSE,Day,Co-ed.,false,31.6846035,75.6239229,,https://locate.cisce.org/,2026-08-25
PU256,Manav Vikas Vidya Kendra,"Raikot, Ludhiana, Punjab, 141109, India",Raikot,Ludhiana,Punjab,141109,board,ICSE,Day,Co-ed.,false,30.6648858,75.6048047,,https://locate.cisce.org/,2026-08-25
PU257,S.M. Convent School,"FEROZEPUR, Firozpur, Punjab, 142052, India",FEROZEPUR,Firozpur,Punjab,142052,board,ICSE,Day,Co-ed.,false,30.9213758,74.6439471,https://www.surjeetmemorialgroup.com,https://locate.cisce.org/,2026-08-25
RA002,Sophia High School,"Mount Abu, Sirohi, Rajasthan, 307 501, India",Mount Abu,Sirohi,Rajasthan,307501,board,ICSE,Day/Residential,Girls,true,24.5936872,72.713316,https://www.sophiaschoolmountabu.edu. in,https://locate.cisce.org/,2026-08-25
RA003,St. Mary's High School,"Mount Abu, Sirohi, Rajasthan, 307 501, India",Mount Abu,Sirohi,Rajasthan,307501,board,ICSE / ISC,Day/Residential,Boys,true,24.5936872,72.713316,https://www.stmarys.edu.in,https://locate.cisce.org/,2026-08-25
RA006,Mayo College Girls' School,"Nagra, Ajmer, Rajasthan, 305 008, India",Nagra,Ajmer,Rajasthan,305008,board,ICSE / ISC,Residential,Girls,true,26.4369064,74.6496643,https://www.mayogirls.com,https://locate.cisce.org/,2026-08-25
RA007,Springfield School,"Manasarovar, Jaipur, Rajasthan, 302 020, India",Manasarovar,Jaipur,Rajasthan,302020,board,ICSE / ISC,Day,Co-ed.,true,26.8670155,75.7578623,https://springfieldjaipur.com,https://locate.cisce.org/,2026-08-25
RA009,Hillview Adventist School,"Ramble Road, Ajmer, Rajasthan, 305 006, India",Ramble Road,Ajmer,Rajasthan,305006,board,ICSE / ISC,Day,Co-ed.,true,26.4781129,74.6369436,,https://locate.cisce.org/,2026-08-25
RA010,St. Mary's Senior Secondary School,"Jaipur Road, Sikar, Rajasthan, 332 001, India",Jaipur Road,Sikar,Rajasthan,332001,board,ICSE / ISC,Day,Co-ed.,true,26.9124336,75.7872709,https://www.stmaryschoolsikar.org,https://locate.cisce.org/,2026-08-25
RA011,Mayura School,"Moti Dungri Road, Jaipur, Rajasthan, 302 004, India",Moti Dungri Road,Jaipur,Rajasthan,302004,board,ICSE,Day,Co-ed.,true,26.9035676,75.8213603,,https://locate.cisce.org/,2026-08-25
RA012,Saint Paul's School,"Durgapura, Jaipur, Rajasthan, 302 015, India",Durgapura,Jaipur,Rajasthan,302015,board,ICSE / ISC,Day,Co-ed.,true,26.8130087,75.7792595,,https://locate.cisce.org/,2026-08-25
RA013,Children Garden Play School,"Civil Lines, Jaipur, Rajasthan, 302 006, India",Civil Lines,Jaipur,Rajasthan,302006,board,ICSE,Day,Co-ed.,true,26.9011351,75.7838036,,https://locate.cisce.org/,2026-08-25
RA014,Seventh Day Adventist Sr. Sec. School,"SRI GANGANAGAR, Sri Ganganagar, Rajasthan, 335 001, India",SRI GANGANAGAR,Sri Ganganagar,Rajasthan,335001,board,ICSE / ISC,Day,Co-ed.,true,29.32186,73.9009228,,https://locate.cisce.org/,2026-08-25
RA015,Children's Academy,"JAIPUR, Jaipur, Rajasthan, 302 016, India",JAIPUR,Jaipur,Rajasthan,302016,board,ICSE / ISC,Day,Co-ed.,true,26.9286599,75.7975884,https://childrensacademyjaipur.com,https://locate.cisce.org/,2026-08-25
RA016,St. Paul's School,"Nimbahera, Chittorgarh, Rajasthan, 312601, India",Nimbahera,Chittorgarh,Rajasthan,312601,board,ICSE,Day,Co-ed.,true,24.6239992,74.6892525,https://www.stpaulsnbh.com,https://locate.cisce.org/,2026-08-25
RA017,M S B Educational Institute,"Banswara, Banswara, Rajasthan, 327001, India",Banswara,Banswara,Rajasthan,327001,board,ICSE / ISC,Day,Co-ed.,true,23.5451408,74.4405475,,https://locate.cisce.org/,2026-08-25
RA018,Lipin Public School,"BHIWADI, Alwar, Rajasthan, 301019, India",BHIWADI,Alwar,Rajasthan,301019,board,ICSE / ISC,Day,Co-ed.,true,28.1951782,76.8547562,,https://locate.cisce.org/,2026-08-25
RA019,Floreto World School,"SIKAR, Sikar, Rajasthan, 332001, India",SIKAR,Sikar,Rajasthan,332001,board,ICSE / ISC,Day/Boarding,Co-ed.,true,27.6026967,75.1115868,http://floretoworldschool.com,https://locate.cisce.org/,2026-08-25
RA020,Milieu Field School,"JAIPUR, Jaipur, Rajasthan, 302003, India",JAIPUR,Jaipur,Rajasthan,302003,board,ICSE,Day,Co-ed.,true,26.9181191,75.8498893,https://WWW.MILIEUFIELDSCHOOL.COM,https://locate.cisce.org/,2026-08-25
RA021,Kidzway Montessory School,"Gajsinghpur, Sri Ganganagar, Rajasthan, 335024, India",Gajsinghpur,Sri Ganganagar,Rajasthan,335024,board,ICSE / ISC,Day,Co-ed.,true,29.6582509,73.4381969,https://www.kidzwayschool.com,https://locate.cisce.org/,2026-08-25
RA022,Dhanraj School,"Nagaur, Nagaur, Rajasthan, 341001, India",Nagaur,Nagaur,Rajasthan,341001,board,ICSE / ISC,Day,Co-ed.,true,27.2044221,73.7150521,,https://locate.cisce.org/,2026-08-25
RA023,S P S Global,"Bhiwadi, Alwar, Rajasthan, 301019, India",Bhiwadi,Alwar,Rajasthan,301019,board,ICSE / ISC,Day,Co-ed.,true,28.1939823,76.8539709,,https://locate.cisce.org/,2026-08-25
RA024,Stairs School Of Excellence,"KOTA, Kota, Rajasthan, 324002, India",KOTA,Kota,Rajasthan,324002,board,ICSE,Day/Boarding,Co-ed.,true,25.2155001,75.8942521,https://stairsschoolkota.com,https://locate.cisce.org/,2026-08-25
RA025,Vishal Global School,"DABLI BAS CHUGATA, Hanumangarh, Rajasthan, 335801, India",DABLI BAS CHUGATA,Hanumangarh,Rajasthan,335801,board,ICSE,Day/Boarding,Co-ed.,true,29.5216775,74.1386767,,https://locate.cisce.org/,2026-08-25
RA026,Sia Step By Step,"SIKAR, Sikar, Rajasthan, 302041, India",SIKAR,Sikar,Rajasthan,302041,board,ICSE,Day,Co-ed.,true,27.6045867,74.9501034,https://siastepbystepsewad.com,https://locate.cisce.org/,2026-08-25
RA027,Saint Justice Orient School,"KOTA, Kota, Rajasthan, 324005, India",KOTA,Kota,Rajasthan,324005,board,ICSE,Day,Co-ed.,true,25.117695,75.836425,,https://locate.cisce.org/,2026-08-25
SI001,Tashi Namgyal Academy,"Gangtok, East Sikkim, Sikkim, 737 103, India",Gangtok,East Sikkim,Sikkim,737103,board,ICSE / ISC,Day/Residential,Co-ed.,true,27.336379,88.6169066,https://www.tashinamgyalacademy.com,https://locate.cisce.org/,2026-08-25
SI002,St. Xavier's School,"Pakyong, East Sikkim, Sikkim, 737 106, India",Pakyong,East Sikkim,Sikkim,737106,board,ICSE / ISC,Day/Residential,Co-ed.,true,27.2429408,88.5968902,https://www.stxavierspakyong.org,https://locate.cisce.org/,2026-08-25
SI003,St. Joseph's School,"Via Singtam, East Sikkim, Sikkim, 737 134, India",Via Singtam,East Sikkim,Sikkim,737134,board,ICSE / ISC,Day/Residential,Co-ed.,true,27.2620342,88.5556248,https://www.sjsmartam.com,https://locate.cisce.org/,2026-08-25
SI004,Namchi Public School,"Namchi, South Sikkim, Sikkim, 737 126, India",Namchi,South Sikkim,Sikkim,737126,board,ICSE / ISC,Day/Residential,Co-ed.,true,27.1666353,88.3619334,https://www.npsskm.in,https://locate.cisce.org/,2026-08-25
SI005,Don Bosco School,"MALBASEY, West Sikkim, Sikkim, 737 121, India",MALBASEY,West Sikkim,Sikkim,737121,board,ICSE / ISC,Day/Residential,Co-ed.,true,27.136486,88.2155609,https://www.donboscomalbasey.org,https://locate.cisce.org/,2026-08-25
SI007,St. Mary's Convent School,"Geyzing, West Sikkim, Sikkim, 737 111, India",Geyzing,West Sikkim,Sikkim,737111,board,ICSE / ISC,Residential,Co-ed.,true,27.2925414,88.2537454,,https://locate.cisce.org/,2026-08-25
SI008,St. Joseph's School,"Kingston, East Sikkim, Sikkim, 737 133, India",Kingston,East Sikkim,Sikkim,737133,board,ICSE / ISC,Day/Residential,Co-ed.,true,27.1790602,88.6584742,"https://www.stjosephrhenocksikkim,com",https://locate.cisce.org/,2026-08-25
SI009,St. Francis School,"Jorethang, South Sikkim, Sikkim, 737 121, India",Jorethang,South Sikkim,Sikkim,737121,board,ICSE / ISC,Day,Co-ed.,true,27.1305529,88.283429,https://www.sfsjorethang.org,https://locate.cisce.org/,2026-08-25
SI010,Taktse International School,"Gangtok, East Sikkim, Sikkim, 737103, India",Gangtok,East Sikkim,Sikkim,737103,board,ICSE / ISC,Day/Boarding,Co-ed.,true,27.383846,88.506714,https://www.taktseschool.org,https://locate.cisce.org/,2026-08-25
TN001,Vikaasa School,"Ponnagaram Compound, Madurai, Tamil Nadu, 625 016, India",Ponnagaram Compound,Madurai,Tamil Nadu,625016,board,ICSE / ISC,Day,Co-ed.,true,10.3308175,78.0038406,https://www.vikaasa.edu.in,https://locate.cisce.org/,2026-08-25
TN002,Brindavan Public School,"Chengalpattu, Kanchipuram, Tamil Nadu, 603 101, India",Chengalpattu,Kanchipuram,Tamil Nadu,603101,board,ICSE / ISC,Day,Co-ed.,true,12.7343528,79.9472502,,https://locate.cisce.org/,2026-08-25
TN003,Seventh Day Adventist Higher Secondary School,"Chengalpattu, Kanchipuram, Tamil Nadu, 603 002, India",Chengalpattu,Kanchipuram,Tamil Nadu,603002,board,ICSE,Day,Co-ed.,true,12.6974057,79.973653,,https://locate.cisce.org/,2026-08-25
TN004,Mountain Home School & Junior College,"Coonoor, Nilgiris, Tamil Nadu, 643 102, India",Coonoor,Nilgiris,Tamil Nadu,643102,board,ICSE / ISC,Day/Residential,Co-ed.,true,11.3446555,76.7946737,,https://locate.cisce.org/,2026-08-25
TN005,St. Thomas English High School,"Gudalur, Nilgiris, Tamil Nadu, 643 212, India",Gudalur,Nilgiris,Tamil Nadu,643212,board,ICSE,Day,Co-ed.,true,11.5174048,76.520406,,https://locate.cisce.org/,2026-08-25
TN006,Little Angels' English Higher Secondary School,"KARUR, Karur, Tamil Nadu, 639 001, India",KARUR,Karur,Tamil Nadu,639001,board,ICSE / ISC,Day/Residential,Co-ed.,true,10.9562437,78.0841625,https://www.littleangelskarur.com,https://locate.cisce.org/,2026-08-25
TN007,The Laidlaw Memorial School & Jr. College,"Ketti, Nilgiris, Tamil Nadu, 643 215, India",Ketti,Nilgiris,Tamil Nadu,643215,board,ICSE / ISC,Residential,Co-ed.,true,11.3727911,76.7359293,https://www.laidlawschool.org,https://locate.cisce.org/,2026-08-25
TN008,International Community School & Junior College,"Kotagiri, Nilgiris, Tamil Nadu, 643 217, India",Kotagiri,Nilgiris,Tamil Nadu,643217,board,ICSE / ISC,Day/Residential,Co-ed.,true,11.4180196,76.8685847,,https://locate.cisce.org/,2026-08-25
TN009,Kodaikanal Public School,"Kodaikanal, Dindigul, Tamil Nadu, 624 101, India",Kodaikanal,Dindigul,Tamil Nadu,624101,board,ICSE / ISC,Day/Residential,Co-ed.,true,10.2475082,77.5012711,https://www.kodaikanalpublicschool.org,https://locate.cisce.org/,2026-08-25
TN010,St. Jude's Public School & Junior College,"Kotagiri, Nilgiris, Tamil Nadu, 643 217, India",Kotagiri,Nilgiris,Tamil Nadu,643217,board,ICSE / ISC,Residential,Co-ed.,true,11.4255891,76.8448878,https://www.stjudesonline.in,https://locate.cisce.org/,2026-08-25
TN011,Brindavan Public School,"Coonoor, Nilgiris, Tamil Nadu, 643 232, India",Coonoor,Nilgiris,Tamil Nadu,643232,board,ICSE / ISC,Day/Residential,Co-ed.,true,11.36356,76.7884713,https://www.brindavanschools.org/coonoor,https://locate.cisce.org/,2026-08-25
TN012,Holy Innocents School & Junior College,"Wellington, Nilgiris, Tamil Nadu, 643 231, India",Wellington,Nilgiris,Tamil Nadu,643231,board,ICSE / ISC,Day,Co-ed.,true,11.36356,76.7884713,https://www.holyinnocentshs.com,https://locate.cisce.org/,2026-08-25
TN015,Nazareth Convent High School & Junior College,"Ootacamund, Nilgiris, Tamil Nadu, 643 001, India",Ootacamund,Nilgiris,Tamil Nadu,643001,board,ICSE / ISC,Day/Residential,Girls,true,11.4080129,76.6934222,https://www.nazarethooty.edu.in,https://locate.cisce.org/,2026-08-25
TN016,Good Shepherd International School,"Ootacamund, Nilgiris, Tamil Nadu, 643 004, India",Ootacamund,Nilgiris,Tamil Nadu,643004,board,ICSE / ISC,Residential,Co-ed.,true,11.4102038,76.6950324,http://www.gsis.ac.in,https://locate.cisce.org/,2026-08-25
TN017,St. Hilda's School,"Ootacamund, Nilgiris, Tamil Nadu, 643 001, India",Ootacamund,Nilgiris,Tamil Nadu,643001,board,ICSE / ISC,Day/Residential,Co-ed.,true,11.4182088,76.7038094,https://www.sthildasooty.com,https://locate.cisce.org/,2026-08-25
TN018,Doveton Girls' Higher Secondary School,"Vepery, Chennai, Tamil Nadu, 600 007, India",Vepery,Chennai,Tamil Nadu,600007,board,ICSE / ISC,Day,Girls,true,13.0858742,80.2587693,,https://locate.cisce.org/,2026-08-25
TN019,Doveton Boys' Higher Secondary School,"Vepery, Chennai, Tamil Nadu, 600 007, India",Vepery,Chennai,Tamil Nadu,600007,board,ICSE / ISC,Day,Boys,true,13.0863572,80.2589062,,https://locate.cisce.org/,2026-08-25
TN020,Seventh Day Adventist Higher Secondary School,"Vepery, Chennai, Tamil Nadu, 600 007, India",Vepery,Chennai,Tamil Nadu,600007,board,ICSE,Day,Co-ed.,true,13.0818378,80.2570839,,https://locate.cisce.org/,2026-08-25
TN021,Sishya,"Adyar, Chennai, Tamil Nadu, 600 020, India",Adyar,Chennai,Tamil Nadu,600020,board,ICSE / ISC,Day,Co-ed.,true,13.0051427,80.2580233,https://www.sishya.com,https://locate.cisce.org/,2026-08-25
TN023,The School ( Krishnamurti Foundation India ),"Thazhambur, Chennai, Tamil Nadu, 600 130, India",Thazhambur,Chennai,Tamil Nadu,600130,board,ICSE / ISC,Day,Co-ed.,true,12.8549426,80.2070328,https://www.theschoolkfi.org,https://locate.cisce.org/,2026-08-25
TN024,Virudhunagar T. S. M. Manickam Nadar Janaki Ammal School,"MADURAI, Madurai, Tamil Nadu, 625 009, India",MADURAI,Madurai,Tamil Nadu,625009,board,ICSE / ISC,Day,Co-ed.,true,9.9110318,78.1437778,,https://locate.cisce.org/,2026-08-25
TN025,S.D.A. English High School,"MADURAI, Madurai, Tamil Nadu, 625 010, India",MADURAI,Madurai,Tamil Nadu,625010,board,ICSE,Day,Co-ed.,true,9.9213553,78.1057374,,https://locate.cisce.org/,2026-08-25
TN026,Vikaasa School,"Ambasamudram, Tirunelveli, Tamil Nadu, 627 401, India",Ambasamudram,Tirunelveli,Tamil Nadu,627401,board,ICSE,Day,Co-ed.,true,8.7004915,77.4610643,,https://locate.cisce.org/,2026-08-25
TN027,Jeevana School,"Jayanagar, Madurai, Tamil Nadu, 625 016, India",Jayanagar,Madurai,Tamil Nadu,625016,board,ICSE / ISC,Day,Co-ed.,true,9.9256569,78.0901,,https://locate.cisce.org/,2026-08-25
TN029,J.R. Cambridge School,"Narayana Nagar, Salem, Tamil Nadu, 636 015, India",Narayana Nagar,Salem,Tamil Nadu,636015,board,ICSE / ISC,Day/Residential,Co-ed.,true,11.6525843,78.1659985,,https://locate.cisce.org/,2026-08-25
TN030,James Memorial High School,"Tuticorin, Thoothukudi, Tamil Nadu, 628 616, India",Tuticorin,Thoothukudi,Tamil Nadu,628616,board,ICSE,Day/Residential,Co-ed.,true,8.5682179,77.9801669,,https://locate.cisce.org/,2026-08-25
TN031,Seventh - Day Adventist English High School,"Tiruchirapalli, Tiruchirappalli, Tamil Nadu, 620 001, India",Tiruchirapalli,Tiruchirappalli,Tamil Nadu,620001,board,ICSE,Day,Co-ed.,true,10.8076656,78.6865451,,https://locate.cisce.org/,2026-08-25
TN032,Kamakoti Vidyalaya,"Sankaran Pillai Road, Tiruchirappalli, Tamil Nadu, 620 002, India",Sankaran Pillai Road,Tiruchirappalli,Tamil Nadu,620002,board,ICSE,Day,Co-ed.,true,10.8314604,78.698013,https://kkv.edu.in,https://locate.cisce.org/,2026-08-25
TN034,S. D. A. English High School,"Thanjavur, Thanjavur, Tamil Nadu, 613 001, India",Thanjavur,Thanjavur,Tamil Nadu,613001,board,ICSE,Day,Co-ed.,true,10.7858649,79.2756625,,https://locate.cisce.org/,2026-08-25
TN035,S. D. A. High School,"Subramaniapuram, Tiruchirappalli, Tamil Nadu, 620 020, India",Subramaniapuram,Tiruchirappalli,Tamil Nadu,620020,board,ICSE,Day,Co-ed.,true,10.7886202,78.7357298,,https://locate.cisce.org/,2026-08-25
TN036,Seventh Day Adventist English High School,"Pulierranghy, Kanyakumari, Tamil Nadu, 629177, India",Pulierranghy,Kanyakumari,Tamil Nadu,629177,board,ICSE,Day,Co-ed.,true,8.3496481,77.2806231,,https://locate.cisce.org/,2026-08-25
TN037,Ida Scudder School,"Viruthampet, Vellore, Tamil Nadu, 632 006, India",Viruthampet,Vellore,Tamil Nadu,632006,board,ICSE / ISC,Day,Co-ed.,true,11.1271225,78.6568942,https://www.scudderschool.ac.in,https://locate.cisce.org/,2026-08-25
TN039,The Ashram,"Chennai, Chennai, Tamil Nadu, 600 032, India",Chennai,Chennai,Tamil Nadu,600032,board,ICSE / ISC,Day,Co-ed.,true,13.0092694,80.2214481,https://www.theashram.in,https://locate.cisce.org/,2026-08-25
TN040,Good Earth School,"Sriperambadur Taluk, Kanchipuram, Tamil Nadu, 600 069, India",Sriperambadur Taluk,Kanchipuram,Tamil Nadu,600069,board,ICSE / ISC,Day,Co-ed.,true,12.9161101,80.0427065,https://goodearthschool.org,https://locate.cisce.org/,2026-08-25
TN041,Keswick Public School,"Koodal Nagar, Madurai, Tamil Nadu, 625 018, India",Koodal Nagar,Madurai,Tamil Nadu,625018,board,ICSE / ISC,Day,Co-ed.,true,9.9642863,78.0965691,,https://locate.cisce.org/,2026-08-25
TN042,Abacus Montessori School,"Perungudi, Chennai, Tamil Nadu, 600 096, India",Perungudi,Chennai,Tamil Nadu,600096,board,ICSE / ISC,Day,Co-ed.,true,12.9588257,80.2409136,https://www.abacusnow.com,https://locate.cisce.org/,2026-08-25
TN043,Kanyakumari Public School,"Karuniapuram, Kanyakumari, Tamil Nadu, 629 702, India",Karuniapuram,Kanyakumari,Tamil Nadu,629702,board,ICSE / ISC,Residential,Co-ed.,true,8.1080028,77.531919,,https://locate.cisce.org/,2026-08-25
TN044,The Vikasa School,"Millerpuram, Thoothukudi, Tamil Nadu, 628 008, India",Millerpuram,Thoothukudi,Tamil Nadu,628008,board,ICSE / ISC,Day,Co-ed.,true,8.8029005,78.1240831,https://www.vikasaschool.com,https://locate.cisce.org/,2026-08-25
TN045,Lakshmi School,"Karuppayurani, Madurai, Tamil Nadu, 625 020, India",Karuppayurani,Madurai,Tamil Nadu,625020,board,ICSE / ISC,Day/Boarding,Co-ed.,true,9.9328806,78.1778185,https://www.lakshmischool.org,https://locate.cisce.org/,2026-08-25
TN046,St. Joseph's Academy,"Coonoor, Nilgiris, Tamil Nadu, 643 102, India",Coonoor,Nilgiris,Tamil Nadu,643102,board,ICSE / ISC,Day/Residential,Co-ed.,true,11.3530755,76.7875627,https://www.stjosephscoonoor.com,https://locate.cisce.org/,2026-08-25
TN047,Idhayam Rajendran Residential School,"MADURAI, Madurai, Tamil Nadu, 625 009, India",MADURAI,Madurai,Tamil Nadu,625009,board,ICSE / ISC,Day/Residential,Co-ed.,true,9.8304026,78.1683271,https://www.idhayamschool.com,https://locate.cisce.org/,2026-08-25
TN048,Bhagwan Mahaveer Dayaniketan Jain School,"Arihanth Nagar, Vellore, Tamil Nadu, 632 006, India",Arihanth Nagar,Vellore,Tamil Nadu,632006,board,ICSE / ISC,Day,Co-ed.,true,12.9530876,79.1301458,https://www.bmdjainschool.com,https://locate.cisce.org/,2026-08-25
TN050,Shanti Bhavan Residential School,"KRISHNAGIRI, Krishnagiri, Tamil Nadu, 635 103, India",KRISHNAGIRI,Krishnagiri,Tamil Nadu,635103,board,ICSE / ISC,Day/Residential,Co-ed.,true,12.8812682,77.9190161,,https://locate.cisce.org/,2026-08-25
TN051,St. Patrick's High School,"Adyar, Chennai, Tamil Nadu, 600 020, India",Adyar,Chennai,Tamil Nadu,600020,board,ICSE,Day,Co-ed.,true,13.0096046,80.2513351,https://www.stpatricksicse.com,https://locate.cisce.org/,2026-08-25
TN053,Sruthi Vidhyodhaya,"Sivakasi, Virudhunagar, Tamil Nadu, 626 189, India",Sivakasi,Virudhunagar,Tamil Nadu,626189,board,ICSE / ISC,Day,Co-ed.,true,9.459191,77.807141,https://sruthischool.com,https://locate.cisce.org/,2026-08-25
TN054,Riverside Public School,"Kotagiri, Nilgiris, Tamil Nadu, 643 217, India",Kotagiri,Nilgiris,Tamil Nadu,643217,board,ICSE / ISC,Day/Boarding,Co-ed.,true,11.4217666,76.8617275,,https://locate.cisce.org/,2026-08-25
TN055,Brindavan Vidyalaya,"Thiruvanai Kovil, Tiruchirappalli, Tamil Nadu, 620 005, India",Thiruvanai Kovil,Tiruchirappalli,Tamil Nadu,620005,board,ICSE / ISC,Day,Co-ed.,true,13.0843007,80.2704622,https://www.brindavanschool.com,https://locate.cisce.org/,2026-08-25
TN056,M.K.R. Ayya Nadar Jeyalakshmi Ammal English Medium School,"MADURAI, Madurai, Tamil Nadu, 625 009, India",MADURAI,Madurai,Tamil Nadu,625009,board,ICSE / ISC,Day,Co-ed.,true,9.9119415,78.1502198,https://www.ajschool.org,https://locate.cisce.org/,2026-08-25
TN057,Excel Central School,"KANYAKUMARI, Kanyakumari, Tamil Nadu, 629 177, India",KANYAKUMARI,Kanyakumari,Tamil Nadu,629177,board,ICSE / ISC,Day,Co-ed.,true,8.3347929,77.2663771,https://www.excelschools.edu.in,https://locate.cisce.org/,2026-08-25
TN058,Navadisha Montessori School,"Velachery, Chennai, Tamil Nadu, 600 042, India",Velachery,Chennai,Tamil Nadu,600042,board,ICSE,Day,Co-ed.,true,12.977329,80.2118806,,https://locate.cisce.org/,2026-08-25
TN059,Isha Home School,"COIMBATORE, Coimbatore, Tamil Nadu, 641 114, India",COIMBATORE,Coimbatore,Tamil Nadu,641114,board,ICSE / ISC,Residential,Co-ed.,true,10.9973691,76.9588876,https://www.ishahomeschool.org,https://locate.cisce.org/,2026-08-25
TN060,Chettinad Hari Shree Vidyalayam,"Chennai, Chennai, Tamil Nadu, 600 028, India",Chennai,Chennai,Tamil Nadu,600028,board,ICSE / ISC,Day,Co-ed.,true,13.0225918,80.2607939,https://www.harishree.org,https://locate.cisce.org/,2026-08-25
TN061,The Grove School,"Alwarpet, Chennai, Tamil Nadu, 600 018, India",Alwarpet,Chennai,Tamil Nadu,600018,board,ICSE / ISC,Day,Co-ed.,true,13.038074,80.2555806,https://www.thegroveschool.in,https://locate.cisce.org/,2026-08-25
TN062,Vaels International School,"Injambakkam, ECR, Chennai, Tamil Nadu, 600041, India","Injambakkam, ECR",Chennai,Tamil Nadu,600041,board,ICSE / ISC,Day,Co-ed.,true,12.917428,80.2481442,https://www.vaelsinternationalschool.com,https://locate.cisce.org/,2026-08-25
TN063,The Little Kingdom Senior School,"THENI, Theni, Tamil Nadu, 625 531, India",THENI,Theni,Tamil Nadu,625531,board,ICSE / ISC,Day,Co-ed.,true,9.997832,77.4791151,https://www.tlkschool.org,https://locate.cisce.org/,2026-08-25
TN064,The Unique Academy,"Ingur, Erode, Tamil Nadu, 638 052, India",Ingur,Erode,Tamil Nadu,638052,board,ICSE / ISC,Day,Co-ed.,true,11.233628,77.560588,https://www.theuniqueacademy.org.in,https://locate.cisce.org/,2026-08-25
TN066,Comorin International School,"Nagercoil, Kanyakumari, Tamil Nadu, 629 301, India",Nagercoil,Kanyakumari,Tamil Nadu,629301,board,ICSE / ISC,Day/Boarding,Co-ed.,true,8.1839247,77.4118411,https://www.cis.edu.in,https://locate.cisce.org/,2026-08-25
TN067,Montfort School,"SALEM, Salem, Tamil Nadu, 636 601, India",SALEM,Salem,Tamil Nadu,636601,board,ICSE / ISC,Day/Boarding,Co-ed.,true,11.7747924,78.2097052,https://www.montforticse.com,https://locate.cisce.org/,2026-08-25
TN068,S. D. R. School,"Tuticorin, Thoothukudi, Tamil Nadu, 628 101, India",Tuticorin,Thoothukudi,Tamil Nadu,628101,board,ICSE / ISC,Day,Co-ed.,true,8.8121771,78.1506188,https://www.sdrschool.com,https://locate.cisce.org/,2026-08-25
TN069,Lotus An. Venkatachalam Chettiar School,"Devakottai, Sivaganga, Tamil Nadu, 630 302, India",Devakottai,Sivaganga,Tamil Nadu,630302,board,ICSE / ISC,Day,Co-ed.,true,10.0474237,78.7514017,https://www.nsmvpsangam.org,https://locate.cisce.org/,2026-08-25
TN070,Crescent Castle Public School,"Ootacamund, Nilgiris, Tamil Nadu, 643001, India",Ootacamund,Nilgiris,Tamil Nadu,643001,board,ICSE / ISC,Day,Co-ed.,true,11.4039332,76.7154789,,https://locate.cisce.org/,2026-08-25
TN071,S. B. J. Vidya Bhavan,"KANYAKUMARI, Kanyakumari, Tamil Nadu, 629 161, India",KANYAKUMARI,Kanyakumari,Tamil Nadu,629161,board,ICSE,Day,Co-ed.,true,8.3636653,77.2985408,,https://locate.cisce.org/,2026-08-25
TN072,Disha - A Life School,"Pollachi, Coimbatore, Tamil Nadu, 642 002, India",Pollachi,Coimbatore,Tamil Nadu,642002,board,ICSE / ISC,Day,Co-ed.,true,10.7073929,77.0217204,https://www.dishaschool.com,https://locate.cisce.org/,2026-08-25
TN073,Stanes School,"COIMBATORE, Coimbatore, Tamil Nadu, 641 018, India",COIMBATORE,Coimbatore,Tamil Nadu,641018,board,ICSE / ISC,Day,Co-ed.,true,11.0227951,77.0010197,https://www.stanesschool.org,https://locate.cisce.org/,2026-08-25
TN074,Dr. Dasarathan International School,"COIMBATORE, Coimbatore, Tamil Nadu, 641 017, India",COIMBATORE,Coimbatore,Tamil Nadu,641017,board,ICSE / ISC,Day,Co-ed.,true,11.0983054,76.9386792,https://www.dasarathanschool.com,https://locate.cisce.org/,2026-08-25
TN075,National Academy School,"RAMANATHAPURAM, Ramanathapuram, Tamil Nadu, 623 503, India",RAMANATHAPURAM,Ramanathapuram,Tamil Nadu,623503,board,ICSE / ISC,Day,Co-ed.,true,9.3601401,78.8634345,,https://locate.cisce.org/,2026-08-25
TN076,Sacred Heart International School,"Marthandam, Kanyakumari, Tamil Nadu, 629 165, India",Marthandam,Kanyakumari,Tamil Nadu,629165,board,ICSE / ISC,Day,Co-ed.,true,8.3044427,77.2293786,https://www.shis.in,https://locate.cisce.org/,2026-08-25
TN077,Corpus Christi School,"Kanyakumari , Kanyakumari, Tamil Nadu, 629 003, India",Kanyakumari,Kanyakumari,Tamil Nadu,629003,board,ICSE / ISC,Day,Co-ed.,true,8.1839247,77.4118411,https://www.corpuschristischool.in,https://locate.cisce.org/,2026-08-25
TN078,Amazon International School,"Tirvannamalai, Tiruvannamalai, Tamil Nadu, 606 753, India",Tirvannamalai,Tiruvannamalai,Tamil Nadu,606753,board,ICSE / ISC,Day,Co-ed.,true,12.0591142,78.974026,https://www.amazonschools.com,https://locate.cisce.org/,2026-08-25
TN079,Primrose Schools,"Chennai, Chennai, Tamil Nadu, 60 0115, India","Chennai, Chennai",Tamil Nadu,60 0115,600115,india_post_directory,ICSE / ISC,Day,Co-ed.,true,12.909724,80.249558,,https://locate.cisce.org/,2026-08-25
TN080,Kaumaram Sushila International Residential School,"Coimbatore, Coimbatore, Tamil Nadu, 641049, India",Coimbatore,Coimbatore,Tamil Nadu,641049,board,ICSE / ISC,Day,Co-ed.,true,11.0620048,76.9831256,,https://locate.cisce.org/,2026-08-25
TN081,Carmel International School,"Hosur, Krishnagiri, Tamil Nadu, 635109, India",Hosur,Krishnagiri,Tamil Nadu,635109,board,ICSE / ISC,Day,Co-ed.,true,12.7056856,77.8280798,https://www.carmelicsehosur.com,https://locate.cisce.org/,2026-08-25
TN082,R J Mantra English School,"VIRUDHUNAGAR, Virudhunagar, Tamil Nadu, 626001, India",VIRUDHUNAGAR,Virudhunagar,Tamil Nadu,626001,board,ICSE / ISC,Day,Co-ed.,true,9.5840375,77.9843881,https://www.rjmantra.com,https://locate.cisce.org/,2026-08-25
TN083,Samskaara Academy,"COIMBATORE, Coimbatore, Tamil Nadu, 641016, India",COIMBATORE,Coimbatore,Tamil Nadu,641016,board,ICSE / ISC,Day/Boarding,Co-ed.,true,11.002857,77.0509663,https://www.samskaaraacademy.com,https://locate.cisce.org/,2026-08-25
TN084,Sishya OMR School,"Chennai, Kanchipuram, Tamil Nadu, 600 097, India",Chennai,Kanchipuram,Tamil Nadu,600097,board,ICSE / ISC,Day,Co-ed.,true,12.9274005,80.2313361,https://www.sishyaomrschool.org,https://locate.cisce.org/,2026-08-25
TN085,Nps International Chennai,"Chennai, Chennai, Tamil Nadu, 600 100, India",Chennai,Chennai,Tamil Nadu,600100,board,ICSE / ISC,Day,Co-ed.,true,12.8979503,80.2056482,https://www.npsinternationalchennai.com,https://locate.cisce.org/,2026-08-25
TN086,A V S Central School,"TIRUPPUR, Tiruppur, Tamil Nadu, 641666, India",TIRUPPUR,Tiruppur,Tamil Nadu,641666,board,ICSE / ISC,Day,Co-ed.,true,11.1743568,77.2772613,https://www.avscentralschool.com,https://locate.cisce.org/,2026-08-25
TN087,St.michael's Academy,"Chennai, Chennai, Tamil Nadu, 600020, India",Chennai,Chennai,Tamil Nadu,600020,board,ICSE / ISC,Day,Co-ed.,true,13.0101965,80.2495657,https://www.st-michaelsacademy.com,https://locate.cisce.org/,2026-08-25
TN088,Nirmala Matha Convent School,"COIMBATORE, Coimbatore, Tamil Nadu, 641008, India",COIMBATORE,Coimbatore,Tamil Nadu,641008,board,ICSE / ISC,Day,Co-ed.,true,10.9579614,76.9540745,https://nirmalamathaicsekuniamuthur.com,https://locate.cisce.org/,2026-08-25
TN089,Shiksha Greenwoods School,"VELLORE, Vellore, Tamil Nadu, 635809, India",VELLORE,Vellore,Tamil Nadu,635809,board,ICSE / ISC,Day,Co-ed.,true,12.9043057,78.9411778,https://www.shikshaschools.in,https://locate.cisce.org/,2026-08-25
TN090,CHRIST INTERNATIONAL SCHOOL,"THANJAVUR, Thanjavur, Tamil Nadu, 613004, India",THANJAVUR,Thanjavur,Tamil Nadu,613004,board,ICSE / ISC,Day,Co-ed.,true,10.7534428,79.0964736,http://christinternationalschool.org/,https://locate.cisce.org/,2026-08-25
TN091,Seventh Day Adventist International Academy,"Hosur, Krishnagiri, Tamil Nadu, 635113, India",Hosur,Krishnagiri,Tamil Nadu,635113,board,ICSE,Day,Co-ed.,true,12.602894,77.8531249,https://www.sdaintlacademy.com,https://locate.cisce.org/,2026-08-25
TN092,Aachi International School,"USILAMPATTI, Madurai, Tamil Nadu, 625532, India",USILAMPATTI,Madurai,Tamil Nadu,625532,board,ICSE / ISC,Day/Boarding,Co-ed.,true,9.9364629,78.0370451,https://www.aachiinternationalschool.com,https://locate.cisce.org/,2026-08-25
TN093,M.G.V Global Academy,"TIRUPUR, Tiruppur, Tamil Nadu, 641 603, India",TIRUPUR,Tiruppur,Tamil Nadu,641603,board,ICSE / ISC,Day/Boarding,Co-ed.,true,11.1509584,77.3325631,,https://locate.cisce.org/,2026-08-25
TN094,Carmel Public School,"Chennai, Tiruvallur, Tamil Nadu, 602024, India",Chennai,Tiruvallur,Tamil Nadu,602024,board,ICSE / ISC,Day,Co-ed.,true,13.1291081,80.0076424,https://www.carmelpublicschool.in,https://locate.cisce.org/,2026-08-25
TN095,Ishethra International Residential School,"Karur, Karur, Tamil Nadu, 639 201, India",Karur,Karur,Tamil Nadu,639201,board,ICSE,Residential,Co-ed.,true,10.7746682,77.948509,https://www.ishethra.org,https://locate.cisce.org/,2026-08-25
TN096,Sri Vishwas Vidhyalaya,"Pannaimoondradaippu, Virudhunagar, Tamil Nadu, 626129, India",Pannaimoondradaippu,Virudhunagar,Tamil Nadu,626129,board,ICSE / ISC,Day,Co-ed.,true,9.5562761,78.1509205,https://www.vishwasschool.org,https://locate.cisce.org/,2026-08-25
TN097,The Bridgewoods Public School,"COIMBATORE, Coimbatore, Tamil Nadu, 641014, India",COIMBATORE,Coimbatore,Tamil Nadu,641014,board,ICSE / ISC,Day,Co-ed.,true,11.0103326,77.0380706,https://www.thebridgewoodspublicschool.com,https://locate.cisce.org/,2026-08-25
TN098,Sri Kalaivani International School,"UNJANAI, Sivaganga, Tamil Nadu, 630202, India",UNJANAI,Sivaganga,Tamil Nadu,630202,board,ICSE / ISC,Day,Co-ed.,true,10.024652,78.821983,https://srikalaivanischools.com,https://locate.cisce.org/,2026-08-25
TN099,Bharathi Vidhyaa Kendhra School,"Tiruppur, Tiruppur, Tamil Nadu, 641654, India",Tiruppur,Tiruppur,Tamil Nadu,641654,board,ICSE / ISC,Day/Boarding,Boys,true,11.1489171,77.2648007,https://www.bharathischools.org,https://locate.cisce.org/,2026-08-25
TN100,Seventh Day Adventist English School,"Chennai, Chennai, Tamil Nadu, 600045, India",Chennai,Chennai,Tamil Nadu,600045,board,ICSE,Day,Co-ed.,true,12.9348251,80.1260478,,https://locate.cisce.org/,2026-08-25
TN101,Wisdom Wealth International School,"Virudhunagar, Virudhunagar, Tamil Nadu, 626003, India",Virudhunagar,Virudhunagar,Tamil Nadu,626003,board,ICSE / ISC,Day,Co-ed.,true,9.5115111,77.9340866,https://www.wisdomwealthschool.in,https://locate.cisce.org/,2026-08-25
TN102,Sree Jayam School,"vellore, Vellore, Tamil Nadu, 632001, India",vellore,Vellore,Tamil Nadu,632001,board,ICSE / ISC,Day/Boarding,Co-ed.,true,12.8928999,79.1291054,https://www.sreejayamschool.edu.in,https://locate.cisce.org/,2026-08-25
TN103,Shri Vijayalakshmi Vidhyalayaa International School,"KARUR, Karur, Tamil Nadu, 639004, India",KARUR,Karur,Tamil Nadu,639004,board,ICSE / ISC,Day,Co-ed.,true,10.9416592,78.1022729,,https://locate.cisce.org/,2026-08-25
TN104,Christwood School,"Chennai, Kanchipuram, Tamil Nadu, 600048, India",Chennai,Kanchipuram,Tamil Nadu,600048,board,ICSE / ISC,Day,Co-ed.,true,12.855182,80.1427602,https://www.christwood.edu.in,https://locate.cisce.org/,2026-08-25
TN105,Pincushion Montessori International School,"VELLORE, Vellore, Tamil Nadu, 632106, India",VELLORE,Vellore,Tamil Nadu,632106,board,ICSE / ISC,Day/Boarding,Co-ed.,true,12.9657098,79.1675515,https://www.pincushion.in,https://locate.cisce.org/,2026-08-25
TN106,Santa Maria Academy International School,"Hosur, Krishnagiri, Tamil Nadu, 635118, India",Hosur,Krishnagiri,Tamil Nadu,635118,board,ICSE / ISC,Day,Co-ed.,true,12.5856658,77.6543283,https://santamariaacademy.in/,https://locate.cisce.org/,2026-08-25
TN107,NISE - NAGARATHINAM INTERNATIONAL SCHOOL OF EXCELLENCE,"COIMBATORE, Coimbatore, Tamil Nadu, 641004, India",COIMBATORE,Coimbatore,Tamil Nadu,641004,board,ICSE / ISC,Day,Co-ed.,true,11.0312245,77.0071456,https://www.nise.in,https://locate.cisce.org/,2026-08-25
TN108,Lisieux C M I International School,"Coimbatore, Coimbatore, Tamil Nadu, 641011, India",Coimbatore,Coimbatore,Tamil Nadu,641011,board,ICSE / ISC,Day,Co-ed.,true,11.0216509,76.9432727,https://lisieuxicsecmi.com,https://locate.cisce.org/,2026-08-25
TN110,DAINTREE PUBLIC SCHOOL,"TIRUPUR, Tiruppur, Tamil Nadu, 641607, India",TIRUPUR,Tiruppur,Tamil Nadu,641607,board,ICSE / ISC,Day,Co-ed.,true,11.1192356,77.3426721,,https://locate.cisce.org/,2026-08-25
TN111,NIRMALA MATHA CONVENT SCHOOL,"COIMBATORE, Coimbatore, Tamil Nadu, 641 111, India",COIMBATORE,Coimbatore,Tamil Nadu,641111,board,ICSE / ISC,Day,Co-ed.,true,10.954663,76.991915,https://www.nirmalamathaicsevellalore.org,https://locate.cisce.org/,2026-08-25
TN112,Rak's Pallikkoodam,"COIMBATORE, Coimbatore, Tamil Nadu, 641014, India",COIMBATORE,Coimbatore,Tamil Nadu,641014,board,ICSE,Day/Boarding,Co-ed.,true,11.030128,77.026301,https://www.rakspallikkoodam.com,https://locate.cisce.org/,2026-08-25
TN113,Vividh International Residential School,"Coimbatore, Coimbatore, Tamil Nadu, 641113, India",Coimbatore,Coimbatore,Tamil Nadu,641113,board,ICSE / ISC,Day,Co-ed.,true,11.2368238,76.916166,https://www.vividhschools.com,https://locate.cisce.org/,2026-08-25
TN114,Carmel's English School,"Trichy, Tiruchirappalli, Tamil Nadu, 620003, India",Trichy,Tiruchirappalli,Tamil Nadu,620003,board,ICSE / ISC,Day,Co-ed.,true,10.8201581,78.6679554,http://carmeltrust.org/,https://locate.cisce.org/,2026-08-25
TN115,Karthi Vidhyalaya International School,"KORANATTU KARUPPUR, Thanjavur, Tamil Nadu, 612501, India",KORANATTU KARUPPUR,Thanjavur,Tamil Nadu,612501,board,ICSE / ISC,Day,Co-ed.,true,11.0010127,79.4000493,https://www.karthividhyalayainternationalschool.com,https://locate.cisce.org/,2026-08-25
TN116,Shaswi International School Of Excellence,"Sulur, Coimbatore, Tamil Nadu, 641658, India",Sulur,Coimbatore,Tamil Nadu,641658,board,ICSE,Residential,Boys,true,11.02961,77.1224732,https://www.shaswischool.com,https://locate.cisce.org/,2026-08-25
TN117,Sathiyakaathi Global School,"Kotagiri, Nilgiris, Tamil Nadu, 643217, India",Kotagiri,Nilgiris,Tamil Nadu,643217,board,ICSE / ISC,Day/Boarding,Co-ed.,true,11.4217666,76.8617275,https://www.sathiyakaathi.org,https://locate.cisce.org/,2026-08-25
TN118,Bethlahem Hillside International School,"KANYAKUMARI, Kanyakumari, Tamil Nadu, 629157, India",KANYAKUMARI,Kanyakumari,Tamil Nadu,629157,board,ICSE / ISC,Day,Co-ed.,true,8.2298686,77.2443841,http://bethlahemhillside.org/,https://locate.cisce.org/,2026-08-25
TN119,Triveni School,"MADURAI, Madurai, Tamil Nadu, 625016, India",MADURAI,Madurai,Tamil Nadu,625016,board,ICSE / ISC,Day,Co-ed.,true,9.92978,78.110115,,https://locate.cisce.org/,2026-08-25
TN120,Shaanthi School,"Pollachi, Coimbatore, Tamil Nadu, 642001, India",Pollachi,Coimbatore,Tamil Nadu,642001,board,ICSE / ISC,Day,Co-ed.,true,10.6377087,77.0190228,https://www.shaanthi.com,https://locate.cisce.org/,2026-08-25
TN121,C S I Bain School,"Chennai, Chennai, Tamil Nadu, 600010, India",Chennai,Chennai,Tamil Nadu,600010,board,ICSE,Day,Co-ed.,true,13.0813607,80.2492642,https://www.csibainschool.org,https://locate.cisce.org/,2026-08-25
TN122,Dr. Abdul Kalam International School And Research Academy,"Kottaram, Kanyakumari, Tamil Nadu, 629703, India",Kottaram,Kanyakumari,Tamil Nadu,629703,board,ICSE,Day,Co-ed.,true,8.1192145,77.5276577,https://www.akints.com,https://locate.cisce.org/,2026-08-25
TN123,Sidharajaa International School,"Sivakasi, Virudhunagar, Tamil Nadu, 626123, India",Sivakasi,Virudhunagar,Tamil Nadu,626123,board,ICSE,Day,Co-ed.,true,9.4592898,77.7921981,https://www.sidharajaaschool.com,https://locate.cisce.org/,2026-08-25
TN124,Bharathi School,"Coimbatore, Coimbatore, Tamil Nadu, 641013, India",Coimbatore,Coimbatore,Tamil Nadu,641013,board,ICSE / ISC,Day,Co-ed.,true,11.0229883,76.9364305,,https://locate.cisce.org/,2026-08-25
TN125,Yashas English School,"SRIVILLIPUTTUR, Virudhunagar, Tamil Nadu, 626125, India",SRIVILLIPUTTUR,Virudhunagar,Tamil Nadu,626125,board,ICSE / ISC,Day,Co-ed.,true,9.5092403,77.6334199,http://www.yashasschool.org/,https://locate.cisce.org/,2026-08-25
TN126,Santhome International School,"SATHYAMANGALAM, Erode, Tamil Nadu, 638402, India",SATHYAMANGALAM,Erode,Tamil Nadu,638402,board,ICSE,Day,Co-ed.,true,11.5034192,77.2444348,,https://locate.cisce.org/,2026-08-25
TN127,Vista Billabong High International School,"Chennai, Kanchipuram, Tamil Nadu, 600100, India",Chennai,Kanchipuram,Tamil Nadu,600100,board,ICSE / ISC,Day,Co-ed.,true,12.9259883,80.1896991,https://www.vistabillabongschool.com/,https://locate.cisce.org/,2026-08-25
TN128,Vinmeen School,"NAGERCOIL, Kanyakumari, Tamil Nadu, 629003, India",NAGERCOIL,Kanyakumari,Tamil Nadu,629003,board,ICSE,Day,Co-ed.,true,8.1673625,77.4281406,https://WWW.Vinmeenschool.com,https://locate.cisce.org/,2026-08-25
TN129,The Oakrich International School,"Hosur, Krishnagiri, Tamil Nadu, 635109, India",Hosur,Krishnagiri,Tamil Nadu,635109,board,ICSE,Day,Co-ed.,true,12.7176816,77.8170449,https://www.toishosur.com,https://locate.cisce.org/,2026-08-25
TN130,St . Mary's English School,"Shoolagiri, Krishnagiri, Tamil Nadu, 635117, India",Shoolagiri,Krishnagiri,Tamil Nadu,635117,board,ICSE,Day,Co-ed.,true,12.800671,77.9932454,,https://locate.cisce.org/,2026-08-25
TN131,St. Ann's School,"Thoothukudi, Thoothukudi, Tamil Nadu, 628002, India",Thoothukudi,Thoothukudi,Tamil Nadu,628002,board,ICSE / ISC,Day,Co-ed.,true,8.838679,78.1051246,https://www.stannsschoolthooththukkudi.com,https://locate.cisce.org/,2026-08-25
TN132,Siragu Montessori School,"Chennai, Tiruvallur, Tamil Nadu, 600055, India",Chennai,Tiruvallur,Tamil Nadu,600055,board,ICSE / ISC,Day/Residential,Co-ed.,true,13.1467864,80.0727624,https:// www.tn132ciscse.org,https://locate.cisce.org/,2026-08-25
TN133,Mater Dei International School,"COIMBATORE, Coimbatore, Tamil Nadu, 641016, India",COIMBATORE,Coimbatore,Tamil Nadu,641016,board,ICSE,Day,Co-ed.,true,10.9994134,77.0641399,https://www.materdeiicsecbe.com,https://locate.cisce.org/,2026-08-25
TN134,Ashvattha School,"Madurai, Madurai, Tamil Nadu, 625003, India",Madurai,Madurai,Tamil Nadu,625003,board,ICSE / ISC,Day,Co-ed.,true,9.923248,78.0796589,https://www.ashvatthaschool.com,https://locate.cisce.org/,2026-08-25
TN135,Vellore International School,"Chennai, Kanchipuram, Tamil Nadu, 603110, India",Chennai,Kanchipuram,Tamil Nadu,603110,board,ICSE / ISC,Residential,Co-ed.,true,10.4712706,79.5753594,https://www.vischennai.ac.in,https://locate.cisce.org/,2026-08-25
TN136,Nachiyar Padasala International School,"Tiruppur, Tiruppur, Tamil Nadu, 641608, India",Tiruppur,Tiruppur,Tamil Nadu,641608,board,ICSE / ISC,Day,Co-ed.,true,11.0919365,77.3572774,https://nachiyarpadasala.com,https://locate.cisce.org/,2026-08-25
TN137,Brindavan's Kids University School,"Kovilpatti, Thoothukudi, Tamil Nadu, 628502, India",Kovilpatti,Thoothukudi,Tamil Nadu,628502,board,ICSE / ISC,Day,Co-ed.,true,9.1612524,77.8650641,,https://locate.cisce.org/,2026-08-25
TN138,St. Joseph's Convent School,"Coonoor, Nilgiris, Tamil Nadu, 643101, India",Coonoor,Nilgiris,Tamil Nadu,643101,board,ICSE,Day/Boarding,Co-ed.,true,11.3474385,76.795988,http://stjosephsconventicsecoonoor.in,https://locate.cisce.org/,2026-08-25
TN139,Notre Dame Academy,"KRISHNAGIRI, Krishnagiri, Tamil Nadu, 635206, India",KRISHNAGIRI,Krishnagiri,Tamil Nadu,635206,board,ICSE,Day,Co-ed.,true,12.3257378,78.3593336,,https://locate.cisce.org/,2026-08-25
TN140,Shree Sai Vidhyalaya School,"Karur, Karur, Tamil Nadu, 639120, India",Karur,Karur,Tamil Nadu,639120,board,ICSE,Day,Co-ed.,true,10.909788,78.3806684,,https://locate.cisce.org/,2026-08-25
TN141,Golden International School,"Nagercoil, Kanyakumari, Tamil Nadu, 629166, India",Nagercoil,Kanyakumari,Tamil Nadu,629166,board,ICSE / ISC,Day,Co-ed.,true,8.1839247,77.4118411,http://www.goldeninternationalschool.edu.in,https://locate.cisce.org/,2026-08-25
TN142,Shaanthi School,"Udumalpet, Tiruppur, Tamil Nadu, 642128, India",Udumalpet,Tiruppur,Tamil Nadu,642128,board,ICSE,Day,Co-ed.,true,10.5830412,77.2929403,https://www.shaanthi.com,https://locate.cisce.org/,2026-08-25
TN143,Exponics Academy,"Coimbatore, Coimbatore, Tamil Nadu, 641104, India",Coimbatore,Coimbatore,Tamil Nadu,641104,board,ICSE,Day,Co-ed.,true,11.0302205,76.9754772,https://internationalcommunutyschool.org,https://locate.cisce.org/,2026-08-25
TN144,St. Ann's School,"Tirunelveli, Tirunelveli, Tamil Nadu, 627109, India",Tirunelveli,Tirunelveli,Tamil Nadu,627109,board,ICSE,Day,Co-ed.,true,8.3049741,77.5712556,https://www.stannsicsepanagudi.com/,https://locate.cisce.org/,2026-08-25
TN145,Aurobana Indian School,"Madurai, Madurai, Tamil Nadu, 625010, India",Madurai,Madurai,Tamil Nadu,625010,board,ICSE,Day,Co-ed.,true,9.9267477,78.0948804,https://aurobanaindian.org/,https://locate.cisce.org/,2026-08-25
TN146,Sunbeam International School,"VELLORE, Vellore, Tamil Nadu, 632006, India",VELLORE,Vellore,Tamil Nadu,632006,board,ICSE,Day,Co-ed.,true,12.9533968,79.1405079,https://www.sbisvellore.com,https://locate.cisce.org/,2026-08-25
TN147,G. D. School,"Coimbatore, Coimbatore, Tamil Nadu, 641018, India",Coimbatore,Coimbatore,Tamil Nadu,641018,board,ICSE / ISC,Day,Co-ed.,true,11.001666,76.964875,https://www.gdschoolcbe.com,https://locate.cisce.org/,2026-08-25
TN148,St.Thomas The Apostle School,"Thoothukudi, Thoothukudi, Tamil Nadu, 628002, India",Thoothukudi,Thoothukudi,Tamil Nadu,628002,board,ICSE,Day,Co-ed.,true,8.8182711,78.1366531,https://stthomastheapostle.in/,https://locate.cisce.org/,2026-08-25
TN149,Vikaasa Progressive School,"MADURAI, Madurai, Tamil Nadu, 625019, India",MADURAI,Madurai,Tamil Nadu,625019,board,ICSE,Day,Co-ed.,true,9.8656527,78.0228972,https://vikaasa.edu.in,https://locate.cisce.org/,2026-08-25
TN150,Vikaasa Jubilee School,"MADURAI, Madurai, Tamil Nadu, 625007, India",MADURAI,Madurai,Tamil Nadu,625007,board,ICSE,Day,Co-ed.,true,9.9523913,78.1455752,https://vikaasa.edu.in,https://locate.cisce.org/,2026-08-25
TN151,Grandprix Global School,"Pollachi, Coimbatore, Tamil Nadu, 642120, India",Pollachi,Coimbatore,Tamil Nadu,642120,board,ICSE,Day,Co-ed.,true,10.716756,77.1118407,,https://locate.cisce.org/,2026-08-25
TN152,Amazon Public School,"UDUMALPET, Tiruppur, Tamil Nadu, 642126, India",UDUMALPET,Tiruppur,Tamil Nadu,642126,board,ICSE,Day,Co-ed.,true,10.5833778,77.2523655,https://amazonpublicschool.org/,https://locate.cisce.org/,2026-08-25
TN153,St. Hilda's Boy's School,"OOTY, Nilgiris, Tamil Nadu, 643004, India",OOTY,Nilgiris,Tamil Nadu,643004,board,ICSE,Day/Boarding,Boys,true,11.3926649,76.6961305,,https://locate.cisce.org/,2026-08-25
TN154,Cluny Vidya Vihar,"PALACODE TK., Dharmapuri, Tamil Nadu, 636808, India",PALACODE TK.,Dharmapuri,Tamil Nadu,636808,board,ICSE,Day,Co-ed.,true,12.3045694,78.0729903,,https://locate.cisce.org/,2026-08-25
TN155,St Charles Icse School,"TIRUPATTUR, Vellore, Tamil Nadu, 635601, India",TIRUPATTUR,Vellore,Tamil Nadu,635601,board,ICSE,Day,Co-ed.,true,12.6425506,78.6793717,https://stcharlesicsetpt.com,https://locate.cisce.org/,2026-08-25
TN156,MOUNT VALLEY PUBLIC SCHOOL,"Tiruppur, Tiruppur, Tamil Nadu, 641664, India",Tiruppur,Tiruppur,Tamil Nadu,641664,board,ICSE,Day,Co-ed.,true,11.0474236,77.3041921,https://www.mountvalleypublicschool.com,https://locate.cisce.org/,2026-08-25
TN157,Ars Mother’s Gurukulam,"AYIKUDY Village, Tenkasi, Tamil Nadu, 627852, India",AYIKUDY Village,Tenkasi,Tamil Nadu,627852,board,ICSE,Day,Co-ed.,true,8.9986484,77.3424926,https://www.arsmothersgurukulam.com,https://locate.cisce.org/,2026-08-25
TN158,Kingston Icse School,"VELLORE, Vellore, Tamil Nadu, 632006, India",VELLORE,Vellore,Tamil Nadu,632006,board,ICSE,Day/Boarding,Co-ed.,false,12.9553071,79.1379682,https://www.icse.kingston.ac.in,https://locate.cisce.org/,2026-08-25
TN159,Darwin Public School,"Chennai, Chennai, Tamil Nadu, 600099, India",Chennai,Chennai,Tamil Nadu,600099,board,ICSE,Day,Co-ed.,false,13.1358208,80.1904501,https://www.darwinschool.com,https://locate.cisce.org/,2026-08-25
TN160,Shri Vijayalakshmi International School,"KARUR, Karur, Tamil Nadu, 639 205, India",KARUR,Karur,Tamil Nadu,639205,board,ICSE,Day,Co-ed.,false,10.7355891,77.8965672,,https://locate.cisce.org/,2026-08-25
TN161,Auxilium School Of Excellence,"NAGARCOIL, Kanyakumari, Tamil Nadu, 629501, India",NAGARCOIL,Kanyakumari,Tamil Nadu,629501,board,ICSE,Day,Co-ed.,false,8.1033456,77.4192758,,https://locate.cisce.org/,2026-08-25
TN162,The Oxford Continental School,"Ooty, Nilgiris, Tamil Nadu, 643001, India",Ooty,Nilgiris,Tamil Nadu,643001,board,ICSE,Day/Boarding,Co-ed.,false,11.4102038,76.6950324,https://www.oxfordcontinentalschool.com,https://locate.cisce.org/,2026-08-25
TR001,Holy Cross School,"Agartala, West Tripura, Tripura, 799 009, India",Agartala,West Tripura,Tripura,799009,board,ICSE / ISC,Day,Co-ed.,true,23.8754632,91.2830851,https://www.holycrossschoolagartala.in,https://locate.cisce.org/,2026-08-25
TR002,St. Paul's School,"Agartala, West Tripura, Tripura, 799 003, India",Agartala,West Tripura,Tripura,799003,board,ICSE / ISC,Residential,Co-ed.,true,23.811359,91.2793919,,https://locate.cisce.org/,2026-08-25
TR003,Holy Cross Convent School,"Post Box No. 08, North Tripura, Tripura, 799 250, India",Post Box No. 08,North Tripura,Tripura,799250,board,ICSE / ISC,Day,Co-ed.,true,24.3783242,92.1548473,,https://locate.cisce.org/,2026-08-25
TR004,St. Joseph School,"Agartala, West Tripura, Tripura, 799130, India",Agartala,West Tripura,Tripura,799130,board,ICSE / ISC,Day,Co-ed.,true,23.7237388,91.2673743,https://www.stjosephschoolgokulnagar.in/,https://locate.cisce.org/,2026-08-25
TS001,St. Pious X School,"Secunderabad, Hyderabad, Telangana, 500 010, India",Secunderabad,Hyderabad,Telangana,500010,board,ICSE,Day,Co-ed.,true,17.5007721,78.5020778,,https://locate.cisce.org/,2026-08-25
TS003,St. Patrick's High School,"Secunderabad, Hyderabad, Telangana, 500 003, India",Secunderabad,Hyderabad,Telangana,500003,board,ICSE / ISC,Day,Co-ed.,true,17.4386908,78.5004319,https://www.stpatrickshighschool.ac.in,https://locate.cisce.org/,2026-08-25
TS004,Johnson Grammar School,"Hyderabad, Ranga Reddy, Telangana, 501505, India",Hyderabad,Ranga Reddy,Telangana,501505,board,ICSE,Day,Co-ed.,true,17.3385273,78.6255225,https://jgslbngr.net/,https://locate.cisce.org/,2026-08-25
TS005,Gitanjali Vedika School,"Gandipet, Ranga Reddy, Telangana, 500089, India",Gandipet,Ranga Reddy,Telangana,500089,board,ICSE / ISC,Day,Co-ed.,true,17.3914451,78.3584972,http://www.gitanjalischools.com/,https://locate.cisce.org/,2026-08-25
TS006,St.Ann's High School,"Hyderabad, Ranga Reddy, Telangana, 500049, India",Hyderabad,Ranga Reddy,Telangana,500049,board,ICSE,Day,Co-ed.,true,17.4936856,78.3401293,,https://locate.cisce.org/,2026-08-25
TS007,Slate The School,"Hyderabad, Hyderabad, Telangana, 500043, India",Hyderabad,Hyderabad,Telangana,500043,board,ICSE,Day,Co-ed.,true,17.585799,78.403875,,https://locate.cisce.org/,2026-08-25
TS008,Johnson Grammar School,"Hyderabad, Hyderabad, Telangana, 500007, India",Hyderabad,Hyderabad,Telangana,500007,board,ICSE,Day,Co-ed.,true,17.414676,78.5383559,https://www.jgsicse.org,https://locate.cisce.org/,2026-08-25
TS009,St. Joseph's Public School,"Hyderabad, Ranga Reddy, Telangana, 501505, India",Hyderabad,Ranga Reddy,Telangana,501505,board,ICSE,Day,Co-ed.,true,17.3214382,78.5884403,https://www.sjpsvanasthalipuram.org,https://locate.cisce.org/,2026-08-25
TS010,Saint Mother Teresa High School,"HANAMKONDA, Hanamkonda, Telangana, 506004, India",HANAMKONDA,Hanamkonda,Telangana,506004,board,ICSE,Day,Co-ed.,true,17.9853193,79.5253458,,https://locate.cisce.org/,2026-08-25
TS011,St. Joseph's School,"Hyderabad, Medchal Malkajgiri, Telangana, 500092, India",Hyderabad,Medchal Malkajgiri,Telangana,500092,board,ICSE,Day,Co-ed.,true,17.4021985,78.4890784,https://www.sjsboduppal.org,https://locate.cisce.org/,2026-08-25
TS012,St. Arnold's High School,"Hyderabad, Sangareddy, Telangana, 502032, India",Hyderabad,Sangareddy,Telangana,502032,board,ICSE,Day,Co-ed.,true,17.4935353,78.3162168,https://www.starnolds.org,https://locate.cisce.org/,2026-08-25
UP001,St. George's College,"Agra Cantt., Agra, Uttar Pradesh, 282 001, India",Agra Cantt.,Agra,Uttar Pradesh,282001,board,ICSE / ISC,Day,Co-ed.,true,27.1595879,78.0083479,,https://locate.cisce.org/,2026-08-25
UP002,St. Peter's College,"Civil Lines, Agra, Uttar Pradesh, 282 003, India",Civil Lines,Agra,Uttar Pradesh,282003,board,ICSE / ISC,Day,Boys,true,27.2015049,78.0085164,https://www.stpetersagra.org,https://locate.cisce.org/,2026-08-25
UP003,St. Patrick's Junior College,"Wazirpura Road, Agra, Uttar Pradesh, 282 003, India",Wazirpura Road,Agra,Uttar Pradesh,282003,board,ICSE / ISC,Day,Girls,true,27.2015049,78.0085164,https://stpatricksjuniorcollege.org,https://locate.cisce.org/,2026-08-25
UP004,St. Paul's Church College,"Kandhari Road, Agra, Uttar Pradesh, 282 002, India",Kandhari Road,Agra,Uttar Pradesh,282002,board,ICSE / ISC,Day,Co-ed.,true,27.2073735,77.9914669,https://www.stpaulsagra.org,https://locate.cisce.org/,2026-08-25
UP005,St. Conrad's Inter College,"AGRA, Agra, Uttar Pradesh, 282 007, India",AGRA,Agra,Uttar Pradesh,282007,board,ICSE / ISC,Day,Co-ed.,true,27.2099214,77.9659533,https://www.conrads.in,https://locate.cisce.org/,2026-08-25
UP006,St. Anthony's Junior College,"Agra Cantt., Agra, Uttar Pradesh, 282 001, India",Agra Cantt.,Agra,Uttar Pradesh,282001,board,ICSE / ISC,Day,Girls,true,27.1648545,78.0127603,https://www.stanthonysjrcollege.org,https://locate.cisce.org/,2026-08-25
UP007,Christ The King School,"Tundla, Firozabad, Uttar Pradesh, 283 204, India",Tundla,Firozabad,Uttar Pradesh,283204,board,ICSE / ISC,Day,Co-ed.,true,27.2266004,78.2391037,https://christthekingintercollegetundla.in,https://locate.cisce.org/,2026-08-25
UP008,Holman Institute,"AGRA, Agra, Uttar Pradesh, 282 010, India",AGRA,Agra,Uttar Pradesh,282010,board,ICSE / ISC,Day,Co-ed.,true,27.1853488,78.0018735,http://holmaninstitute.in,https://locate.cisce.org/,2026-08-25
UP009,Boys' High School & College,"ALLAHABAD, Prayagraj, Uttar Pradesh, 211 001, India",ALLAHABAD,Prayagraj,Uttar Pradesh,211001,board,ICSE / ISC,Day/Residential,Co-ed.,true,25.4574768,81.8328171,https://www.boyshighschool.com,https://locate.cisce.org/,2026-08-25
UP010,Girls' High School & College,"ALLAHABAD, Prayagraj, Uttar Pradesh, 211 001, India",ALLAHABAD,Prayagraj,Uttar Pradesh,211001,board,ICSE / ISC,Day/Residential,Girls,true,25.4614004,81.8296633,https://ghsallahabad.org,https://locate.cisce.org/,2026-08-25
UP011,St. Joseph's College,"ALLAHABAD, Prayagraj, Uttar Pradesh, 211 001, India",ALLAHABAD,Prayagraj,Uttar Pradesh,211001,board,ICSE / ISC,Day,Boys,true,25.4568512,81.8434545,https://www.sjcallahabad.org,https://locate.cisce.org/,2026-08-25
UP012,St. Mary's Convent Inter College,"ALLAHABAD, Prayagraj, Uttar Pradesh, 211 002, India",ALLAHABAD,Prayagraj,Uttar Pradesh,211002,board,ICSE / ISC,Day,Girls,true,25.4576026,81.843998,https://www.smccjallahabad.org,https://locate.cisce.org/,2026-08-25
UP013,Bishop Johnson School & College,"Civil Lines, Prayagraj, Uttar Pradesh, 211 001, India",Civil Lines,Prayagraj,Uttar Pradesh,211001,board,ICSE / ISC,Day,Co-ed.,true,25.4507468,81.8249979,https://www.bjscprayagraj.org,https://locate.cisce.org/,2026-08-25
UP014,Children College,"AZAMGARH, Azamgarh, Uttar Pradesh, 276 001, India",AZAMGARH,Azamgarh,Uttar Pradesh,276001,board,ICSE / ISC,Day/Residential,Co-ed.,true,26.0434795,83.1582,,https://locate.cisce.org/,2026-08-25
UP015,Jyoti Niketan,"Atlas Tank, Azamgarh, Uttar Pradesh, 276 001, India",Atlas Tank,Azamgarh,Uttar Pradesh,276001,board,ICSE / ISC,Day,Co-ed.,true,26.0715461,83.1741408,https://www.jyotiniketan.com,https://locate.cisce.org/,2026-08-25
UP016,Seventh Day Adventist Inter College,"BAHRAICH, Bahraich, Uttar Pradesh, 271 801, India",BAHRAICH,Bahraich,Uttar Pradesh,271801,board,ICSE / ISC,Day,Co-ed.,true,27.5736059,81.6169517,,https://locate.cisce.org/,2026-08-25
UP017,Holy Cross School,"BALLIA, Ballia, Uttar Pradesh, 277 001, India",BALLIA,Ballia,Uttar Pradesh,277001,board,ICSE / ISC,Day,Co-ed.,true,28.2006882,79.3651914,https://www.holycrossbaliia.com,https://locate.cisce.org/,2026-08-25
UP018,St. Maria Goretti Inter College,"BAREILLY, Bareilly, Uttar Pradesh, 243 001, India",BAREILLY,Bareilly,Uttar Pradesh,243001,board,ICSE / ISC,Day,Girls,true,28.3670355,79.4304381,https://www.smgbly.com,https://locate.cisce.org/,2026-08-25
UP019,Hartmann College,"BAREILLY, Bareilly, Uttar Pradesh, 243 122, India",BAREILLY,Bareilly,Uttar Pradesh,243122,board,ICSE / ISC,Day,Co-ed.,true,28.4025574,79.4245216,https://www.hartmanncollege.com,https://locate.cisce.org/,2026-08-25
UP020,Girish Prasad Memorial College,"BAREILLY, Bareilly, Uttar Pradesh, 243 002, India",BAREILLY,Bareilly,Uttar Pradesh,243002,board,ICSE / ISC,Day,Co-ed.,true,28.4165043,79.4450726,,https://locate.cisce.org/,2026-08-25
UP021,St. Mary's School,"Prem Nagar, Bijnor, Uttar Pradesh, 246 701, India",Prem Nagar,Bijnor,Uttar Pradesh,246701,board,ICSE / ISC,Day,Co-ed.,true,28.0808,78.4037742,,https://locate.cisce.org/,2026-08-25
UP022,Jeevan Marg Sophia Secondary School,"Deoria Sadar, Deoria, Uttar Pradesh, 274 001, India",Deoria Sadar,Deoria,Uttar Pradesh,274001,board,ICSE,Day,Co-ed.,true,26.5106395,83.7849277,,https://locate.cisce.org/,2026-08-25
UP023,Holy Child School,"Ghaziabad, Ghaziabad, Uttar Pradesh, 201 001, India",Ghaziabad,Ghaziabad,Uttar Pradesh,201001,board,ICSE / ISC,Day,Girls,true,28.6672605,77.4465323,https://www.hcsnehrunagar.com,https://locate.cisce.org/,2026-08-25
UP024,Ingraham Institute English School,"Hapur Road, Ghaziabad, Uttar Pradesh, 201 001, India",Hapur Road,Ghaziabad,Uttar Pradesh,201001,board,ICSE / ISC,Day,Co-ed.,true,28.7021727,77.6210175,,https://locate.cisce.org/,2026-08-25
UP025,St. Paul's Academy,"New Raj Nagar, Ghaziabad, Uttar Pradesh, 201 002, India",New Raj Nagar,Ghaziabad,Uttar Pradesh,201002,board,ICSE / ISC,Day,Co-ed.,true,28.6846652,77.4467116,https://www.stpaulsacademy.in,https://locate.cisce.org/,2026-08-25
UP026,St. Teresa's Academy,"Harmukhpuri, Ghaziabad, Uttar Pradesh, 201 201, India",Harmukhpuri,Ghaziabad,Uttar Pradesh,201201,board,ICSE / ISC,Day,Co-ed.,true,28.8494298,77.5882319,https://stamodinagar.com,https://locate.cisce.org/,2026-08-25
UP027,Campus School,"Ghaziabad, Ghaziabad, Uttar Pradesh, 201 002, India",Ghaziabad,Ghaziabad,Uttar Pradesh,201002,board,ICSE / ISC,Day,Co-ed.,true,28.6732039,77.474589,https://www.campusschool.co.in,https://locate.cisce.org/,2026-08-25
UP028,St. Paul's School,"Moghalpur, Gorakhpur, Uttar Pradesh, 273 013, India",Moghalpur,Gorakhpur,Uttar Pradesh,273013,board,ICSE / ISC,Day/Residential,Co-ed.,true,26.8066878,83.3818885,https://stpauls.edu.in,https://locate.cisce.org/,2026-08-25
UP029,Little Flower School,"St. Anthony Nagar, Gorakhpur, Uttar Pradesh, 273 006, India",St. Anthony Nagar,Gorakhpur,Uttar Pradesh,273006,board,ICSE / ISC,Day,Co-ed.,true,28.0912061,77.9920655,https://littleflowerschoolgkp.com,https://locate.cisce.org/,2026-08-25
UP030,S.D.A. Senior Secondary School,"Hapur, Ghaziabad, Uttar Pradesh, 245 101, India",Hapur,Ghaziabad,Uttar Pradesh,245101,board,ICSE / ISC,Day/Residential,Co-ed.,true,28.7396787,77.7679223,,https://locate.cisce.org/,2026-08-25
UP031,Christ The King College,"Rani Laxmi Bai Marg, Jhansi, Uttar Pradesh, 284 001, India",Rani Laxmi Bai Marg,Jhansi,Uttar Pradesh,284001,board,ICSE / ISC,Day,Boys,true,26.8325769,80.8861177,http://www.christthekingjhansi.org,https://locate.cisce.org/,2026-08-25
UP032,St. Mark's College,"JHANSI, Jhansi, Uttar Pradesh, 284 001, India",JHANSI,Jhansi,Uttar Pradesh,284001,board,ICSE / ISC,Day,Co-ed.,true,25.4536794,78.5308313,https://www.stmarkscollegejhansi.org,https://locate.cisce.org/,2026-08-25
UP033,St. Francis' Convent Inter College,"JHANSI, Jhansi, Uttar Pradesh, 284 001, India",JHANSI,Jhansi,Uttar Pradesh,284001,board,ICSE / ISC,Day,Girls,true,25.4487699,78.5697526,https://www.sfcjhs.org,https://locate.cisce.org/,2026-08-25
UP034,St. Xavier's High School,"Khailar, Jhansi, Uttar Pradesh, 284 129, India",Khailar,Jhansi,Uttar Pradesh,284129,board,ICSE / ISC,Day,Co-ed.,true,25.3267149,78.5255511,,https://locate.cisce.org/,2026-08-25
UP035,Rani Laxmi Bai Public School,"Jhansi Cantt., Jhansi, Uttar Pradesh, 284 001, India",Jhansi Cantt.,Jhansi,Uttar Pradesh,284001,board,ICSE / ISC,Day/Residential,Co-ed.,true,25.440594,78.5864043,https://www.rlps.in,https://locate.cisce.org/,2026-08-25
UP036,Seth Anandram Jaipuria School,"Kanpur, Kanpur Nagar, Uttar Pradesh, 208 004, India",Kanpur,Kanpur Nagar,Uttar Pradesh,208004,board,ICSE / ISC,Day,Co-ed.,true,26.4613345,80.3663485,https://www.aipuria.edu.in/kanpurschool/,https://locate.cisce.org/,2026-08-25
UP037,Methodist High School,"Kanpur, Kanpur Nagar, Uttar Pradesh, 208 004, India",Kanpur,Kanpur Nagar,Uttar Pradesh,208004,board,ICSE / ISC,Day,Co-ed.,true,26.42123,80.37825,https://www.mhskanpur.org,https://locate.cisce.org/,2026-08-25
UP038,St. Mary's Convent High School,"Kanpur, Kanpur Nagar, Uttar Pradesh, 208 004, India",Kanpur,Kanpur Nagar,Uttar Pradesh,208004,board,ICSE / ISC,Day,Girls,true,26.462342,80.3743981,https://www.smccjkanpur.org,https://locate.cisce.org/,2026-08-25
UP039,St. Aloysius' High School,"Kanpur, Kanpur Nagar, Uttar Pradesh, 208 004, India",Kanpur,Kanpur Nagar,Uttar Pradesh,208004,board,ICSE / ISC,Day,Boys,true,26.4552179,80.3729333,https://www.staloysiusknp.org,https://locate.cisce.org/,2026-08-25
UP040,Dr. Virendra Swarup Public School,"Kanpur, Kanpur Nagar, Uttar Pradesh, 208 004, India",Kanpur,Kanpur Nagar,Uttar Pradesh,208004,board,ICSE / ISC,Day,Co-ed.,true,26.4637894,80.3615305,https://vspscantt.in,https://locate.cisce.org/,2026-08-25
UP041,Sheiling House School,"Allenganj, Kanpur Nagar, Uttar Pradesh, 208 001, India",Allenganj,Kanpur Nagar,Uttar Pradesh,208001,board,ICSE / ISC,Day,Co-ed.,true,26.4845089,80.3235173,https://www.shskanpur.com,https://locate.cisce.org/,2026-08-25
UP042,U.P. Kirana Seva Samiti Vidyalaya,"Kidwai Nagar, Kanpur Nagar, Uttar Pradesh, 208 011, India",Kidwai Nagar,Kanpur Nagar,Uttar Pradesh,208011,board,ICSE / ISC,Day,Co-ed.,true,26.4362918,80.341832,,https://locate.cisce.org/,2026-08-25
UP043,Mercy Memorial School,"Kidwai Nagar, Kanpur Nagar, Uttar Pradesh, 208 011, India",Kidwai Nagar,Kanpur Nagar,Uttar Pradesh,208011,board,ICSE / ISC,Day,Co-ed.,true,26.4212133,80.3258717,https://www.mercymemorialschool.com,https://locate.cisce.org/,2026-08-25
UP044,Huddard High School,"Kanpur, Kanpur Nagar, Uttar Pradesh, 208 001, India",Kanpur,Kanpur Nagar,Uttar Pradesh,208001,board,ICSE / ISC,Day,Co-ed.,true,26.478189,80.347133,,https://locate.cisce.org/,2026-08-25
UP045,Modern Public School,"Jhansi Road, Lalitpur, Uttar Pradesh, 284 403, India",Jhansi Road,Lalitpur,Uttar Pradesh,284403,board,ICSE / ISC,Day,Co-ed.,true,25.4467449,78.5675047,,https://locate.cisce.org/,2026-08-25
UP046,Christ Church College,"Hazratganj, Lucknow, Uttar Pradesh, 226 001, India",Hazratganj,Lucknow,Uttar Pradesh,226001,board,ICSE / ISC,Day,Co-ed.,true,26.8541536,80.9447827,,https://locate.cisce.org/,2026-08-25
UP047,La Martiniere College,"LUCKNOW, Lucknow, Uttar Pradesh, 226 001, India",LUCKNOW,Lucknow,Uttar Pradesh,226001,board,ICSE / ISC,Day/Residential,Boys,true,26.8466937,80.946166,https://www.lamartinierelucknow.org,https://locate.cisce.org/,2026-08-25
UP048,La Martiniere Girls College,"LUCKNOW, Lucknow, Uttar Pradesh, 226 001, India",LUCKNOW,Lucknow,Uttar Pradesh,226001,board,ICSE / ISC,Day/Residential,Girls,true,26.8466937,80.946166,,https://locate.cisce.org/,2026-08-25
UP049,Loreto Convent Intermediate College,"M.G. Road, Lucknow, Uttar Pradesh, 226 001, India",M.G. Road,Lucknow,Uttar Pradesh,226001,board,ICSE / ISC,Day,Girls,true,27.5705886,80.0981869,,https://locate.cisce.org/,2026-08-25
UP050,St. Francis' College,"LUCKNOW, Lucknow, Uttar Pradesh, 226 001, India",LUCKNOW,Lucknow,Uttar Pradesh,226001,board,ICSE / ISC,Day,Boys,true,26.8528366,80.9442081,https://stfrancislucknow.com/,https://locate.cisce.org/,2026-08-25
UP051,St. Agnes' Loreto Day School,"LUCKNOW, Lucknow, Uttar Pradesh, 226 001, India",LUCKNOW,Lucknow,Uttar Pradesh,226001,board,ICSE / ISC,Day,Girls,true,26.8343095,80.9333883,,https://locate.cisce.org/,2026-08-25
UP052,St. Mary's Convent Inter College,"Manak Nagar, Lucknow, Uttar Pradesh, 226 011, India",Manak Nagar,Lucknow,Uttar Pradesh,226011,board,ICSE / ISC,Day,Co-ed.,true,26.8223647,80.8955141,,https://locate.cisce.org/,2026-08-25
UP053,St. Paul's College,"LUCKNOW, Lucknow, Uttar Pradesh, 226 002, India",LUCKNOW,Lucknow,Uttar Pradesh,226002,board,ICSE / ISC,Day,Co-ed.,true,26.8612898,80.9138541,https://www.stpaulcollege.edu.in,https://locate.cisce.org/,2026-08-25
UP054,Colvin Taluqdars College ( I. S. C. Wing ),"University Road, Lucknow, Uttar Pradesh, 226 007, India",University Road,Lucknow,Uttar Pradesh,226007,board,ICSE / ISC,Day/Residential,Boys,true,25.2639103,82.9815603,https://www.colvinisc.com,https://locate.cisce.org/,2026-08-25
UP055,St. Fidelis College,"Aliganj, Lucknow, Uttar Pradesh, 226 022, India",Aliganj,Lucknow,Uttar Pradesh,226022,board,ICSE / ISC,Day,Co-ed.,true,26.8906007,80.95409,https://www.stfideliscollege.com,https://locate.cisce.org/,2026-08-25
UP056,Seventh Day Adventist Senior Secondary School,"LUCKNOW, Lucknow, Uttar Pradesh, 226 001, India",LUCKNOW,Lucknow,Uttar Pradesh,226001,board,ICSE / ISC,Day,Boys,true,26.8423116,80.9398301,http://www.sdalucknow.com/,https://locate.cisce.org/,2026-08-25
UP057,Spring Dale College,"Indira Nagar, Lucknow, Uttar Pradesh, 226 016, India",Indira Nagar,Lucknow,Uttar Pradesh,226016,board,ICSE / ISC,Day,Co-ed.,true,26.8881415,80.9905515,https://www.sdclko.com,https://locate.cisce.org/,2026-08-25
UP058,St. Dominic Savio School,"Indira Nagar, Lucknow, Uttar Pradesh, 226 016, India",Indira Nagar,Lucknow,Uttar Pradesh,226016,board,ICSE / ISC,Day,Co-ed.,true,26.8798933,80.9926327,,https://locate.cisce.org/,2026-08-25
UP059,St. Thomas College,"Sarojini Nagar, Lucknow, Uttar Pradesh, 226 008, India",Sarojini Nagar,Lucknow,Uttar Pradesh,226008,board,ICSE / ISC,Day,Co-ed.,true,26.7472471,80.8632604,,https://locate.cisce.org/,2026-08-25
UP060,City Montessori Inter College,"LUCKNOW, Lucknow, Uttar Pradesh, 226 001, India",LUCKNOW,Lucknow,Uttar Pradesh,226001,board,ICSE / ISC,Day,Co-ed.,true,26.8376528,80.934479,https://www.cmseducation.org,https://locate.cisce.org/,2026-08-25
UP061,City Montessori High School,"Rajender Nagar, Lucknow, Uttar Pradesh, 226 004, India",Rajender Nagar,Lucknow,Uttar Pradesh,226004,board,ICSE / ISC,Day,Co-ed.,true,26.8396138,80.916184,https://www.cmseducation.org,https://locate.cisce.org/,2026-08-25
UP062,City Montessori Inter College,"Hardoi Marg Chowk, Lucknow, Uttar Pradesh, 226 003, India",Hardoi Marg Chowk,Lucknow,Uttar Pradesh,226003,board,ICSE / ISC,Day,Co-ed.,true,27.3965071,80.1250479,https://www.cmseducation.org,https://locate.cisce.org/,2026-08-25
UP063,City Montessori Inter College,"Mahanagar Extension, Lucknow, Uttar Pradesh, 226 006, India",Mahanagar Extension,Lucknow,Uttar Pradesh,226006,board,ICSE / ISC,Day,Co-ed.,true,26.871029,80.963164,https://www.cmseducation.org,https://locate.cisce.org/,2026-08-25
UP064,City Montessori Inter College,"Manak Nagar, Lucknow, Uttar Pradesh, 226 011, India",Manak Nagar,Lucknow,Uttar Pradesh,226011,board,ICSE / ISC,Day,Co-ed.,true,26.8223647,80.8955141,https://cmseducation.org,https://locate.cisce.org/,2026-08-25
UP065,The Modern School,"Aliganj, Lucknow, Uttar Pradesh, 226 024, India",Aliganj,Lucknow,Uttar Pradesh,226024,board,ICSE / ISC,Day,Co-ed.,true,26.8891554,80.9435822,https://modernschool.org,https://locate.cisce.org/,2026-08-25
UP066,St. Teresa's Day School,"Tarak Mukerji Road, Lucknow, Uttar Pradesh, 226 001, India",Tarak Mukerji Road,Lucknow,Uttar Pradesh,226001,board,ICSE / ISC,Day,Co-ed.,true,26.8443586,80.9312176,,https://locate.cisce.org/,2026-08-25
UP067,Emma Thompson School,"Lucknow, Lucknow, Uttar Pradesh, 226 001, India",Lucknow,Lucknow,Uttar Pradesh,226001,board,ICSE / ISC,Day,Girls,true,26.8459624,80.9415089,https://www.emmathompsonschool.com,https://locate.cisce.org/,2026-08-25
UP068,Hoerner College,"Mahanagar Extension, Lucknow, Uttar Pradesh, 226 006, India",Mahanagar Extension,Lucknow,Uttar Pradesh,226006,board,ICSE / ISC,Day,Co-ed.,true,26.8823017,80.9504925,https://www.hoernercollege.org,https://locate.cisce.org/,2026-08-25
UP069,Sacred Heart Convent Higher Secondary School,"Mathura, Mathura, Uttar Pradesh, 281 002, India",Mathura,Mathura,Uttar Pradesh,281002,board,ICSE / ISC,Day,Co-ed.,true,27.4691271,77.6772341,https://www.sacredheartmathura.com,https://locate.cisce.org/,2026-08-25
UP070,Sophia Girls' School,"Meerut Cantt., Meerut, Uttar Pradesh, 250 001, India",Meerut Cantt.,Meerut,Uttar Pradesh,250001,board,ICSE / ISC,Day/Residential,Girls,true,28.993786,77.6822684,https://www.sophiameerut.org,https://locate.cisce.org/,2026-08-25
UP071,St. Mary's Academy,"Meerut Cantt., Meerut, Uttar Pradesh, 250 001, India",Meerut Cantt.,Meerut,Uttar Pradesh,250001,board,ICSE / ISC,Day,Co-ed.,true,29.0047339,77.7000063,https://www.stmarysmeerut.com,https://locate.cisce.org/,2026-08-25
UP072,St. Thomas' English Medium School,"Chippi Tank, Meerut, Uttar Pradesh, 250 001, India",Chippi Tank,Meerut,Uttar Pradesh,250001,board,ICSE / ISC,Day,Co-ed.,true,27.5705886,80.0981869,,https://locate.cisce.org/,2026-08-25
UP073,Wilsonia College,"MORADABAD, Moradabad, Uttar Pradesh, 244 001, India",MORADABAD,Moradabad,Uttar Pradesh,244001,board,ICSE / ISC,Day,Co-ed.,true,28.8494465,78.7671157,https://www.wilsoniacollege.edu.in,https://locate.cisce.org/,2026-08-25
UP074,St. Paul's College,"Civil Lines, Moradabad, Uttar Pradesh, 244 001, India",Civil Lines,Moradabad,Uttar Pradesh,244001,board,ICSE / ISC,Day,Co-ed.,true,25.4529334,81.8348882,,https://locate.cisce.org/,2026-08-25
UP075,St. Mary's School,"Najibabad, Bijnor, Uttar Pradesh, 246 763, India",Najibabad,Bijnor,Uttar Pradesh,246763,board,ICSE / ISC,Day,Co-ed.,true,29.6123401,78.3441643,,https://locate.cisce.org/,2026-08-25
UP076,Holy Angels' School,"Sahibabad, Ghaziabad, Uttar Pradesh, 201 005, India",Sahibabad,Ghaziabad,Uttar Pradesh,201005,board,ICSE / ISC,Day,Co-ed.,true,28.6874705,77.3619572,https://www.holyangelssbd.org,https://locate.cisce.org/,2026-08-25
UP077,St. Jude's College,"UNNAO, Unnao, Uttar Pradesh, 209 801, India",UNNAO,Unnao,Uttar Pradesh,209801,board,ICSE / ISC,Day,Co-ed.,true,26.5477316,80.5019454,https://www.stjudecollege.org,https://locate.cisce.org/,2026-08-25
UP078,St. John's School,"Varanasi, Varanasi, Uttar Pradesh, 221 004, India",Varanasi,Varanasi,Uttar Pradesh,221004,board,ICSE / ISC,Day,Co-ed.,true,25.2891454,82.9610289,https://www.stjohnsblw.com,https://locate.cisce.org/,2026-08-25
UP079,William Henry Smith Memorial School,"Sigra, Varanasi, Uttar Pradesh, 221 001, India",Sigra,Varanasi,Uttar Pradesh,221001,board,ICSE / ISC,Day,Co-ed.,true,25.3110799,82.986443,https://www.whsmithschool.com,https://locate.cisce.org/,2026-08-25
UP080,Saharanpur Public School,"Paper Mills Road, Saharanpur, Uttar Pradesh, 247 001, India",Paper Mills Road,Saharanpur,Uttar Pradesh,247001,board,ICSE / ISC,Day,Co-ed.,true,29.9472515,77.5601375,https://www.saharanpurpublicschool.com,https://locate.cisce.org/,2026-08-25
UP081,St. Mary's School,"Bhadohi, Bhadohi, Uttar Pradesh, 221 409, India",Bhadohi,Bhadohi,Uttar Pradesh,221409,board,ICSE / ISC,Day,Co-ed.,true,25.4121195,82.5773947,,https://locate.cisce.org/,2026-08-25
UP082,St. John's School,"Bhoolanpur, Varanasi, Uttar Pradesh, 221 104, India",Bhoolanpur,Varanasi,Uttar Pradesh,221104,board,ICSE / ISC,Day,Co-ed.,true,25.2951833,82.9516248,https://www.stjohnsmarhauli.in,https://locate.cisce.org/,2026-08-25
UP084,Dr. Virendra Swarup Education Centre,"Kidwai Nagar, Kanpur Nagar, Uttar Pradesh, 208 011, India",Kidwai Nagar,Kanpur Nagar,Uttar Pradesh,208011,board,ICSE / ISC,Day,Co-ed.,true,26.4281248,80.3337351,,https://locate.cisce.org/,2026-08-25
UP085,Wendy High School,"G.T. Road, Kanpur Nagar, Uttar Pradesh, 208 016, India",G.T. Road,Kanpur Nagar,Uttar Pradesh,208016,board,ICSE / ISC,Day,Co-ed.,true,26.5273477,80.2335255,,https://locate.cisce.org/,2026-08-25
UP087,City Montessori Inter College,"Vishalkhand II, Lucknow, Uttar Pradesh, 226 010, India",Vishalkhand II,Lucknow,Uttar Pradesh,226010,board,ICSE / ISC,Day,Co-ed.,true,26.8518923,80.9884887,,https://locate.cisce.org/,2026-08-25
UP088,City Montessori Inter College,"Rajajipuram, Lucknow, Uttar Pradesh, 226 017, India",Rajajipuram,Lucknow,Uttar Pradesh,226017,board,ICSE / ISC,Day,Co-ed.,true,26.8465028,80.8752533,,https://locate.cisce.org/,2026-08-25
UP089,Sherwood Academy,"Indira Nagar, Lucknow, Uttar Pradesh, 226 016, India",Indira Nagar,Lucknow,Uttar Pradesh,226016,board,ICSE / ISC,Day,Co-ed.,true,26.8867391,80.9798548,https://www.sherwoodindia.in,https://locate.cisce.org/,2026-08-25
UP090,City Montessori Inter College,"Aliganj, Lucknow, Uttar Pradesh, 226 024, India",Aliganj,Lucknow,Uttar Pradesh,226024,board,ICSE / ISC,Day,Co-ed.,true,26.9022168,80.9507041,https://cmseducation.org/aliganj1,https://locate.cisce.org/,2026-08-25
UP091,Springfields College,"Moradabad, Moradabad, Uttar Pradesh, 244 001, India",Moradabad,Moradabad,Uttar Pradesh,244001,board,ICSE / ISC,Day,Co-ed.,true,28.8325134,78.7434079,https://springfieldscollege.com,https://locate.cisce.org/,2026-08-25
UP092,The Lucknow Public Collegiate Day Boarding Public School,"LUCKNOW, Lucknow, Uttar Pradesh, 226 001, India",LUCKNOW,Lucknow,Uttar Pradesh,226001,board,ICSE / ISC,Day/Residential,Co-ed.,true,26.8530483,80.9559198,,https://locate.cisce.org/,2026-08-25
UP093,St. Francis School,"Ramnagar, Varanasi, Uttar Pradesh, 221 008, India",Ramnagar,Varanasi,Uttar Pradesh,221008,board,ICSE / ISC,Day,Co-ed.,true,25.27646,83.0334524,,https://locate.cisce.org/,2026-08-25
UP094,Dr. Virendra Swarup Education Centre,"G.T. Road, Kanpur Nagar, Uttar Pradesh, 208 024, India",G.T. Road,Kanpur Nagar,Uttar Pradesh,208024,board,ICSE / ISC,Day,Co-ed.,true,27.180249,77.9563754,https://vsecavadhpuri.com,https://locate.cisce.org/,2026-08-25
UP095,Raj Kumar Academy,"Mehndi Ganj, Lucknow, Uttar Pradesh, 226017, India",Mehndi Ganj,Lucknow,Uttar Pradesh,226017,board,ICSE / ISC,Day,Co-ed.,true,26.8567216,80.8652385,https://www.rajkumaracademy.com,https://locate.cisce.org/,2026-08-25
UP096,St. John Bosco College,"Gomti Nagar, Lucknow, Uttar Pradesh, 226 010, India",Gomti Nagar,Lucknow,Uttar Pradesh,226010,board,ICSE / ISC,Day,Co-ed.,true,26.8590353,80.997467,,https://locate.cisce.org/,2026-08-25
UP097,Seth M. R. Jaipuria School,"Gomti Nagar, Lucknow, Uttar Pradesh, 226 010, India",Gomti Nagar,Lucknow,Uttar Pradesh,226010,board,ICSE / ISC,Day,Co-ed.,true,26.8496566,81.013613,https://school.jaipuria.ac.in/,https://locate.cisce.org/,2026-08-25
UP098,Career Convent College,"Vikas Nagar, Lucknow, Uttar Pradesh, 226 022, India",Vikas Nagar,Lucknow,Uttar Pradesh,226022,board,ICSE / ISC,Day,Co-ed.,true,26.8941773,80.9636502,,https://locate.cisce.org/,2026-08-25
UP099,Tiny Tots College,"MORADABAD, Moradabad, Uttar Pradesh, 244 001, India",MORADABAD,Moradabad,Uttar Pradesh,244001,board,ICSE / ISC,Day,Co-ed.,true,28.8456884,78.7589019,,https://locate.cisce.org/,2026-08-25
UP100,United Public School,"Kanpur, Kanpur Nagar, Uttar Pradesh, 208 001, India",Kanpur,Kanpur Nagar,Uttar Pradesh,208001,board,ICSE / ISC,Day,Co-ed.,true,26.4832525,80.3430469,https://www.unitedpublicschool.com,https://locate.cisce.org/,2026-08-25
UP101,St. Joseph's Convent School,"Shivpur, Varanasi, Uttar Pradesh, 221 003, India",Shivpur,Varanasi,Uttar Pradesh,221003,board,ICSE / ISC,Day,Co-ed.,true,25.3550649,82.9599637,,https://locate.cisce.org/,2026-08-25
UP102,C. P. Vidya Niketan,"Kaimganj, Farrukhabad, Uttar Pradesh, 207 502, India",Kaimganj,Farrukhabad,Uttar Pradesh,207502,board,ICSE / ISC,Day,Co-ed.,true,27.5483247,79.3318031,,https://locate.cisce.org/,2026-08-25
UP103,Spring Dale College,"Kanpur Road, Lucknow, Uttar Pradesh, 226 012, India",Kanpur Road,Lucknow,Uttar Pradesh,226012,board,ICSE / ISC,Day,Co-ed.,true,26.4579458,80.2249972,,https://locate.cisce.org/,2026-08-25
UP104,St. Mary's Convent School,"Shastri Nagar, Ghaziabad, Uttar Pradesh, 201 002, India",Shastri Nagar,Ghaziabad,Uttar Pradesh,201002,board,ICSE / ISC,Day,Co-ed.,true,28.9614144,77.7430622,,https://locate.cisce.org/,2026-08-25
UP105,St. Francis School,"Shamli, Muzaffarnagar, Uttar Pradesh, 247 776, India",Shamli,Muzaffarnagar,Uttar Pradesh,247776,board,ICSE / ISC,Day,Co-ed.,true,29.4454356,77.3135823,https://www.stfrancisschoolshamli.org,https://locate.cisce.org/,2026-08-25
UP106,Holy Cross School,"Nautanwa, Maharajganj, Uttar Pradesh, 273 164, India",Nautanwa,Maharajganj,Uttar Pradesh,273164,board,ICSE / ISC,Day,Co-ed.,true,27.4241659,83.4269996,,https://locate.cisce.org/,2026-08-25
UP107,Dr. Virendra Swarup Public School,"Kanpur, Kanpur Nagar, Uttar Pradesh, 208 001, India",Kanpur,Kanpur Nagar,Uttar Pradesh,208001,board,ICSE / ISC,Day,Co-ed.,true,26.474425,80.345025,,https://locate.cisce.org/,2026-08-25
UP108,St. Peter's School,"RAEBARELI, RaeBareli, Uttar Pradesh, 229 010, India",RAEBARELI,RaeBareli,Uttar Pradesh,229010,board,ICSE / ISC,Day,Co-ed.,true,26.2337291,81.2562839,https://www.stpeterschools.org,https://locate.cisce.org/,2026-08-25
UP109,Infant Jesus School,"A.R.T.O. Township, Saharanpur, Uttar Pradesh, 247 001, India",A.R.T.O. Township,Saharanpur,Uttar Pradesh,247001,board,ICSE / ISC,Day,Co-ed.,true,27.5705886,80.0981869,,https://locate.cisce.org/,2026-08-25
UP110,Dabble College,"Indira Nagar, Lucknow, Uttar Pradesh, 226 016, India",Indira Nagar,Lucknow,Uttar Pradesh,226016,board,ICSE / ISC,Day,Co-ed.,true,26.8846594,80.992978,,https://locate.cisce.org/,2026-08-25
UP111,St. Basil's High School,"Basil Nagar, Basti, Uttar Pradesh, 272 001, India",Basil Nagar,Basti,Uttar Pradesh,272001,board,ICSE / ISC,Day,Co-ed.,true,28.0912061,77.9920655,https://www.stbasilbasti.online,https://locate.cisce.org/,2026-08-25
UP112,Don Bosco High School,"Mahmudabad, Sitapur, Uttar Pradesh, 261 203, India",Mahmudabad,Sitapur,Uttar Pradesh,261203,board,ICSE / ISC,Day,Co-ed.,true,27.2967145,81.1251235,https://dbhsmmb.org,https://locate.cisce.org/,2026-08-25
UP113,Unity College,"LUCKNOW, Lucknow, Uttar Pradesh, 226 003, India",LUCKNOW,Lucknow,Uttar Pradesh,226003,board,ICSE / ISC / CVE,Day,Co-ed.,true,26.8487234,81.0007297,https://www.unitycollege.org,https://locate.cisce.org/,2026-08-25
UP114,City Montessori School,"Indira Nagar, Lucknow, Uttar Pradesh, 226 016, India",Indira Nagar,Lucknow,Uttar Pradesh,226016,board,ICSE,Day,Co-ed.,true,26.8798933,80.9926327,,https://locate.cisce.org/,2026-08-25
UP115,Saint Ann College,"Palia, Lakhimpur Kheri, Uttar Pradesh, 262 902, India",Palia,Lakhimpur Kheri,Uttar Pradesh,262902,board,ICSE / ISC,Day,Co-ed.,true,28.4315203,80.5759391,,https://locate.cisce.org/,2026-08-25
UP117,Grace Convent Senior Secondary School,"Krishna Nagar, Mathura, Uttar Pradesh, 281 004, India",Krishna Nagar,Mathura,Uttar Pradesh,281004,board,ICSE / ISC,Day,Co-ed.,true,26.79636,80.8882087,,https://locate.cisce.org/,2026-08-25
UP118,St. Antony's Inter College,"LUCKNOW, Lucknow, Uttar Pradesh, 226 021, India",LUCKNOW,Lucknow,Uttar Pradesh,226021,board,ICSE / ISC,Day,Co-ed.,true,26.9049589,80.9446983,http://www.stantonyslko.org/,https://locate.cisce.org/,2026-08-25
UP119,Playway English School,"FATEHPUR, Fatehpur, Uttar Pradesh, 212 601, India",FATEHPUR,Fatehpur,Uttar Pradesh,212601,board,ICSE / ISC,Day,Co-ed.,true,25.927463,80.8031723,https://www.playwayenglishschool.org,https://locate.cisce.org/,2026-08-25
UP120,Al Huda Model School,"Sitapur Road, Lucknow, Uttar Pradesh, 226 020, India",Sitapur Road,Lucknow,Uttar Pradesh,226020,board,ICSE / ISC,Day,Co-ed.,true,26.887689,80.9338163,,https://locate.cisce.org/,2026-08-25
UP121,Christu Jyoti Convent School,"Sisana, Bagpat, Uttar Pradesh, 250 609, India",Sisana,Bagpat,Uttar Pradesh,250609,board,ICSE / ISC,Day,Co-ed.,true,28.9655173,77.216085,https://www.cjcsbaghpat.com,https://locate.cisce.org/,2026-08-25
UP122,St. Joseph's Academy,"Mariam Nagar, Ghaziabad, Uttar Pradesh, 201 003, India",Mariam Nagar,Ghaziabad,Uttar Pradesh,201003,board,ICSE / ISC,Day,Co-ed.,true,28.6825903,77.4104942,https://www.stjosephacademy.co,https://locate.cisce.org/,2026-08-25
UP123,St. Xavier's School,"Pilkhawa, Hapur, Uttar Pradesh, 245 304, India",Pilkhawa,Hapur,Uttar Pradesh,245304,board,ICSE / ISC,Day,Co-ed.,true,28.7003397,77.6360888,https://www.stxaviersschoolpilkhuwa.com,https://locate.cisce.org/,2026-08-25
UP124,St. Francis Convent School,"Sardhana Road, Meerut, Uttar Pradesh, 250 001, India",Sardhana Road,Meerut,Uttar Pradesh,250001,board,ICSE / ISC,Day,Co-ed.,true,29.0240788,77.6873076,https://stfrancismeerut.com,https://locate.cisce.org/,2026-08-25
UP125,Springer Public School,"GORAKHPUR, Gorakhpur, Uttar Pradesh, 273 006, India",GORAKHPUR,Gorakhpur,Uttar Pradesh,273006,board,ICSE / ISC,Day,Co-ed.,true,26.7605545,83.3731675,https://springerpublicschool.org/,https://locate.cisce.org/,2026-08-25
UP126,St. John's Academy,"Karchana, Prayagraj, Uttar Pradesh, 212 301, India",Karchana,Prayagraj,Uttar Pradesh,212301,board,ICSE / ISC,Day/Residential,Co-ed.,true,25.3621063,81.8824846,https://www.saintjohnsacademy.com,https://locate.cisce.org/,2026-08-25
UP127,Gagan Public School,"ALIGARH, Aligarh, Uttar Pradesh, 202 001, India",ALIGARH,Aligarh,Uttar Pradesh,202001,board,ICSE / ISC,Day,Co-ed.,true,27.8656238,78.072045,https://www.gagan.ac.in,https://locate.cisce.org/,2026-08-25
UP128,St. Thomas' School,"Gopiganj, Bhadohi, Uttar Pradesh, 221 303, India",Gopiganj,Bhadohi,Uttar Pradesh,221303,board,ICSE / ISC,Day,Co-ed.,true,25.2858561,82.4322347,http://stthomasschoolgopiganj.in/,https://locate.cisce.org/,2026-08-25
UP129,Guru Har Rai Academy,"Sangwa Road, Kanpur Nagar, Uttar Pradesh, 208 021, India",Sangwa Road,Kanpur Nagar,Uttar Pradesh,208021,board,ICSE / ISC,Day,Co-ed.,true,26.4033754,80.3776813,https://guruharraiacademy.com/,https://locate.cisce.org/,2026-08-25
UP130,St. Thomas School,"Kidwai Nagar, Kanpur Nagar, Uttar Pradesh, 208 011, India",Kidwai Nagar,Kanpur Nagar,Uttar Pradesh,208011,board,ICSE / ISC,Day,Co-ed.,true,26.4233741,80.3278976,https://www.stthomas.co.in,https://locate.cisce.org/,2026-08-25
UP131,Fatima School,"Tajopur, Mau, Uttar Pradesh, 275 101, India",Tajopur,Mau,Uttar Pradesh,275101,board,ICSE / ISC,Day,Co-ed.,true,25.912034,83.5310068,,https://locate.cisce.org/,2026-08-25
UP132,Lucknow Public College,"Rajajipuram, Lucknow, Uttar Pradesh, 226 017, India",Rajajipuram,Lucknow,Uttar Pradesh,226017,board,ICSE / ISC,Day,Co-ed.,true,26.8320512,80.8875056,https://lps-lpc.org,https://locate.cisce.org/,2026-08-25
UP133,Assembly Of God Church School,"BAHRAICH, Bahraich, Uttar Pradesh, 271 881, India",BAHRAICH,Bahraich,Uttar Pradesh,271881,board,ICSE / ISC,Day,Co-ed.,true,28.0126399,81.5981332,,https://locate.cisce.org/,2026-08-25
UP134,St. Peter's School,"AMBEDKAR NAGAR, Ambedkar Nagar, Uttar Pradesh, 224 122, India",AMBEDKAR NAGAR,Ambedkar Nagar,Uttar Pradesh,224122,board,ICSE / ISC,Day,Co-ed.,true,26.4269869,82.5331119,,https://locate.cisce.org/,2026-08-25
UP135,St. John's School,"Siddiqpur, Jaunpur, Uttar Pradesh, 222 110, India",Siddiqpur,Jaunpur,Uttar Pradesh,222110,board,ICSE / ISC,Day,Co-ed.,true,25.7897131,82.6888438,https://www.stjohnsjaunpur.org,https://locate.cisce.org/,2026-08-25
UP136,Mary Lucas School & College,"ALLAHABAD, Prayagraj, Uttar Pradesh, 211 002, India",ALLAHABAD,Prayagraj,Uttar Pradesh,211002,board,ICSE / ISC,Day,Co-ed.,true,25.4652807,81.8492658,,https://locate.cisce.org/,2026-08-25
UP137,Cathedral College,"Railway Colony, Jhansi, Uttar Pradesh, 284 003, India",Railway Colony,Jhansi,Uttar Pradesh,284003,board,ICSE / ISC,Day,Co-ed.,true,28.8501513,78.755348,,https://locate.cisce.org/,2026-08-25
UP138,Jesus & Mary School And College,"Jewnar, Balrampur, Uttar Pradesh, 271 201, India",Jewnar,Balrampur,Uttar Pradesh,271201,board,ICSE / ISC,Day,Co-ed.,true,27.4317393,82.1829621,,https://locate.cisce.org/,2026-08-25
UP140,City Montessori School,"Kanpur Road, Lucknow, Uttar Pradesh, 226 012, India",Kanpur Road,Lucknow,Uttar Pradesh,226012,board,ICSE / ISC,Day,Co-ed.,true,26.4579458,80.2249972,https://www.cmseducation.org/campuses/kanpurrd,https://locate.cisce.org/,2026-08-25
UP141,Bishop George School,"ALLAHABAD, Prayagraj, Uttar Pradesh, 211 001, India",ALLAHABAD,Prayagraj,Uttar Pradesh,211001,board,ICSE / ISC,Day,Co-ed.,true,25.4913374,81.8703537,https://www.bishopgeorgeschool.com,https://locate.cisce.org/,2026-08-25
UP142,St. Mary's Orthodox School,"G.T. Road, Kanpur Nagar, Uttar Pradesh, 208 007, India",G.T. Road,Kanpur Nagar,Uttar Pradesh,208007,board,ICSE / ISC,Day,Co-ed.,true,26.4221442,80.3742963,https://www.stmarysorthodoxschool.com,https://locate.cisce.org/,2026-08-25
UP143,The Chintels School,"Kanpur, Kanpur Nagar, Uttar Pradesh, 208 022, India",Kanpur,Kanpur Nagar,Uttar Pradesh,208022,board,ICSE / ISC,Day,Co-ed.,true,26.4471646,80.288576,https://www.chintelsschool.com,https://locate.cisce.org/,2026-08-25
UP144,Vikas Bharti School,"GORAKHPUR, Gorakhpur, Uttar Pradesh, 273 152, India",GORAKHPUR,Gorakhpur,Uttar Pradesh,273152,board,ICSE / ISC,Residential,Co-ed.,true,26.8275004,83.4536759,https://www.vikasbharti.org,https://locate.cisce.org/,2026-08-25
UP145,Riverside Academy Inter College,"Gomti Nagar, Lucknow, Uttar Pradesh, 226 020, India",Gomti Nagar,Lucknow,Uttar Pradesh,226020,board,ICSE / ISC,Day,Co-ed.,true,26.8511012,81.0061048,https://www.riversideacademy.in,https://locate.cisce.org/,2026-08-25
UP146,St. Xavier's College,"Chanetha, Bareilly, Uttar Pradesh, 243 001, India",Chanetha,Bareilly,Uttar Pradesh,243001,board,ICSE / ISC,Day,Co-ed.,true,27.1403972,78.0188252,https://www.stxaviersbareilly.in,https://locate.cisce.org/,2026-08-25
UP149,Maharaja Agarsen Public School,"Mandi Bans, Moradabad, Uttar Pradesh, 244 001, India",Mandi Bans,Moradabad,Uttar Pradesh,244001,board,ICSE / ISC,Day,Co-ed.,true,28.8358494,78.7814479,,https://locate.cisce.org/,2026-08-25
UP150,St. Mary's School,"Rajajipuram, Lucknow, Uttar Pradesh, 226 017, India",Rajajipuram,Lucknow,Uttar Pradesh,226017,board,ICSE / ISC,Day,Co-ed.,true,26.8316934,80.8687163,,https://locate.cisce.org/,2026-08-25
UP151,St. Thomas' School,"Khalilabad, Sant Kabir Nagar, Uttar Pradesh, 272 175, India",Khalilabad,Sant Kabir Nagar,Uttar Pradesh,272175,board,ICSE / ISC,Day,Co-ed.,true,26.7657567,83.0833901,,https://locate.cisce.org/,2026-08-25
UP152,Sacred Heart Convent School,"Parichha, Jhansi, Uttar Pradesh, 284 305, India",Parichha,Jhansi,Uttar Pradesh,284305,board,ICSE / ISC,Day,Co-ed.,true,25.5181658,78.7532884,,https://locate.cisce.org/,2026-08-25
UP153,St. Mary's School,"Station Road, Mirzapur, Uttar Pradesh, 231 001, India",Station Road,Mirzapur,Uttar Pradesh,231001,board,ICSE / ISC,Day,Co-ed.,true,27.8818352,79.9076718,https://stmarymirzapur.com,https://locate.cisce.org/,2026-08-25
UP154,Modern School,"JHANSI, Jhansi, Uttar Pradesh, 284 001, India",JHANSI,Jhansi,Uttar Pradesh,284001,board,ICSE / ISC,Day,Co-ed.,true,25.4671831,78.6305535,https://www.modernschooljhansi.org,https://locate.cisce.org/,2026-08-25
UP155,St. Mary's School,"Rasra, Ballia, Uttar Pradesh, 221 712, India",Rasra,Ballia,Uttar Pradesh,221712,board,ICSE / ISC,Day,Co-ed.,true,25.9032719,83.8545918,https://www.stmarysrasra.com,https://locate.cisce.org/,2026-08-25
UP156,St. James Mission School,"Avas - Vikas Colony, Lucknow, Uttar Pradesh, 226 017, India",Avas - Vikas Colony,Lucknow,Uttar Pradesh,226017,board,ICSE / ISC,Day,Co-ed.,true,26.8413919,80.8779225,,https://locate.cisce.org/,2026-08-25
UP157,New Vision School,"RAEBARELI, RaeBareli, Uttar Pradesh, 229 001, India",RAEBARELI,RaeBareli,Uttar Pradesh,229001,board,ICSE / ISC,Day,Co-ed.,true,26.2209671,81.2555464,,https://locate.cisce.org/,2026-08-25
UP158,City Montessori School,"Jail Road, Lucknow, Uttar Pradesh, 226 005, India",Jail Road,Lucknow,Uttar Pradesh,226005,board,ICSE / ISC,Day,Co-ed.,true,27.1022603,83.2759219,https://www.cmseducation.org,https://locate.cisce.org/,2026-08-25
UP159,St. Teresa's College,"Aashiana, Lucknow, Uttar Pradesh, 226 012, India",Aashiana,Lucknow,Uttar Pradesh,226012,board,ICSE / ISC,Day,Co-ed.,true,26.7922355,80.9216713,,https://locate.cisce.org/,2026-08-25
UP160,Edmonton Public School,"Lakhmipur Kheri, Lakhimpur Kheri, Uttar Pradesh, 262 902, India",Lakhmipur Kheri,Lakhimpur Kheri,Uttar Pradesh,262902,board,ICSE / ISC,Residential,Co-ed.,true,28.4313694,80.5795794,https://www.edmontonpublicschool.net,https://locate.cisce.org/,2026-08-25
UP161,St. Lawrence School,"Raebareli Road, Unnao, Uttar Pradesh, 209 801, India",Raebareli Road,Unnao,Uttar Pradesh,209801,board,ICSE / ISC,Day,Co-ed.,true,26.3579419,81.1573975,https://www.stlawrenceunnao.org,https://locate.cisce.org/,2026-08-25
UP162,St. Mary's Inter College,"Indira Nagar, Lucknow, Uttar Pradesh, 226 016, India",Indira Nagar,Lucknow,Uttar Pradesh,226016,board,ICSE / ISC,Day,Co-ed.,true,26.8803538,80.9819411,,https://locate.cisce.org/,2026-08-25
UP163,Dominic Savio English Medium School,"Court Road, Lalitpur, Uttar Pradesh, 284 403, India",Court Road,Lalitpur,Uttar Pradesh,284403,board,ICSE / ISC,Day,Co-ed.,true,28.836625,78.7707055,https://WWW.SDSLALITPUR.ORG,https://locate.cisce.org/,2026-08-25
UP164,Metropolitan School,"Gulhariya Bazar, Gorakhpur, Uttar Pradesh, 273 013, India",Gulhariya Bazar,Gorakhpur,Uttar Pradesh,273013,board,ICSE / ISC,Day,Co-ed.,true,26.8534968,83.4484299,https://www.metropolitanschool.edu.in,https://locate.cisce.org/,2026-08-25
UP165,St. John's School,"GHAZIPUR, Ghazipur, Uttar Pradesh, 233 001, India",GHAZIPUR,Ghazipur,Uttar Pradesh,233001,board,ICSE / ISC,Day,Co-ed.,true,25.5754681,83.539243,https://WWW.stjohnsschoolghazipur.com,https://locate.cisce.org/,2026-08-25
UP166,St.Thereses School,"Padrauna, Kushinagar, Uttar Pradesh, 274 304, India",Padrauna,Kushinagar,Uttar Pradesh,274304,board,ICSE / ISC,Day,Co-ed.,true,26.8983907,83.9797173,https://www.stspadrauna.org,https://locate.cisce.org/,2026-08-25
UP167,Holy Trinity Church School,"Station Road, Ghaziabad, Uttar Pradesh, 201 001, India",Station Road,Ghaziabad,Uttar Pradesh,201001,board,ICSE / ISC,Day,Co-ed.,true,27.5076553,77.9866806,https://www.htcsgzb.edu.in,https://locate.cisce.org/,2026-08-25
UP168,St. Thomas School,"Civil Lines, Mainpuri, Uttar Pradesh, 205 001, India",Civil Lines,Mainpuri,Uttar Pradesh,205001,board,ICSE / ISC,Day,Co-ed.,true,25.4529334,81.8348882,,https://locate.cisce.org/,2026-08-25
UP169,Stella Maris Inter College,"Kanpur Road, Lucknow, Uttar Pradesh, 226 012, India",Kanpur Road,Lucknow,Uttar Pradesh,226012,board,ICSE / ISC,Day,Co-ed.,true,26.4579458,80.2249972,https://wwwstellamarislucknow.in,https://locate.cisce.org/,2026-08-25
UP170,The G.K. Welhams College,"Railway Harthala Colony, Moradabad, Uttar Pradesh, 244 001, India",Railway Harthala Colony,Moradabad,Uttar Pradesh,244001,board,ICSE / ISC,Day,Co-ed.,true,28.8501513,78.755348,,https://locate.cisce.org/,2026-08-25
UP171,Scholars' Home,"Gomti Nagar, Lucknow, Uttar Pradesh, 226 010, India",Gomti Nagar,Lucknow,Uttar Pradesh,226010,board,ICSE / ISC,Day,Co-ed.,true,26.8429562,80.985726,https://www.scholars-home.com,https://locate.cisce.org/,2026-08-25
UP172,Modern Academy,"Gomti Nagar, Lucknow, Uttar Pradesh, 226 010, India",Gomti Nagar,Lucknow,Uttar Pradesh,226010,board,ICSE / ISC,Day,Co-ed.,true,26.8464942,81.0012953,,https://locate.cisce.org/,2026-08-25
UP173,Bal Vidya Bhawan Public School,"Nagheta Road, Hardoi, Uttar Pradesh, 241 001, India",Nagheta Road,Hardoi,Uttar Pradesh,241001,board,ICSE / ISC,Day,Co-ed.,true,27.2235918,79.9985413,,https://locate.cisce.org/,2026-08-25
UP174,Brains Convent School,"Raja Bazar, Lucknow, Uttar Pradesh, 226 003, India",Raja Bazar,Lucknow,Uttar Pradesh,226003,board,ICSE / ISC,Day,Co-ed.,true,26.8597526,80.9125994,,https://locate.cisce.org/,2026-08-25
UP175,Swaraj India Public School,"Kakadeo, Kanpur Nagar, Uttar Pradesh, 208 019, India",Kakadeo,Kanpur Nagar,Uttar Pradesh,208019,board,ICSE / ISC,Day,Co-ed.,true,26.4807915,80.2903284,,https://locate.cisce.org/,2026-08-25
UP176,Nirmala Convent Inter College,"Vikas Nagar, Lucknow, Uttar Pradesh, 226 022, India",Vikas Nagar,Lucknow,Uttar Pradesh,226022,board,ICSE / ISC,Day,Co-ed.,true,26.8996171,80.9552558,https://www.nirmalalucknow.com,https://locate.cisce.org/,2026-08-25
UP177,Regency Public School,"SITAPUR, Sitapur, Uttar Pradesh, 261 001, India",SITAPUR,Sitapur,Uttar Pradesh,261001,board,ICSE / ISC / CVE,Day/Residential,Co-ed.,true,27.5615572,80.6918814,https://www.regencypublicschool.com,https://locate.cisce.org/,2026-08-25
UP178,Modern Public School,"FARRUKHABAD, Farrukhabad, Uttar Pradesh, 209 625, India",FARRUKHABAD,Farrukhabad,Uttar Pradesh,209625,board,ICSE / ISC,Day,Co-ed.,true,27.3833507,79.5724601,,https://locate.cisce.org/,2026-08-25
UP179,H.p. Children's Academy,"GORAKHPUR, Gorakhpur, Uttar Pradesh, 273 001, India",GORAKHPUR,Gorakhpur,Uttar Pradesh,273001,board,ICSE / ISC,Day,Co-ed.,true,26.7514287,83.3750868,,https://locate.cisce.org/,2026-08-25
UP180,Vashishta St. Joseph's School,"Jahangirabad, Bulandshahr, Uttar Pradesh, 202 394, India",Jahangirabad,Bulandshahr,Uttar Pradesh,202394,board,ICSE / ISC,Day,Co-ed.,true,28.3980116,78.1023092,,https://locate.cisce.org/,2026-08-25
UP181,St. Mary's School,"Nagina, Bijnor, Uttar Pradesh, 246 762, India",Nagina,Bijnor,Uttar Pradesh,246762,board,ICSE / ISC,Day,Co-ed.,true,29.4425714,78.4316731,https://marysnagina.com,https://locate.cisce.org/,2026-08-25
UP182,Smt. Jaidevi Memorial Public School,"G.T. Road, Aligarh, Uttar Pradesh, 202 001, India",G.T. Road,Aligarh,Uttar Pradesh,202001,board,ICSE / ISC,Day,Co-ed.,true,29.0157696,77.6746983,https://www.sjdschool.org,https://locate.cisce.org/,2026-08-25
UP183,Margaret Leask Memorial English School,"Gwalior Road, Jhansi, Uttar Pradesh, 284 003, India",Gwalior Road,Jhansi,Uttar Pradesh,284003,board,ICSE / ISC,Day,Co-ed.,true,25.464595,78.560932,,https://locate.cisce.org/,2026-08-25
UP184,Little Flower School,"Salempur, Deoria, Uttar Pradesh, 274 509, India",Salempur,Deoria,Uttar Pradesh,274509,board,ICSE / ISC,Day,Co-ed.,true,26.3068906,83.9077099,,https://locate.cisce.org/,2026-08-25
UP185,St. Joseph's School,"Khorabar, Gorakhpur, Uttar Pradesh, 273 010, India",Khorabar,Gorakhpur,Uttar Pradesh,273010,board,ICSE / ISC,Day,Co-ed.,true,26.7312763,83.4334209,https://www.josephitesgkp.edu.in,https://locate.cisce.org/,2026-08-25
UP186,St. Mary's Convent School,"Station Road, Bareilly, Uttar Pradesh, 243 001, India",Station Road,Bareilly,Uttar Pradesh,243001,board,ICSE,Day,Co-ed.,true,28.3414316,79.4141026,https://stmarysschoolbareilly.ac.in,https://locate.cisce.org/,2026-08-25
UP187,Prabhat Academy,"Ashtbhuja Nagar, Pratapgarh, Uttar Pradesh, 230 001, India",Ashtbhuja Nagar,Pratapgarh,Uttar Pradesh,230001,board,ICSE / ISC,Day,Co-ed.,true,25.9161181,81.9800713,https://prabhatacademy.net/,https://locate.cisce.org/,2026-08-25
UP188,Jeevan Dhara Convent School,"Kursi Road, Lucknow, Uttar Pradesh, 226 026, India",Kursi Road,Lucknow,Uttar Pradesh,226026,board,ICSE / ISC,Day,Co-ed.,true,26.922251,80.969291,,https://locate.cisce.org/,2026-08-25
UP189,Assisi Convent School,"Baheri, Bareilly, Uttar Pradesh, 243 201, India",Baheri,Bareilly,Uttar Pradesh,243201,board,ICSE / ISC,Day,Co-ed.,true,28.7802681,79.4689822,,https://locate.cisce.org/,2026-08-25
UP190,Dr. Virendra Swarup Public School,"Mahanagar, Lucknow, Uttar Pradesh, 226 006, India",Mahanagar,Lucknow,Uttar Pradesh,226006,board,ICSE / ISC,Day,Co-ed.,true,26.8813002,80.957655,https://www.vsmt.org,https://locate.cisce.org/,2026-08-25
UP191,Bal Bharti Public School,"Varanasi, Varanasi, Uttar Pradesh, 221 001, India",Varanasi,Varanasi,Uttar Pradesh,221001,board,ICSE / ISC,Day,Co-ed.,true,25.3216609,83.0094591,,https://locate.cisce.org/,2026-08-25
UP192,S.K.D. Academy,"Rajajipuram, Lucknow, Uttar Pradesh, 226 017, India",Rajajipuram,Lucknow,Uttar Pradesh,226017,board,ICSE / ISC,Day,Co-ed.,true,26.8471119,80.883387,,https://locate.cisce.org/,2026-08-25
UP193,Gurukul Academy,"Indira Nagar, Lucknow, Uttar Pradesh, 226 016, India",Indira Nagar,Lucknow,Uttar Pradesh,226016,board,ICSE / ISC,Day,Co-ed.,true,26.8798933,80.9926327,https://www.gurukulacademy.education,https://locate.cisce.org/,2026-08-25
UP194,Modern Academy,"Indirapuram, Ghaziabad, Uttar Pradesh, 201 010, India",Indirapuram,Ghaziabad,Uttar Pradesh,201010,board,ICSE / ISC,Day,Co-ed.,true,28.647688,77.362246,https://www.modernacademyindirapuram.org,https://locate.cisce.org/,2026-08-25
UP195,King George College,"Faizabad Road, Lucknow, Uttar Pradesh, 226 016, India",Faizabad Road,Lucknow,Uttar Pradesh,226016,board,ICSE / ISC,Day,Co-ed.,true,26.8733098,80.9982408,,https://locate.cisce.org/,2026-08-25
UP196,Blue Bells Public School,"JHANSI, Jhansi, Uttar Pradesh, 284 001, India",JHANSI,Jhansi,Uttar Pradesh,284001,board,ICSE / ISC,Day,Co-ed.,true,25.4493508,78.5660162,https://www.bbps.in,https://locate.cisce.org/,2026-08-25
UP197,Fatima Convent School,"Meerut Road, Ghaziabad, Uttar Pradesh, 201 003, India",Meerut Road,Ghaziabad,Uttar Pradesh,201003,board,ICSE / ISC,Day,Co-ed.,true,28.7881756,77.5281917,https://www.fatimaconventschool.com,https://locate.cisce.org/,2026-08-25
UP198,Sir Syed Public School,"UNNAO, Unnao, Uttar Pradesh, 209 801, India",UNNAO,Unnao,Uttar Pradesh,209801,board,ICSE / ISC,Day,Co-ed.,true,26.4410368,80.5445492,,https://locate.cisce.org/,2026-08-25
UP199,St. Xavier's School,"P.O. Siddharth Nagar, Siddharthnagar, Uttar Pradesh, 272 207, India",P.O. Siddharth Nagar,Siddharthnagar,Uttar Pradesh,272207,board,ICSE / ISC,Day,Co-ed.,true,27.2891512,83.0831116,https://stxaviersiddharthnagar.com,https://locate.cisce.org/,2026-08-25
UP200,All Saints School,"Thapar Nagar Road, Meerut, Uttar Pradesh, 250 001, India",Thapar Nagar Road,Meerut,Uttar Pradesh,250001,board,ICSE / ISC,Day,Co-ed.,true,28.9866104,77.7059382,https://www.allsaintsmrt.com,https://locate.cisce.org/,2026-08-25
UP201,Unity Public School,"ALLAHABAD, Prayagraj, Uttar Pradesh, 211 016, India",ALLAHABAD,Prayagraj,Uttar Pradesh,211016,board,ICSE / ISC,Day,Co-ed.,true,25.428172,81.815102,,https://locate.cisce.org/,2026-08-25
UP202,Virendra Nath Ganguly Memorial School,"Basharatpur, Gorakhpur, Uttar Pradesh, 273 004, India",Basharatpur,Gorakhpur,Uttar Pradesh,273004,board,ICSE / ISC,Day,Co-ed.,true,26.7883075,83.3856162,https://www.vngms.co.in,https://locate.cisce.org/,2026-08-25
UP203,Tiny Tots Convent School,"Aliganj, Lucknow, Uttar Pradesh, 226 024, India",Aliganj,Lucknow,Uttar Pradesh,226024,board,ICSE / ISC,Day,Co-ed.,true,26.8976882,80.9551145,,https://locate.cisce.org/,2026-08-25
UP204,Anand Bhawan School,"Dewa Road, Barabanki, Uttar Pradesh, 225 001, India",Dewa Road,Barabanki,Uttar Pradesh,225001,board,ICSE / ISC,Day,Co-ed.,true,26.9323311,81.1857715,,https://locate.cisce.org/,2026-08-25
UP205,St. Mary's School,"GHAZIPUR, Ghazipur, Uttar Pradesh, 232 329, India",GHAZIPUR,Ghazipur,Uttar Pradesh,232329,board,ICSE / ISC,Day,Co-ed.,true,25.4241348,83.5576478,,https://locate.cisce.org/,2026-08-25
UP206,Wendy Academy High School,"Saket Nagar, Kanpur Nagar, Uttar Pradesh, 208 014, India",Saket Nagar,Kanpur Nagar,Uttar Pradesh,208014,board,ICSE / ISC,Day,Co-ed.,true,26.4358724,80.3145579,https://wendyacademy.com,https://locate.cisce.org/,2026-08-25
UP207,St. James' School,"Kanker Khera, Meerut, Uttar Pradesh, 250 001, India",Kanker Khera,Meerut,Uttar Pradesh,250001,board,ICSE / ISC,Day,Co-ed.,true,29.0234721,77.6848458,https://stjamesschoolmrt.co.in,https://locate.cisce.org/,2026-08-25
UP208,City Convent School,"Rajajipuram, Lucknow, Uttar Pradesh, 226 017, India",Rajajipuram,Lucknow,Uttar Pradesh,226017,board,ICSE / ISC,Day,Co-ed.,true,26.8449393,80.8764576,,https://locate.cisce.org/,2026-08-25
UP209,Bhaktivedanta Gurukula And International School,"Vrindavan, Mathura, Uttar Pradesh, 281 121, India",Vrindavan,Mathura,Uttar Pradesh,281121,board,ICSE / ISC,Day/Residential,Boys,true,27.5723789,77.6799948,https://www.bgis.org,https://locate.cisce.org/,2026-08-25
UP210,Vivekanand Academy,"Bhira, Lakhimpur Kheri, Uttar Pradesh, 262 901, India",Bhira,Lakhimpur Kheri,Uttar Pradesh,262901,board,ICSE / ISC,Day,Co-ed.,true,28.3227338,80.4827074,,https://locate.cisce.org/,2026-08-25
UP211,R.P.M. Academy,"Kauriram, Gorakhpur, Uttar Pradesh, 273 413, India",Kauriram,Gorakhpur,Uttar Pradesh,273413,board,ICSE / ISC,Day,Co-ed.,true,26.536071,83.404142,https://www.rpmacademykauriram.org,https://locate.cisce.org/,2026-08-25
UP212,Christ The King School,"Jagadishpur, Sultanpur, Uttar Pradesh, 227 817, India",Jagadishpur,Sultanpur,Uttar Pradesh,227817,board,ICSE / ISC,Day,Co-ed.,true,28.4258595,77.5501073,https://WWW.CTKSJAGDISHPUR.ORG,https://locate.cisce.org/,2026-08-25
UP213,Green Fields School,"Rajajipuram, Lucknow, Uttar Pradesh, 226 017, India",Rajajipuram,Lucknow,Uttar Pradesh,226017,board,ICSE / ISC,Day,Co-ed.,true,26.8410657,80.8805258,,https://locate.cisce.org/,2026-08-25
UP214,M. U. College,"Dhorra, Aligarh, Uttar Pradesh, 202 002, India",Dhorra,Aligarh,Uttar Pradesh,202002,board,ICSE / ISC,Day/Residential,Boys,true,27.9249756,78.0868191,https://mucollege.in,https://locate.cisce.org/,2026-08-25
UP215,Pt. D.P. Mishra Memorial Public School,"Ahirwan, Kanpur Nagar, Uttar Pradesh, 208 007, India",Ahirwan,Kanpur Nagar,Uttar Pradesh,208007,board,ICSE / ISC,Day,Co-ed.,true,26.3961222,80.4049298,,https://locate.cisce.org/,2026-08-25
UP216,Seth Dwarka Prasad Bajaj Education Center,"Meerjapur, Mirzapur, Uttar Pradesh, 231 001, India",Meerjapur,Mirzapur,Uttar Pradesh,231001,board,ICSE / ISC,Day,Co-ed.,true,25.1599445,82.5138521,,https://locate.cisce.org/,2026-08-25
UP217,Cambridge Public School,"Lakhimpur Kheri, Lakhimpur Kheri, Uttar Pradesh, 262 902, India",Lakhimpur Kheri,Lakhimpur Kheri,Uttar Pradesh,262902,board,ICSE,Day,Co-ed.,true,28.3227338,80.4827074,,https://locate.cisce.org/,2026-08-25
UP218,Holy Family Convent School,"BAREILLY, Bareilly, Uttar Pradesh, 243 301, India",BAREILLY,Bareilly,Uttar Pradesh,243301,board,ICSE / ISC,Day,Co-ed.,true,28.3670355,79.4304381,https://www.holyfamilyaonla.org,https://locate.cisce.org/,2026-08-25
UP219,Bobson Public School,"Meerpur Cantt., Kanpur Nagar, Uttar Pradesh, 208 004, India",Meerpur Cantt.,Kanpur Nagar,Uttar Pradesh,208004,board,ICSE / ISC,Day,Co-ed.,true,26.4477659,80.3521683,,https://locate.cisce.org/,2026-08-25
UP220,Mother Teresa Mission Higher Secondary School,"Kidwai Nagar, Kanpur Nagar, Uttar Pradesh, 208 011, India",Kidwai Nagar,Kanpur Nagar,Uttar Pradesh,208011,board,ICSE / ISC,Day,Co-ed.,true,26.4233712,80.3247807,https://www.mtmhss.edu.in,https://locate.cisce.org/,2026-08-25
UP221,St. Francis School,"MATHURA, Mathura, Uttar Pradesh, 281 006, India",MATHURA,Mathura,Uttar Pradesh,281006,board,ICSE / ISC,Day,Co-ed.,true,27.428949,77.6722239,,https://locate.cisce.org/,2026-08-25
UP222,Pooja Public School,"Jail Road, Aligarh, Uttar Pradesh, 202 001, India",Jail Road,Aligarh,Uttar Pradesh,202001,board,ICSE,Day,Co-ed.,true,27.391831,80.138141,,https://locate.cisce.org/,2026-08-25
UP223,Play Way Academy,"Gomti Nagar, Lucknow, Uttar Pradesh, 226 010, India",Gomti Nagar,Lucknow,Uttar Pradesh,226010,board,ICSE / ISC,Day,Co-ed.,true,26.8442598,80.9947045,,https://locate.cisce.org/,2026-08-25
UP224,Lucknow Public College,"Jankipuram, Lucknow, Uttar Pradesh, 226 021, India",Jankipuram,Lucknow,Uttar Pradesh,226021,board,ICSE / ISC,Day,Co-ed.,true,26.9232448,80.9538223,http://sahara.lucknowpublicschoolsandcolleges.com,https://locate.cisce.org/,2026-08-25
UP225,St. Norbert's School,"BAHRAICH, Bahraich, Uttar Pradesh, 271 801, India",BAHRAICH,Bahraich,Uttar Pradesh,271801,board,ICSE / ISC,Day,Co-ed.,true,27.5705152,81.5976672,,https://locate.cisce.org/,2026-08-25
UP226,St. Peter Inter College,"BAHRAICH, Bahraich, Uttar Pradesh, 271 865, India",BAHRAICH,Bahraich,Uttar Pradesh,271865,board,ICSE / ISC,Day,Co-ed.,true,27.8674709,81.4992884,,https://locate.cisce.org/,2026-08-25
UP228,D.C. Lewis Memorial School,"Renukoot, Sonbhadra, Uttar Pradesh, 231 217, India",Renukoot,Sonbhadra,Uttar Pradesh,231217,board,ICSE / ISC,Day,Co-ed.,true,24.2294705,83.0414023,,https://locate.cisce.org/,2026-08-25
UP229,Sacred Heart Academy,"Via P.A.C., Gorakhpur, Uttar Pradesh, 273 014, India",Via P.A.C.,Gorakhpur,Uttar Pradesh,273014,board,ICSE / ISC,Day,Co-ed.,true,26.7872083,83.4026838,https://shagkp.com,https://locate.cisce.org/,2026-08-25
UP230,S. J. Education Centre,"Naubasta, Kanpur Nagar, Uttar Pradesh, 208 021, India",Naubasta,Kanpur Nagar,Uttar Pradesh,208021,board,ICSE / ISC,Day,Co-ed.,true,26.3901426,80.3199179,,https://locate.cisce.org/,2026-08-25
UP231,St. Theresa's School,"Sandila, Hardoi, Uttar Pradesh, 241 204, India",Sandila,Hardoi,Uttar Pradesh,241204,board,ICSE / ISC,Day,Co-ed.,true,27.0764686,80.5179133,https://sttheresasandila.in,https://locate.cisce.org/,2026-08-25
UP232,Dr. Brij Kishori Dubey Memorial School,"Saket Nagar, Kanpur Nagar, Uttar Pradesh, 208 014, India",Saket Nagar,Kanpur Nagar,Uttar Pradesh,208014,board,ICSE / ISC,Day,Co-ed.,true,26.4348982,80.3120074,,https://locate.cisce.org/,2026-08-25
UP233,St. Ann's Convent School,"Shardhanagar, Lucknow, Uttar Pradesh, 226 002, India",Shardhanagar,Lucknow,Uttar Pradesh,226002,board,ICSE / ISC,Day,Co-ed.,true,26.7889104,80.9283773,,https://locate.cisce.org/,2026-08-25
UP234,Career Convent Girl's College,"Vikas Nagar, Lucknow, Uttar Pradesh, 226 022, India",Vikas Nagar,Lucknow,Uttar Pradesh,226022,board,ICSE / ISC,Day,Girls,true,26.8922175,80.9660686,,https://locate.cisce.org/,2026-08-25
UP235,Little Flower School,"GORAKHPUR, Gorakhpur, Uttar Pradesh, 273 013, India",GORAKHPUR,Gorakhpur,Uttar Pradesh,273013,board,ICSE / ISC,Day,Co-ed.,true,26.8042012,83.3924988,https://www.lfsraptinagar.ac.in,https://locate.cisce.org/,2026-08-25
UP236,Maharana Pratap Education Centre,"Sharda Nagar, Kanpur Nagar, Uttar Pradesh, 208 025, India",Sharda Nagar,Kanpur Nagar,Uttar Pradesh,208025,board,ICSE / ISC,Day,Co-ed.,true,26.4848501,80.2824801,https://www.mpecschool.in,https://locate.cisce.org/,2026-08-25
UP237,St. Joseph's School,"Greater Noida, Gautam Buddha Nagar, Uttar Pradesh, 201 310, India",Greater Noida,Gautam Buddha Nagar,Uttar Pradesh,201310,board,ICSE / ISC,Day,Co-ed.,true,28.4743207,77.508911,,https://locate.cisce.org/,2026-08-25
UP238,Konark Public School,"Sahibabad, Ghaziabad, Uttar Pradesh, 201 005, India",Sahibabad,Ghaziabad,Uttar Pradesh,201005,board,ICSE / ISC,Day,Co-ed.,true,28.6904801,77.3360364,https://WWW.konarkpublicschool.com,https://locate.cisce.org/,2026-08-25
UP239,DR. VIRENDRA SWARUP PUBLIC SCHOOL,"Govind Nagar, Kanpur Nagar, Uttar Pradesh, 208 006, India",Govind Nagar,Kanpur Nagar,Uttar Pradesh,208006,board,ICSE / ISC,Day,Co-ed.,true,26.4514151,80.308079,https://vstcs.in,https://locate.cisce.org/,2026-08-25
UP240,St. Teresa's Convent School,"Sarvodaya Nagar, Ghaziabad, Uttar Pradesh, 201 009, India",Sarvodaya Nagar,Ghaziabad,Uttar Pradesh,201009,board,ICSE,Day,Co-ed.,true,28.6429215,77.4164063,,https://locate.cisce.org/,2026-08-25
UP241,Ragendra Swarup Public School,"Sikandara Yojna, Agra, Uttar Pradesh, 282 007, India",Sikandara Yojna,Agra,Uttar Pradesh,282007,board,ICSE / ISC,Day,Co-ed.,true,27.2033897,77.9603019,https://www.swarupgroup.org,https://locate.cisce.org/,2026-08-25
UP242,Modern Indian School,"Rajajipuram, Lucknow, Uttar Pradesh, 226 017, India",Rajajipuram,Lucknow,Uttar Pradesh,226017,board,ICSE / ISC,Day,Co-ed.,true,26.8379544,80.8765463,,https://locate.cisce.org/,2026-08-25
UP243,St. Joseph Montessori School,"Rajajipuram, Lucknow, Uttar Pradesh, 226 017, India",Rajajipuram,Lucknow,Uttar Pradesh,226017,board,ICSE / ISC,Day,Co-ed.,true,26.8440094,80.8814351,,https://locate.cisce.org/,2026-08-25
UP244,Nurture International School,"Kanpur, Kanpur Nagar, Uttar Pradesh, 208 027, India",Kanpur,Kanpur Nagar,Uttar Pradesh,208027,board,ICSE / ISC,Day,Co-ed.,true,26.4322043,80.3034764,,https://locate.cisce.org/,2026-08-25
UP245,Holy Angels' School,"SHAHJAHANPUR, Shahjahanpur, Uttar Pradesh, 242 001, India",SHAHJAHANPUR,Shahjahanpur,Uttar Pradesh,242001,board,ICSE / ISC,Day,Co-ed.,true,27.9184002,79.9238638,,https://locate.cisce.org/,2026-08-25
UP246,Ethel Higginbottom School,"Naini, Prayagraj, Uttar Pradesh, 211 007, India",Naini,Prayagraj,Uttar Pradesh,211007,board,ICSE / ISC,Day,Co-ed.,true,25.4133138,81.8465279,,https://locate.cisce.org/,2026-08-25
UP247,St. Mary's Convent School,"Agra, Agra, Uttar Pradesh, 282 001, India",Agra,Agra,Uttar Pradesh,282001,board,ICSE / ISC,Day,Co-ed.,true,27.1433717,78.0435622,https://stmarysagra.org,https://locate.cisce.org/,2026-08-25
UP248,Bishop Westcott School,"Kanpur, Kanpur Nagar, Uttar Pradesh, 208 001, India",Kanpur,Kanpur Nagar,Uttar Pradesh,208001,board,ICSE / ISC,Day,Co-ed.,true,26.473542,80.3553279,,https://locate.cisce.org/,2026-08-25
UP249,Christu Jyothi Convent School,"Baraut, Bagpat, Uttar Pradesh, 250 611, India",Baraut,Bagpat,Uttar Pradesh,250611,board,ICSE / ISC,Day,Co-ed.,true,29.0996906,77.261897,https://W.W.W.cjcsbaraut.com,https://locate.cisce.org/,2026-08-25
UP250,Central Academy,"Mau Nath Bhanjan, Mau, Uttar Pradesh, 275102, India",Mau Nath Bhanjan,Mau,Uttar Pradesh,275102,board,ICSE / ISC,Day,Co-ed.,true,25.9463228,83.5610879,,https://locate.cisce.org/,2026-08-25
UP251,Devprayag,"Phaphamau, Prayagraj, Uttar Pradesh, 211 013, India",Phaphamau,Prayagraj,Uttar Pradesh,211013,board,ICSE / ISC,Day/Boarding,Co-ed.,true,25.534773,81.8456593,https://www.devprayagsc.org,https://locate.cisce.org/,2026-08-25
UP252,Sacred Heart Convent School,"Chandausi, Sambhal, Uttar Pradesh, 202 412, India",Chandausi,Sambhal,Uttar Pradesh,202412,board,ICSE / ISC,Day,Co-ed.,true,28.4739786,78.7802054,,https://locate.cisce.org/,2026-08-25
UP253,Lucknow Public School,"Lakhimpur Kheri, Lakhimpur Kheri, Uttar Pradesh, 262 701, India",Lakhimpur Kheri,Lakhimpur Kheri,Uttar Pradesh,262701,board,ICSE / ISC,Day/Boarding,Co-ed.,true,27.9536294,80.7644137,http://lmp.lucknowpublicschoolsandcolleges.com/Home.aspx,https://locate.cisce.org/,2026-08-25
UP254,Carmel School,"Civil Lines, Gorakhpur, Uttar Pradesh, 273 009, India",Civil Lines,Gorakhpur,Uttar Pradesh,273009,board,ICSE / ISC,Day,Girls,true,25.4529334,81.8348882,https://www.carmelschoolgorakhpur.com,https://locate.cisce.org/,2026-08-25
UP255,Stepping Stone Children Academy,"GORAKHPUR, Gorakhpur, Uttar Pradesh, 273 015, India",GORAKHPUR,Gorakhpur,Uttar Pradesh,273015,board,ICSE / ISC,Day,Co-ed.,true,26.7828387,83.3612834,https://www.steppingstone.school,https://locate.cisce.org/,2026-08-25
UP256,Mount Carmel School,"Muradnagar, Ghaziabad, Uttar Pradesh, 201 206, India",Muradnagar,Ghaziabad,Uttar Pradesh,201206,board,ICSE / ISC,Day,Co-ed.,true,28.7718326,77.5074593,https://www.mountcarmelmuradnagar.com,https://locate.cisce.org/,2026-08-25
UP259,De Paul School,"Dataganj Road, Budaun, Uttar Pradesh, 243 601, India",Dataganj Road,Budaun,Uttar Pradesh,243601,board,ICSE / ISC,Day,Co-ed.,true,27.959735,79.7315636,https://www.depaulbadaun.com,https://locate.cisce.org/,2026-08-25
UP260,Shri Jagannath Shah Memorial Public School,"Civil Lines, Unnao, Uttar Pradesh, 209 801, India",Civil Lines,Unnao,Uttar Pradesh,209801,board,ICSE / ISC,Day,Co-ed.,true,26.9298957,81.1830178,,https://locate.cisce.org/,2026-08-25
UP261,The Indian Academy,"KHERI, Lakhimpur Kheri, Uttar Pradesh, 262 902, India",KHERI,Lakhimpur Kheri,Uttar Pradesh,262902,board,ICSE / ISC,Day,Co-ed.,true,28.4313694,80.5795794,,https://locate.cisce.org/,2026-08-25
UP262,John Nave Senior Secondary School,"Lodhipur, Shahjahanpur, Uttar Pradesh, 242 001, India",Lodhipur,Shahjahanpur,Uttar Pradesh,242001,board,ICSE / ISC,Day/Boarding,Co-ed.,true,27.8796125,79.9283647,https://www.facebook.com/johnnaveschool,https://locate.cisce.org/,2026-08-25
UP263,St. Joseph's High School,"Gorakhnath, Gorakhpur, Uttar Pradesh, 273 015, India",Gorakhnath,Gorakhpur,Uttar Pradesh,273015,board,ICSE / ISC,Day,Co-ed.,true,26.7828471,83.3612555,https://www.sjsgorakhnath.org,https://locate.cisce.org/,2026-08-25
UP264,St. Thomas Mission High School,"Jankipuram, Lucknow, Uttar Pradesh, 226 021, India",Jankipuram,Lucknow,Uttar Pradesh,226021,board,ICSE / ISC,Day,Co-ed.,true,26.9113796,80.9460848,https://www.stthomasmissionschool.com,https://locate.cisce.org/,2026-08-25
UP265,Heliger Borden Education Center,"Kanpur Nagar, Kanpur Nagar, Uttar Pradesh, 208 020, India",Kanpur Nagar,Kanpur Nagar,Uttar Pradesh,208020,board,ICSE / ISC,Day,Co-ed.,true,26.4697229,80.2460463,,https://locate.cisce.org/,2026-08-25
UP267,Don Bosco School,"JHANSI, Jhansi, Uttar Pradesh, 284 003, India",JHANSI,Jhansi,Uttar Pradesh,284003,board,ICSE / ISC,Day,Co-ed.,true,25.4236559,78.5333877,https://www.donboscoschooljhansi.org.in,https://locate.cisce.org/,2026-08-25
UP268,St. James School,"RAEBARELI, RaeBareli, Uttar Pradesh, 229 001, India",RAEBARELI,RaeBareli,Uttar Pradesh,229001,board,ICSE / ISC,Day,Co-ed.,true,26.2179304,81.2542341,,https://locate.cisce.org/,2026-08-25
UP269,Christu Jyoti Convent School,"Ghaziabad, Hapur, Uttar Pradesh, 245 205, India",Ghaziabad,Hapur,Uttar Pradesh,245205,board,ICSE / ISC,Day,Co-ed.,true,28.6912087,77.2900787,https://cjcsgarh.com/,https://locate.cisce.org/,2026-08-25
UP270,Little Flower School,"Maharajganj, Maharajganj, Uttar Pradesh, 273 303, India",Maharajganj,Maharajganj,Uttar Pradesh,273303,board,ICSE / ISC,Day,Co-ed.,true,27.1693832,83.5860904,https://littleflowermrj.in,https://locate.cisce.org/,2026-08-25
UP271,St. John's Co. - Ed. School,"ALLAHABAD, Prayagraj, Uttar Pradesh, 221 008, India",ALLAHABAD,Prayagraj,Uttar Pradesh,221008,board,ICSE / ISC,Day/Residential,Co-ed.,true,25.42195,81.9092355,https://www.stjohnscoed.com,https://locate.cisce.org/,2026-08-25
UP273,Ryan International School,"RAEBARELI, RaeBareli, Uttar Pradesh, 229 001, India",RAEBARELI,RaeBareli,Uttar Pradesh,229001,board,ICSE / ISC,Day,Co-ed.,true,26.5253039,81.4957866,,https://locate.cisce.org/,2026-08-25
UP274,H.c.j. Academy,"FAIZABAD, Ayodhya, Uttar Pradesh, 224 001, India",FAIZABAD,Ayodhya,Uttar Pradesh,224001,board,ICSE / ISC,Day,Co-ed.,true,26.7673388,82.2104152,https://www.hcjacdemy.in,https://locate.cisce.org/,2026-08-25
UP275,Mary Jesus Education Center,"Barra - 8, Kanpur Nagar, Uttar Pradesh, 208 027, India",Barra - 8,Kanpur Nagar,Uttar Pradesh,208027,board,ICSE / ISC,Day,Co-ed.,true,26.432465,80.2871828,,https://locate.cisce.org/,2026-08-25
UP276,Barrows' Blue Bells School,"BAHRAICH, Bahraich, Uttar Pradesh, 271 801, India",BAHRAICH,Bahraich,Uttar Pradesh,271801,board,ICSE / ISC,Day,Co-ed.,true,27.5652028,81.596533,,https://locate.cisce.org/,2026-08-25
UP277,Mount Carmel College,"Mahanagar, Lucknow, Uttar Pradesh, 226 006, India",Mahanagar,Lucknow,Uttar Pradesh,226006,board,ICSE / ISC,Day,Girls,true,28.2104058,78.8184432,https://mountcarmelcollegelucknow.org,https://locate.cisce.org/,2026-08-25
UP278,G.K. City Montessori School,"Izatnagar, Bareilly, Uttar Pradesh, 243 122, India",Izatnagar,Bareilly,Uttar Pradesh,243122,board,ICSE / ISC,Day,Co-ed.,true,28.388559,79.4014566,https://www.gkcitymontessorischool.com,https://locate.cisce.org/,2026-08-25
UP279,Fatima School,"GONDA, Gonda, Uttar Pradesh, 271 302, India",GONDA,Gonda,Uttar Pradesh,271302,board,ICSE / ISC,Day,Co-ed.,true,27.0008674,82.3617815,,https://locate.cisce.org/,2026-08-25
UP280,New Public College,"LUCKNOW, Lucknow, Uttar Pradesh, 226 002, India",LUCKNOW,Lucknow,Uttar Pradesh,226002,board,ICSE / ISC,Day,Co-ed.,true,26.7877715,80.9677476,,https://locate.cisce.org/,2026-08-25
UP281,St. Antony's Inter College,"LUCKNOW, Lucknow, Uttar Pradesh, 226 021, India",LUCKNOW,Lucknow,Uttar Pradesh,226021,board,ICSE / ISC,Day,Co-ed.,true,26.9334147,80.9465307,,https://locate.cisce.org/,2026-08-25
UP282,City Model College,"Kanpur, Kanpur Nagar, Uttar Pradesh, 208 020, India",Kanpur,Kanpur Nagar,Uttar Pradesh,208020,board,ICSE / ISC,Day,Co-ed.,true,26.4603453,80.259422,,https://locate.cisce.org/,2026-08-25
UP283,Sarvangin Vikas Public College,"LUCKNOW, Lucknow, Uttar Pradesh, 226 005, India",LUCKNOW,Lucknow,Uttar Pradesh,226005,board,ICSE / ISC,Day,Co-ed.,true,26.7858096,80.9428592,,https://locate.cisce.org/,2026-08-25
UP284,Benhur High School,"ALLAHABAD, Prayagraj, Uttar Pradesh, 211 016, India",ALLAHABAD,Prayagraj,Uttar Pradesh,211016,board,ICSE / ISC,Day/Residential,Co-ed.,true,25.4329927,81.8226134,https://www.benhurhighschoolandcollege.com,https://locate.cisce.org/,2026-08-25
UP285,Gurukul International Academy,"Najibabad, Bijnor, Uttar Pradesh, 246-763, India","Najibabad, Bijnor",Uttar Pradesh,246-763,246763,india_post_directory,ICSE / ISC,Day,Co-ed.,true,29.6417444,78.4000744,https://www.gurukulinternationalacademy.in,https://locate.cisce.org/,2026-08-25
UP286,St. Joseph Inter College,"LUCKNOW, Lucknow, Uttar Pradesh, 226 017, India",LUCKNOW,Lucknow,Uttar Pradesh,226017,board,ICSE / ISC,Day,Co-ed.,true,26.8729449,80.8891787,,https://locate.cisce.org/,2026-08-25
UP287,I. P. E. M. International School,"ALLAHABAD, Prayagraj, Uttar Pradesh, 211 001, India",ALLAHABAD,Prayagraj,Uttar Pradesh,211001,board,ICSE / ISC,Day,Co-ed.,true,25.4481494,81.8344144,http://school.ipem.org,https://locate.cisce.org/,2026-08-25
UP288,St. John's School,"Varanasi, Varanasi, Uttar Pradesh, 221 007, India",Varanasi,Varanasi,Uttar Pradesh,221007,board,ICSE / ISC,Day,Co-ed.,true,25.357334,83.0255974,https://www.stjohnsledhupur.com,https://locate.cisce.org/,2026-08-25
UP289,St. John's School,"CHANDAULI, Chandauli, Uttar Pradesh, 232 104, India",CHANDAULI,Chandauli,Uttar Pradesh,232104,board,ICSE / ISC,Day,Co-ed.,true,25.2675035,83.2211539,https://www.stjohnschandauli.com,https://locate.cisce.org/,2026-08-25
UP290,The Woods Heritage School,"JHANSI, Jhansi, Uttar Pradesh, 284 001, India",JHANSI,Jhansi,Uttar Pradesh,284001,board,ICSE / ISC,Day,Co-ed.,true,25.4467449,78.5675047,,https://locate.cisce.org/,2026-08-25
UP291,Gurucharan Kaur Public School,"SULTANPUR, Sultanpur, Uttar Pradesh, 228 001, India",SULTANPUR,Sultanpur,Uttar Pradesh,228001,board,ICSE,Day,Co-ed.,true,26.265091,82.0803551,,https://locate.cisce.org/,2026-08-25
UP292,St. Joseph Vaz' Vidyaniketan,"Talbehat, Lalitpur, Uttar Pradesh, 284 125, India",Talbehat,Lalitpur,Uttar Pradesh,284125,board,ICSE / ISC,Day,Co-ed.,true,25.0573544,78.409549,https://www.sjvctalbehat.com,https://locate.cisce.org/,2026-08-25
UP293,Immaculate Conception Convent School,"LUCKNOW, Lucknow, Uttar Pradesh, 226 010, India",LUCKNOW,Lucknow,Uttar Pradesh,226010,board,ICSE / ISC,Day,Co-ed.,true,26.8534789,81.0133491,https://www.icchss.org.in,https://locate.cisce.org/,2026-08-25
UP294,New Public School,"LUCKNOW, Lucknow, Uttar Pradesh, 226 017, India",LUCKNOW,Lucknow,Uttar Pradesh,226017,board,ICSE / ISC,Day,Co-ed.,true,26.8288145,80.8792871,,https://locate.cisce.org/,2026-08-25
UP295,B.P.S. Public School,"ETAH, Etah, Uttar Pradesh, 207 001, India",ETAH,Etah,Uttar Pradesh,207001,board,ICSE / ISC,Day,Co-ed.,true,27.5567941,78.6616719,,https://locate.cisce.org/,2026-08-25
UP296,St. Jude's School,"GORAKHPUR, Gorakhpur, Uttar Pradesh, 273 008, India",GORAKHPUR,Gorakhpur,Uttar Pradesh,273008,board,ICSE / ISC,Day,Co-ed.,true,26.7491274,83.4045008,,https://locate.cisce.org/,2026-08-25
UP297,King George Inter College,"BARABANKI, Barabanki, Uttar Pradesh, 225 001, India",BARABANKI,Barabanki,Uttar Pradesh,225001,board,ICSE / ISC,Day,Co-ed.,true,26.9338679,81.1934012,https://www.kgic.co.in,https://locate.cisce.org/,2026-08-25
UP298,Vaibhav Academy,"Indira Nagar, Lucknow, Uttar Pradesh, 226 016, India",Indira Nagar,Lucknow,Uttar Pradesh,226016,board,ICSE,Day,Co-ed.,true,26.8921372,81.0100693,http://vaibhavacademylko.com/,https://locate.cisce.org/,2026-08-25
UP299,South City Public School,"Naubasta, Kanpur Nagar, Uttar Pradesh, 208 021, India",Naubasta,Kanpur Nagar,Uttar Pradesh,208021,board,ICSE / ISC,Day,Co-ed.,true,26.4198998,80.3168435,http://www.scpskanpur.com/,https://locate.cisce.org/,2026-08-25
UP300,Sacred Heart Centenary Academy,"Orai, Jalaun, Uttar Pradesh, 285 001, India",Orai,Jalaun,Uttar Pradesh,285001,board,ICSE / ISC,Day,Co-ed.,true,25.9911382,79.4334902,,https://locate.cisce.org/,2026-08-25
UP301,St. Thomas School,"Khatauli, Muzaffarnagar, Uttar Pradesh, 251 201, India",Khatauli,Muzaffarnagar,Uttar Pradesh,251201,board,ICSE / ISC,Day,Co-ed.,true,29.2812418,77.7317926,"https://www.,stthomaskhatauli.com",https://locate.cisce.org/,2026-08-25
UP302,Radha Krishna Memorial Education Center,"Kanpur, Kanpur Nagar, Uttar Pradesh, 208 022, India",Kanpur,Kanpur Nagar,Uttar Pradesh,208022,board,ICSE / ISC,Day,Co-ed.,true,26.4417204,80.2788555,,https://locate.cisce.org/,2026-08-25
UP303,The Millennium Foundation School,"Varanasi, Varanasi, Uttar Pradesh, 221 001, India",Varanasi,Varanasi,Uttar Pradesh,221001,board,ICSE / ISC,Day,Co-ed.,true,25.3196542,83.0105385,https://www.bbeschool.com,https://locate.cisce.org/,2026-08-25
UP304,Dr. I. D. Rastogi Academy,"LUCKNOW, Lucknow, Uttar Pradesh, 226 021, India",LUCKNOW,Lucknow,Uttar Pradesh,226021,board,ICSE / ISC,Day,Co-ed.,true,26.9250393,80.9509028,,https://locate.cisce.org/,2026-08-25
UP305,St. Lawrence School,"Lalitpur, Lalitpur, Uttar Pradesh, 284 405, India",Lalitpur,Lalitpur,Uttar Pradesh,284405,board,ICSE,Day,Co-ed.,true,24.5831479,78.7277814,https://stlawrencemehroni.org,https://locate.cisce.org/,2026-08-25
UP306,Bhagwanti Education Centre,"Kanpur, Kanpur Nagar, Uttar Pradesh, 208 025, India",Kanpur,Kanpur Nagar,Uttar Pradesh,208025,board,ICSE / ISC,Day,Co-ed.,true,26.4903043,80.2857596,https://www.bhgwantieducationcentre.com,https://locate.cisce.org/,2026-08-25
UP307,Sardar Patel Public School,"Kanpur, Kanpur Nagar, Uttar Pradesh, 208 021, India",Kanpur,Kanpur Nagar,Uttar Pradesh,208021,board,ICSE / ISC,Day,Co-ed.,true,26.3896058,80.3202563,https://www.sardarpatelpublicschool.com,https://locate.cisce.org/,2026-08-25
UP308,Apex Public School,"GORAKHPUR, Gorakhpur, Uttar Pradesh, 273 013, India",GORAKHPUR,Gorakhpur,Uttar Pradesh,273013,board,ICSE / ISC,Day,Co-ed.,true,26.8330111,83.4222623,https://www.apexpublicschoolgorakhpur.com,https://locate.cisce.org/,2026-08-25
UP309,Casterbridge School,"BALLIA, Ballia, Uttar Pradesh, 277 301, India",BALLIA,Ballia,Uttar Pradesh,277301,board,ICSE / ISC,Day,Co-ed.,true,25.7630866,84.14964,https://www.casterbridgeschool.com,https://locate.cisce.org/,2026-08-25
UP310,Exon Montessori School,"Tulsi Das Marg, Lucknow, Uttar Pradesh, 226 003, India",Tulsi Das Marg,Lucknow,Uttar Pradesh,226003,board,ICSE / ISC,Day,Co-ed.,true,26.8499218,80.9001459,,https://locate.cisce.org/,2026-08-25
UP311,Senior's Radiant Academy,"SITAPUR, Sitapur, Uttar Pradesh, 261 401, India",SITAPUR,Sitapur,Uttar Pradesh,261401,board,ICSE / ISC,Day,Co-ed.,true,27.4571946,80.5341216,https://www.seniorsradiantacademy.org,https://locate.cisce.org/,2026-08-25
UP312,Prayag Academy,"Kanpur, Kanpur Nagar, Uttar Pradesh, 208 021, India",Kanpur,Kanpur Nagar,Uttar Pradesh,208021,board,ICSE / ISC,Day,Co-ed.,true,26.4039945,80.3784574,,https://locate.cisce.org/,2026-08-25
UP313,Gurukul Academy,"Lakhimpur Kheri, Uttar Pradesh, 262 902, India",,Lakhimpur Kheri,Uttar Pradesh,262902,board,ICSE / ISC,Day/Residential,Co-ed.,true,28.4313694,80.5795794,https://www.gurukulacademy.co.in,https://locate.cisce.org/,2026-08-25
UP314,K. C. Convent Co - Ed. School,"ALLAHABAD, Prayagraj, Uttar Pradesh, 211 001, India",ALLAHABAD,Prayagraj,Uttar Pradesh,211001,board,ICSE / ISC,Day,Co-ed.,true,25.4981313,81.8541954,,https://locate.cisce.org/,2026-08-25
UP315,Greenfield Academy,"Barabanki, Uttar Pradesh, 225 125, India",,Barabanki,Uttar Pradesh,225125,board,ICSE / ISC,Day,Co-ed.,true,26.9649322,81.1173248,,https://locate.cisce.org/,2026-08-25
UP316,The Presidency Public School,"LUCKNOW, Lucknow, Uttar Pradesh, 226022, India",LUCKNOW,Lucknow,Uttar Pradesh,226022,board,ICSE / ISC,Day,Co-ed.,true,26.8984069,80.9736585,,https://locate.cisce.org/,2026-08-25
UP317,SAI SENIOR SECONDARY SCHOOL,"Rampur, Rampur, Uttar Pradesh, 244901, India",Rampur,Rampur,Uttar Pradesh,244901,board,ICSE / ISC,Day,Co-ed.,true,28.798299,79.0220287,,https://locate.cisce.org/,2026-08-25
UP318,St. Xavier's Convent School,"Lucknow, Lucknow, Uttar Pradesh, 226 010, India",Lucknow,Lucknow,Uttar Pradesh,226010,board,ICSE / ISC,Day,Co-ed.,true,26.8514901,81.0080134,https://www.stxaviersconvent.org,https://locate.cisce.org/,2026-08-25
UP319,St. Angeloes College,"LUCKNOW, Lucknow, Uttar Pradesh, 226 008, India",LUCKNOW,Lucknow,Uttar Pradesh,226008,board,ICSE / ISC,Day,Co-ed.,true,26.7570591,80.8707606,,https://locate.cisce.org/,2026-08-25
UP320,The Shriram Millennium School,"NOIDA, Gautam Buddha Nagar, Uttar Pradesh, 201 309, India",NOIDA,Gautam Buddha Nagar,Uttar Pradesh,201309,board,ICSE / ISC,Day,Co-ed.,true,28.4986092,77.3999054,https://www.tsms.org.in,https://locate.cisce.org/,2026-08-25
UP321,St. Stephen's School,"Ramnagar, Varanasi, Uttar Pradesh, 221 008, India",Ramnagar,Varanasi,Uttar Pradesh,221008,board,ICSE / ISC,Day,Co-ed.,true,25.27646,83.0334524,,https://locate.cisce.org/,2026-08-25
UP322,Vision Global School,"ALIGARH, Aligarh, Uttar Pradesh, 202 150, India",ALIGARH,Aligarh,Uttar Pradesh,202150,board,ICSE / ISC,Day,Co-ed.,true,27.8589518,78.0760167,https://visionglobalschool.in,https://locate.cisce.org/,2026-08-25
UP323,City Montessori School,"Gomti Nagar Extension, Lucknow, Uttar Pradesh, 226 010, India",Gomti Nagar Extension,Lucknow,Uttar Pradesh,226010,board,ICSE / ISC,Day,Co-ed.,true,26.8406787,81.0091817,,https://locate.cisce.org/,2026-08-25
UP324,Silver Grove School,"Varanasi, Varanasi, Uttar Pradesh, 221 106, India",Varanasi,Varanasi,Uttar Pradesh,221106,board,ICSE / ISC,Day,Co-ed.,true,25.316335,82.9730056,https://silvergroveschool.in,https://locate.cisce.org/,2026-08-25
UP325,City Children's Academy,"Chhibramau, Kannauj, Uttar Pradesh, 209 721, India",Chhibramau,Kannauj,Uttar Pradesh,209721,board,ICSE / ISC,Day,Co-ed.,true,27.157644,79.4987705,,https://locate.cisce.org/,2026-08-25
UP326,Global Convent School,"Lakhimpur, Lakhimpur Kheri, Uttar Pradesh, 262 701, India",Lakhimpur,Lakhimpur Kheri,Uttar Pradesh,262701,board,ICSE / ISC,Day,Co-ed.,true,27.9400822,80.7743912,,https://locate.cisce.org/,2026-08-25
UP327,Acme Public School,"Kanpur, Kanpur Nagar, Uttar Pradesh, 208 027, India",Kanpur,Kanpur Nagar,Uttar Pradesh,208027,board,ICSE / ISC,Day,Co-ed.,true,26.418625,80.2959068,,https://locate.cisce.org/,2026-08-25
UP328,Sacred Heart School,"Saharaspali, Ballia, Uttar Pradesh, 277001, India",Saharaspali,Ballia,Uttar Pradesh,277001,board,ICSE / ISC,Day,Co-ed.,true,25.7630865,84.14964,https://www.sacredheartschoolballia.com,https://locate.cisce.org/,2026-08-25
UP329,Littlewood Public School,"Bijnor, Bijnor, Uttar Pradesh, 246722, India",Bijnor,Bijnor,Uttar Pradesh,246722,board,ICSE,Day,Co-ed.,true,29.4010806,78.6739004,,https://locate.cisce.org/,2026-08-25
UP330,Starwards Public School,"Tulsipur, Balrampur, Uttar Pradesh, 271 208, India",Tulsipur,Balrampur,Uttar Pradesh,271208,board,ICSE / ISC,Day/Boarding,Co-ed.,true,27.5355005,82.4217166,https://www.starwardsschool.com,https://locate.cisce.org/,2026-08-25
UP331,Jumna Christian Junior High School,"Allahabad, Prayagraj, Uttar Pradesh, 211003, India",Allahabad,Prayagraj,Uttar Pradesh,211003,board,ICSE / ISC,Day,Co-ed.,true,25.4280751,81.8435426,https://www.jcsald.in,https://locate.cisce.org/,2026-08-25
UP332,B. G. Public School,"Kanpur, Kanpur Nagar, Uttar Pradesh, 208010, India",Kanpur,Kanpur Nagar,Uttar Pradesh,208010,board,ICSE / ISC,Day,Co-ed.,true,26.4192385,80.4113141,,https://locate.cisce.org/,2026-08-25
UP333,Mother Teresa Higher Secondary School,"Kanpur, Kanpur Nagar, Uttar Pradesh, 208014, India",Kanpur,Kanpur Nagar,Uttar Pradesh,208014,board,ICSE / ISC,Day,Co-ed.,true,26.4317102,80.309662,,https://locate.cisce.org/,2026-08-25
UP334,St. Peter's School,"Kiratpur, Bijnor, Uttar Pradesh, 246731, India",Kiratpur,Bijnor,Uttar Pradesh,246731,board,ICSE / ISC,Day,Co-ed.,true,29.4994214,78.2077368,,https://locate.cisce.org/,2026-08-25
UP335,The Indian Heritage School,"Agra, Agra, Uttar Pradesh, 283125, India",Agra,Agra,Uttar Pradesh,283125,board,ICSE / ISC,Day,Co-ed.,true,27.1108521,78.0662636,https://tihsagra.com,https://locate.cisce.org/,2026-08-25
UP336,Karam Devi Memorial Academy World,"Kanpur, Kanpur Nagar, Uttar Pradesh, 208019, India",Kanpur,Kanpur Nagar,Uttar Pradesh,208019,board,ICSE / ISC,Day,Co-ed.,true,26.4840807,80.2758618,https://www.kdmaworld.com,https://locate.cisce.org/,2026-08-25
UP337,RVS International School,"Kewai, Fatehpur, Uttar Pradesh, 212 601, India",Kewai,Fatehpur,Uttar Pradesh,212601,board,ICSE / ISC,Day/Boarding,Co-ed.,true,25.8982399,80.7806545,https://www.rvsis.com,https://locate.cisce.org/,2026-08-25
UP338,S. R. Education Centre,"Kanpur, Kanpur Nagar, Uttar Pradesh, 208 027, India",Kanpur,Kanpur Nagar,Uttar Pradesh,208027,board,ICSE / ISC,Day,Co-ed.,true,26.4316256,80.2983339,,https://locate.cisce.org/,2026-08-25
UP339,Rani Laxmi Bai Memorial School,"LUCKNOW, Lucknow, Uttar Pradesh, 226022, India",LUCKNOW,Lucknow,Uttar Pradesh,226022,board,ICSE / ISC,Day,Co-ed.,true,26.8920983,80.9652614,https://www.rlb6vn.com,https://locate.cisce.org/,2026-08-25
UP340,Rajendra's Nosegay School,"MORADABAD, Moradabad, Uttar Pradesh, 244001, India",MORADABAD,Moradabad,Uttar Pradesh,244001,board,ICSE,Day,Co-ed.,true,28.8633282,78.7499524,,https://locate.cisce.org/,2026-08-25
UP342,Siddhartha Public School,"Lucknow, Lucknow, Uttar Pradesh, 226017, India",Lucknow,Lucknow,Uttar Pradesh,226017,board,ICSE / ISC,Day,Co-ed.,true,26.8984838,80.9675259,,https://locate.cisce.org/,2026-08-25
UP343,Mary Jesus School,"Kanpur, Kanpur Nagar, Uttar Pradesh, 208013, India",Kanpur,Kanpur Nagar,Uttar Pradesh,208013,board,ICSE / ISC,Day,Co-ed.,true,26.4039945,80.3784574,,https://locate.cisce.org/,2026-08-25
UP344,Holy Suffah Public School,"Sambhal, Moradabad, Uttar Pradesh, 244302, India",Sambhal,Moradabad,Uttar Pradesh,244302,board,ICSE / ISC,Day,Co-ed.,true,28.445497,77.900766,"https://www,holysuffahpublicschool.in",https://locate.cisce.org/,2026-08-25
UP345,St. Mary's Convent School,"Mughalsarai, Chandauli, Uttar Pradesh, 232101, India",Mughalsarai,Chandauli,Uttar Pradesh,232101,board,ICSE / ISC,Day,Co-ed.,true,25.2432773,83.1434573,https://www.stmarysmughalsarai.com,https://locate.cisce.org/,2026-08-25
UP346,R.K.P. Yash Public School,"VARANASI, Varanasi, Uttar Pradesh, 221006, India",VARANASI,Varanasi,Uttar Pradesh,221006,board,ICSE,Day/Boarding,Co-ed.,true,25.3715564,83.0252136,https://www.yps.com,https://locate.cisce.org/,2026-08-25
UP347,R. G. Academy,"Kanpur, Kanpur Nagar, Uttar Pradesh, 208007, India",Kanpur,Kanpur Nagar,Uttar Pradesh,208007,board,ICSE / ISC,Day,Co-ed.,true,26.4122197,80.3907561,https:// www.rgacademy.org.in,https://locate.cisce.org/,2026-08-25
UP348,Nurture International School,"ALIGARH, Aligarh, Uttar Pradesh, 202001, India",ALIGARH,Aligarh,Uttar Pradesh,202001,board,ICSE,Day,Co-ed.,true,27.9064995,78.1094576,,https://locate.cisce.org/,2026-08-25
UP350,St. Joseph College,"Lucknow, Lucknow, Uttar Pradesh, 226020, India",Lucknow,Lucknow,Uttar Pradesh,226020,board,ICSE / ISC,Day,Co-ed.,true,26.9020241,80.9346415,https://www.stjosephlucknow.edu.in,https://locate.cisce.org/,2026-08-25
UP351,Krishna Foundation Academy,"Kanpur, Kanpur Nagar, Uttar Pradesh, 208027, India",Kanpur,Kanpur Nagar,Uttar Pradesh,208027,board,ICSE / ISC,Day,Co-ed.,true,26.4112319,80.2945457,,https://locate.cisce.org/,2026-08-25
UP352,Trinity International Public School,"LUCKNOW, Lucknow, Uttar Pradesh, 226002, India",LUCKNOW,Lucknow,Uttar Pradesh,226002,board,ICSE / ISC,Day,Co-ed.,true,26.7931313,80.926595,https://www.trinitypublicschools.com,https://locate.cisce.org/,2026-08-25
UP353,Nation's Pride School,"ALLAHABAD, Prayagraj, Uttar Pradesh, 211012, India",ALLAHABAD,Prayagraj,Uttar Pradesh,211012,board,ICSE / ISC,Day,Co-ed.,true,25.378633,81.7295936,https://npsa.in,https://locate.cisce.org/,2026-08-25
UP354,St. Antony's School,"Ghaziabad, Ghaziabad, Uttar Pradesh, 201309, India",Ghaziabad,Ghaziabad,Uttar Pradesh,201309,board,ICSE / ISC,Day,Co-ed.,true,28.753915,77.3999054,,https://locate.cisce.org/,2026-08-25
UP355,Sughar Singh Academy,"Kanpur Nagar, Kanpur Nagar, Uttar Pradesh, 208013, India",Kanpur Nagar,Kanpur Nagar,Uttar Pradesh,208013,board,ICSE / ISC,Day,Co-ed.,true,26.4333705,80.3442326,https://www.ssashyamnagar.in,https://locate.cisce.org/,2026-08-25
UP356,Spring Dale School,"LUCKNOW, Lucknow, Uttar Pradesh, 226010, India",LUCKNOW,Lucknow,Uttar Pradesh,226010,board,ICSE / ISC,Day,Co-ed.,true,26.8514933,81.0316709,https://www.sdclko.com,https://locate.cisce.org/,2026-08-25
UP357,CREATHICS PUBLIC SCHOOL,"BAREILLY, Bareilly, Uttar Pradesh, 243005, India",BAREILLY,Bareilly,Uttar Pradesh,243005,board,ICSE / ISC,Day,Co-ed.,true,28.374657,79.432846,http://crpsbly.com/,https://locate.cisce.org/,2026-08-25
UP358,Maulana Azad Girls School,"Lucknow, Lucknow, Uttar Pradesh, 227107, India",Lucknow,Lucknow,Uttar Pradesh,227107,board,ICSE / ISC,Day/Boarding,Girls,true,26.8728835,80.8911099,,https://locate.cisce.org/,2026-08-25
UP359,P.D. Nigam Education Center,"Kanpur, Kanpur Nagar, Uttar Pradesh, 208005, India",Kanpur,Kanpur Nagar,Uttar Pradesh,208005,board,ICSE / ISC,Day,Co-ed.,true,26.466055,80.2902531,,https://locate.cisce.org/,2026-08-25
UP360,St. John's School,"Shahganj, Jaunpur, Uttar Pradesh, 223101, India",Shahganj,Jaunpur,Uttar Pradesh,223101,board,ICSE / ISC,Day,Co-ed.,true,26.0267209,82.6955914,,https://locate.cisce.org/,2026-08-25
UP361,Lucknow Model Public Inter College,"Indira Nagar, Lucknow, Uttar Pradesh, 226016, India",Indira Nagar,Lucknow,Uttar Pradesh,226016,board,ICSE / ISC,Day,Co-ed.,true,26.8867433,81.0093796,,https://locate.cisce.org/,2026-08-25
UP362,Sagar Nurture International School,"BARABANKI, Barabanki, Uttar Pradesh, 225001, India",BARABANKI,Barabanki,Uttar Pradesh,225001,board,ICSE / ISC,Day/Boarding,Co-ed.,true,26.9274434,81.2447951,,https://locate.cisce.org/,2026-08-25
UP363,St.mary's Convent School,"HALDAUR, Bijnor, Uttar Pradesh, 246726, India",HALDAUR,Bijnor,Uttar Pradesh,246726,board,ICSE / ISC,Day,Co-ed.,true,29.284866,78.260708,,https://locate.cisce.org/,2026-08-25
UP364,Jesus And Mary Convent School,"Greater Noida, Gautam Buddha Nagar, Uttar Pradesh, 201308, India",Greater Noida,Gautam Buddha Nagar,Uttar Pradesh,201308,board,ICSE / ISC,Day,Co-ed.,true,28.4955889,77.5156476,https://www.jmcschoolgn.edu.in,https://locate.cisce.org/,2026-08-25
UP365,Sun Shine Public School,"Kanpur, Kanpur Nagar, Uttar Pradesh, 208019, India",Kanpur,Kanpur Nagar,Uttar Pradesh,208019,board,ICSE / ISC,Day,Co-ed.,true,26.489998,80.2549403,https://www.sunshine.co.in,https://locate.cisce.org/,2026-08-25
UP366,Enfant India International School,"Akbarpur, Ambedkar Nagar, Uttar Pradesh, 224155, India",Akbarpur,Ambedkar Nagar,Uttar Pradesh,224155,board,ICSE / ISC,Day,Co-ed.,true,26.4269869,82.5331119,https://www.enfantindia.org,https://locate.cisce.org/,2026-08-25
UP367,Blooming Buds Co - Ed. School,"Sambhal, Moradabad, Uttar Pradesh, 244302, India",Sambhal,Moradabad,Uttar Pradesh,244302,board,ICSE,Day/Boarding,Co-ed.,true,28.5838085,78.5715111,https://WWW.BLOOMINGBUDSCOED.COM,https://locate.cisce.org/,2026-08-25
UP368,St. John's Convent School,"Sultanpur, Sultanpur, Uttar Pradesh, 227806, India",Sultanpur,Sultanpur,Uttar Pradesh,227806,board,ICSE,Day,Co-ed.,true,26.4366745,81.8781146,https://www.stjohnsultanpur.com,https://locate.cisce.org/,2026-08-25
UP369,St. Paul's Church College,"Agra, Agra, Uttar Pradesh, 282002, India",Agra,Agra,Uttar Pradesh,282002,board,ICSE / ISC,Day,Co-ed.,true,27.1800191,78.0051839,https://stpaulsccagra.edu.in,https://locate.cisce.org/,2026-08-25
UP370,K. K. Public School,"MORADABAD, Moradabad, Uttar Pradesh, 244001, India",MORADABAD,Moradabad,Uttar Pradesh,244001,board,ICSE / ISC,Day,Co-ed.,true,28.8560654,78.7404361,http://www.kkpublicschool.in/,https://locate.cisce.org/,2026-08-25
UP371,Carver Public School,"Kanpur, Kanpur Nagar, Uttar Pradesh, 208017, India",Kanpur,Kanpur Nagar,Uttar Pradesh,208017,board,ICSE / ISC,Day,Co-ed.,true,26.4869849,80.2469845,http://www.cpskanpur.com,https://locate.cisce.org/,2026-08-25
UP372,City Montessori School,"LUCKNOW, Lucknow, Uttar Pradesh, 226003, India",LUCKNOW,Lucknow,Uttar Pradesh,226003,board,ICSE / ISC,Day,Co-ed.,true,26.8585569,80.8964354,https://www.cmseducation.org,https://locate.cisce.org/,2026-08-25
UP373,St. John's School,"FATEHPUR, Fatehpur, Uttar Pradesh, 212601, India",FATEHPUR,Fatehpur,Uttar Pradesh,212601,board,ICSE / ISC,Day,Co-ed.,true,25.940441,80.7976624,,https://locate.cisce.org/,2026-08-25
UP374,J. K. Millennium School,"AKBARPUR KANPUR, Kanpur Dehat, Uttar Pradesh, 209101, India",AKBARPUR KANPUR,Kanpur Dehat,Uttar Pradesh,209101,board,ICSE / ISC,Day,Co-ed.,true,26.3726809,79.9458326,,https://locate.cisce.org/,2026-08-25
UP375,Seemax International School,"AGRA, Agra, Uttar Pradesh, 282006, India",AGRA,Agra,Uttar Pradesh,282006,board,ICSE / ISC,Day,Co-ed.,true,27.2253541,78.054593,https://www.seemaxschool.com,https://locate.cisce.org/,2026-08-25
UP376,Pragyan Public School,"Gorakhpur, Gorakhpur, Uttar Pradesh, 273004, India",Gorakhpur,Gorakhpur,Uttar Pradesh,273004,board,ICSE / ISC,Day,Co-ed.,true,26.7885805,83.3679199,https://www.ppsgorakhpur.com,https://locate.cisce.org/,2026-08-25
UP377,The Ansy School,"Barabanki, Barabanki, Uttar Pradesh, 225003, India",Barabanki,Barabanki,Uttar Pradesh,225003,board,ICSE / ISC,Day,Co-ed.,true,26.7829014,81.7348755,,https://locate.cisce.org/,2026-08-25
UP378,Christu Jyothi Academy,"Kannauj, Kannauj, Uttar Pradesh, 209727, India",Kannauj,Kannauj,Uttar Pradesh,209727,board,ICSE / ISC,Day,Co-ed.,true,25.52105,81.7711827,https://www.christujyothikannauj.com,https://locate.cisce.org/,2026-08-25
UP379,Cambridge High School,"Kanpur, Kanpur Nagar, Uttar Pradesh, 208001, India",Kanpur,Kanpur Nagar,Uttar Pradesh,208001,board,ICSE / ISC,Day,Co-ed.,true,26.477661,80.3487465,https://www.cambridgehigh.in,https://locate.cisce.org/,2026-08-25
UP380,Gyan Ganga Public School,"Varanasi, Varanasi, Uttar Pradesh, 221003, India",Varanasi,Varanasi,Uttar Pradesh,221003,board,ICSE / ISC,Day,Co-ed.,true,25.3841639,82.9701498,https://www.ggpsvaranasi.com,https://locate.cisce.org/,2026-08-25
UP381,St. Joseph International School,"Lucknow, Lucknow, Uttar Pradesh, 226030, India",Lucknow,Lucknow,Uttar Pradesh,226030,board,ICSE / ISC,Day,Co-ed.,true,26.7891779,80.9993528,https://www.stjosephinternational.org,https://locate.cisce.org/,2026-08-25
UP382,Pioneer Montessori School,"LUCKNOW, Lucknow, Uttar Pradesh, 226021, India",LUCKNOW,Lucknow,Uttar Pradesh,226021,board,ICSE / ISC,Day,Co-ed.,true,27.2191473,80.8494467,https://www.pioneermontessorischool.com,https://locate.cisce.org/,2026-08-25
UP383,Delhi Public International School,"SHIKOHABAD, Firozabad, Uttar Pradesh, 283135, India",SHIKOHABAD,Firozabad,Uttar Pradesh,283135,board,ICSE / ISC,Day/Boarding,Co-ed.,true,27.1079293,78.5804205,,https://locate.cisce.org/,2026-08-25
UP384,St. Teresas Day School,"LUCKNOW, Lucknow, Uttar Pradesh, 226203, India",LUCKNOW,Lucknow,Uttar Pradesh,226203,board,ICSE,Day,Co-ed.,true,26.8466937,80.946166,,https://locate.cisce.org/,2026-08-25
UP385,St. Pushpa Senior Secondary School,"Sukrauli, Kushinagar, Uttar Pradesh, 274 207, India",Sukrauli,Kushinagar,Uttar Pradesh,274207,board,ICSE / ISC,Day,Co-ed.,true,26.9350198,83.6441532,https://www.spshata.org,https://locate.cisce.org/,2026-08-25
UP386,St. George's School Unit II,"AGRA, Agra, Uttar Pradesh, 282002, India",AGRA,Agra,Uttar Pradesh,282002,board,ICSE / ISC,Day,Co-ed.,true,27.191957,78.0038406,,https://locate.cisce.org/,2026-08-25
UP387,St. Patrick's Academy,"MEERUT, Meerut, Uttar Pradesh, 250103, India",MEERUT,Meerut,Uttar Pradesh,250103,board,ICSE / ISC,Day,Co-ed.,true,28.9324863,77.6414099,https://stpatricksacademymeerut.in,https://locate.cisce.org/,2026-08-25
UP388,St. John's High School,"Mughalsarai, Chandauli, Uttar Pradesh, 232101, India",Mughalsarai,Chandauli,Uttar Pradesh,232101,board,ICSE / ISC,Day,Co-ed.,true,25.1240256,83.1783939,,https://locate.cisce.org/,2026-08-25
UP389,National Public School,"PRATAPGARH, Pratapgarh, Uttar Pradesh, 230001, India",PRATAPGARH,Pratapgarh,Uttar Pradesh,230001,board,ICSE / ISC,Day,Co-ed.,true,25.9190928,81.9841261,https://www.newnationalpublicschool.in,https://locate.cisce.org/,2026-08-25
UP390,Lucknow Model Public School,"LUCKNOW, Lucknow, Uttar Pradesh, 226003, India",LUCKNOW,Lucknow,Uttar Pradesh,226003,board,ICSE / ISC,Day,Co-ed.,true,26.8389625,81.0141094,http://www.lmpic.org,https://locate.cisce.org/,2026-08-25
UP391,YASHMAY WORLD SCHOOL,"Gonda, Gonda, Uttar Pradesh, 271001, India",Gonda,Gonda,Uttar Pradesh,271001,board,ICSE / ISC,Day/Boarding,Co-ed.,true,27.2036853,82.1090846,https://www.yashmaypublicschool.com,https://locate.cisce.org/,2026-08-25
UP392,Subhash Smarak Public School,"Kanpur Nagar, Kanpur Nagar, Uttar Pradesh, 208014, India",Kanpur Nagar,Kanpur Nagar,Uttar Pradesh,208014,board,ICSE / ISC,Day,Co-ed.,true,26.4329432,80.3125991,,https://locate.cisce.org/,2026-08-25
UP393,Srinivasa Ramanujan Public School,"Allahabad, Prayagraj, Uttar Pradesh, 211001, India",Allahabad,Prayagraj,Uttar Pradesh,211001,board,ICSE / ISC,Day,Co-ed.,true,25.4512629,81.8329054,https://www.rgei.edu.in,https://locate.cisce.org/,2026-08-25
UP394,T M P S International School,"ALLAHABAD, Prayagraj, Uttar Pradesh, 212502, India",ALLAHABAD,Prayagraj,Uttar Pradesh,212502,board,ICSE / ISC,Day,Co-ed.,true,25.535255,81.828208,https://tmpsinternational.org/,https://locate.cisce.org/,2026-08-25
UP395,All Bright Global School,"Kanpur Nagar, Kanpur Nagar, Uttar Pradesh, 208027, India",Kanpur Nagar,Kanpur Nagar,Uttar Pradesh,208027,board,ICSE / ISC,Day/Boarding,Co-ed.,true,26.418625,80.2959068,,https://locate.cisce.org/,2026-08-25
UP396,Sweet Angels International School,"Kanpur Nagar, Kanpur Nagar, Uttar Pradesh, 208021, India",Kanpur Nagar,Kanpur Nagar,Uttar Pradesh,208021,board,ICSE / ISC,Day,Co-ed.,true,26.3908503,80.3809574,,https://locate.cisce.org/,2026-08-25
UP397,Manav Sthali Public School,"Salempur, Deoria, Uttar Pradesh, 274509, India",Salempur,Deoria,Uttar Pradesh,274509,board,ICSE,Day,Co-ed.,true,26.293915,83.9181704,https://www.ourmps.com,https://locate.cisce.org/,2026-08-25
UP398,M G Convent School,"LUCKNOW, Lucknow, Uttar Pradesh, 226025, India",LUCKNOW,Lucknow,Uttar Pradesh,226025,board,ICSE / ISC,Day,Co-ed.,true,26.7837701,80.9108028,,https://locate.cisce.org/,2026-08-25
UP399,St. John's School,"Firozabad, Firozabad, Uttar Pradesh, 283203, India",Firozabad,Firozabad,Uttar Pradesh,283203,board,ICSE,Day/Boarding,Co-ed.,true,27.1963045,78.3955008,https://stjohnsupsidc.com/,https://locate.cisce.org/,2026-08-25
UP400,Gayatri Vidya Pragya Peeth,"Gorakhpur, Gorakhpur, Uttar Pradesh, 273407, India",Gorakhpur,Gorakhpur,Uttar Pradesh,273407,board,ICSE / ISC,Day/Boarding,Co-ed.,true,26.452249,83.2586294,,https://locate.cisce.org/,2026-08-25
UP401,Infant Public School,"KANPUR DEHAT, Kanpur Dehat, Uttar Pradesh, 209303, India",KANPUR DEHAT,Kanpur Dehat,Uttar Pradesh,209303,board,ICSE / ISC,Day,Co-ed.,true,26.4965392,79.9025851,http://www.infantps.in,https://locate.cisce.org/,2026-08-25
UP402,Kamad Shining Stars Academy Inter College,"Kanpur Nagar, Kanpur Nagar, Uttar Pradesh, 208001, India",Kanpur Nagar,Kanpur Nagar,Uttar Pradesh,208001,board,ICSE / ISC,Day,Co-ed.,true,26.4316256,80.2983339,https://kamadshining.com,https://locate.cisce.org/,2026-08-25
UP403,St. Mary's School,"Afzalgarh, Bijnor, Uttar Pradesh, 246722, India",Afzalgarh,Bijnor,Uttar Pradesh,246722,board,ICSE / ISC,Day,Co-ed.,true,29.4116501,78.6923441,,https://locate.cisce.org/,2026-08-25
UP404,Seth Anandram Jaipuria School,"Lucknow, Lucknow, Uttar Pradesh, 226005, India",Lucknow,Lucknow,Uttar Pradesh,226005,board,ICSE,Day,Co-ed.,true,26.833763,80.8368721,https://www.jaipuriaalambagh.com,https://locate.cisce.org/,2026-08-25
UP405,St. Mary's Convent School,"GHAZIPUR, Ghazipur, Uttar Pradesh, 233001, India",GHAZIPUR,Ghazipur,Uttar Pradesh,233001,board,ICSE / ISC,Day,Co-ed.,true,25.5747801,83.5552016,https://www.smcsghazipur.com,https://locate.cisce.org/,2026-08-25
UP406,St. Francis School,"LUCKNOW, Lucknow, Uttar Pradesh, 226010, India",LUCKNOW,Lucknow,Uttar Pradesh,226010,board,ICSE / ISC,Day,Co-ed.,true,26.8311387,81.0064442,https://www.stfrancislko.org,https://locate.cisce.org/,2026-08-25
UP407,Islamic Mission School,"ALIGARH, Aligarh, Uttar Pradesh, 202001, India",ALIGARH,Aligarh,Uttar Pradesh,202001,board,ICSE / ISC,Day,Co-ed.,true,27.9136235,78.0781903,http://www.islamicmissionschool.org,https://locate.cisce.org/,2026-08-25
UP408,St. Francis School,"Baraut, Bagpat, Uttar Pradesh, 250611, India",Baraut,Bagpat,Uttar Pradesh,250611,board,ICSE / ISC,Day,Co-ed.,true,29.104619,77.2662193,https://www.sfsbaraut.com,https://locate.cisce.org/,2026-08-25
UP409,St Joseph College,"Lucknow, Lucknow, Uttar Pradesh, 226102, India",Lucknow,Lucknow,Uttar Pradesh,226102,board,ICSE / ISC,Day,Co-ed.,true,26.8728835,80.8911099,https://www.stjosephmalihabad.com,https://locate.cisce.org/,2026-08-25
UP410,Shivaji Global Academy,"Kanpur Nagar, Kanpur Nagar, Uttar Pradesh, 209206, India",Kanpur Nagar,Kanpur Nagar,Uttar Pradesh,209206,board,ICSE / ISC,Day,Co-ed.,true,26.1271194,80.2453748,https://www.up410cisce.org,https://locate.cisce.org/,2026-08-25
UP411,Sai International School,"AZAMGARH, Azamgarh, Uttar Pradesh, 276001, India",AZAMGARH,Azamgarh,Uttar Pradesh,276001,board,ICSE / ISC,Day,Co-ed.,true,26.035488,83.1602101,https://www.saiinternationalschoolazamgarh.com,https://locate.cisce.org/,2026-08-25
UP413,D B S Montessori School,"LUCKNOW, Lucknow, Uttar Pradesh, 226028, India",LUCKNOW,Lucknow,Uttar Pradesh,226028,board,ICSE / ISC,Day,Co-ed.,true,26.8892365,80.9674449,https://dbsmontessori.org,https://locate.cisce.org/,2026-08-25
UP415,Scholars Public School,"Dhanapur, Chandauli, Uttar Pradesh, 232105, India",Dhanapur,Chandauli,Uttar Pradesh,232105,board,ICSE / ISC,Day,Co-ed.,true,25.1863804,83.3508868,,https://locate.cisce.org/,2026-08-25
UP416,Kids Delhi Public School,"Kanpur, Kanpur Nagar, Uttar Pradesh, 208011, India",Kanpur,Kanpur Nagar,Uttar Pradesh,208011,board,ICSE / ISC,Day,Co-ed.,true,26.4250885,80.3217503,,https://locate.cisce.org/,2026-08-25
UP417,The Hamilton Academy,"LUCKNOW, Lucknow, Uttar Pradesh, 226011, India",LUCKNOW,Lucknow,Uttar Pradesh,226011,board,ICSE / ISC,Day,Co-ed.,true,26.8121539,80.8707821,https://www.thehamiltonacademy.com,https://locate.cisce.org/,2026-08-25
UP418,Katyayan School,"Kanpur, Kanpur Nagar, Uttar Pradesh, -208020, India","Kanpur, Kanpur Nagar",Uttar Pradesh,-208020,208020,india_post_directory,ICSE / ISC,Day,Co-ed.,true,26.4033483,80.3712752,https://katyayanschool.com,https://locate.cisce.org/,2026-08-25
UP420,Holy Family Convent School,"Sahanpur, Bijnor, Uttar Pradesh, 246749, India",Sahanpur,Bijnor,Uttar Pradesh,246749,board,ICSE / ISC,Day,Co-ed.,true,29.6327042,78.3244788,https://holyfamilyconventschoolnajibabad.in,https://locate.cisce.org/,2026-08-25
UP421,Anurag Public School,"Bhadohi, Bhadohi, Uttar Pradesh, 221402, India",Bhadohi,Bhadohi,Uttar Pradesh,221402,board,ICSE / ISC,Day,Co-ed.,true,25.3961037,82.561629,https://www.anuragpublicschool.com,https://locate.cisce.org/,2026-08-25
UP423,A.M. Oxford Public School,"Allahabad, Prayagraj, Uttar Pradesh, 211016, India",Allahabad,Prayagraj,Uttar Pradesh,211016,board,ICSE / ISC,Day,Co-ed.,true,25.4335015,81.8218864,https://www.amoxford.com,https://locate.cisce.org/,2026-08-25
UP424,Modern Public School,"SULTANPUR, Sultanpur, Uttar Pradesh, 228001, India",SULTANPUR,Sultanpur,Uttar Pradesh,228001,board,ICSE / ISC,Day/Residential,Co-ed.,true,26.2542814,82.0584198,,https://locate.cisce.org/,2026-08-25
UP425,D D E C International School,"Kanpur, Kanpur Nagar, Uttar Pradesh, 209206, India",Kanpur,Kanpur Nagar,Uttar Pradesh,209206,board,ICSE / ISC,Day,Co-ed.,true,26.1476121,80.1707662,https://www.ddckanpur.edu.in,https://locate.cisce.org/,2026-08-25
UP427,Central Academy,"Gorakhpur, Gorakhpur, Uttar Pradesh, 273007, India",Gorakhpur,Gorakhpur,Uttar Pradesh,273007,board,ICSE,Day,Co-ed.,true,26.8074582,83.356231,https://www.centralacademygkp.org,https://locate.cisce.org/,2026-08-25
UP428,Calvary Ideal School,"Basti, Basti, Uttar Pradesh, 272155, India",Basti,Basti,Uttar Pradesh,272155,board,ICSE / ISC,Day,Co-ed.,true,26.7926731,82.4702244,https://www.cicbasti.com,https://locate.cisce.org/,2026-08-25
UP429,C. V. Raman International School,"Kanpur Nagar, Kanpur Nagar, Uttar Pradesh, 208020, India",Kanpur Nagar,Kanpur Nagar,Uttar Pradesh,208020,board,ICSE / ISC,Day,Co-ed.,true,26.4690567,80.2418312,https://www.cvramangroupofschools.com,https://locate.cisce.org/,2026-08-25
UP430,Shri Tirupati Balaji Matri Shri Public Vidyalay,"RANI GANJ PRATAPGARH, Pratapgarh, Uttar Pradesh, 230306, India",RANI GANJ PRATAPGARH,Pratapgarh,Uttar Pradesh,230306,board,ICSE,Day,Co-ed.,true,25.7140234,82.1526707,,https://locate.cisce.org/,2026-08-25
UP431,R K International School,"Meerut Cantt., Meerut, Uttar Pradesh, 250001, India",Meerut Cantt.,Meerut,Uttar Pradesh,250001,board,ICSE / ISC,Day,Co-ed.,true,29.0290709,77.6694815,http://www.rkinternational.org,https://locate.cisce.org/,2026-08-25
UP432,Adam & Eve's School,"MORADABAD, Moradabad, Uttar Pradesh, 244001, India",MORADABAD,Moradabad,Uttar Pradesh,244001,board,ICSE,Day,Co-ed.,true,28.8291582,78.781467,https://www.adameves.in,https://locate.cisce.org/,2026-08-25
UP433,Divyansh International Public School,"Varanasi, Varanasi, Uttar Pradesh, 232101, India",Varanasi,Varanasi,Uttar Pradesh,232101,board,ICSE,Day,Co-ed.,true,25.3550649,82.9599637,https://www.disvaranasi.com,https://locate.cisce.org/,2026-08-25
UP434,Ajay Memorial Public School,"Hamirpur, Hamirpur, Uttar Pradesh, 210502, India",Hamirpur,Hamirpur,Uttar Pradesh,210502,board,ICSE / ISC,Day,Co-ed.,true,25.8242336,80.1457299,,https://locate.cisce.org/,2026-08-25
UP435,Saint Martins Academy,"LUCKNOW, Lucknow, Uttar Pradesh, 226025, India",LUCKNOW,Lucknow,Uttar Pradesh,226025,board,ICSE / ISC,Day,Co-ed.,true,26.3579419,81.1573975,http://www.saintmartinsacademylko.com/,https://locate.cisce.org/,2026-08-25
UP436,Pioneer Montessori School,"LUCKNOW, Lucknow, Uttar Pradesh, 226022, India",LUCKNOW,Lucknow,Uttar Pradesh,226022,board,ICSE / ISC,Day,Co-ed.,true,26.8988003,80.9574023,https://www.pioneermontessori.in,https://locate.cisce.org/,2026-08-25
UP437,Sacred Heart School,"SITAPUR, Sitapur, Uttar Pradesh, 261001, India",SITAPUR,Sitapur,Uttar Pradesh,261001,board,ICSE / ISC,Day,Co-ed.,true,27.5679099,80.7089671,https://www.shsnaipalapur.org,https://locate.cisce.org/,2026-08-25
UP438,Holy Angels School,"Ghaziabad, Ghaziabad, Uttar Pradesh, 201005, India",Ghaziabad,Ghaziabad,Uttar Pradesh,201005,board,ICSE,Day,Co-ed.,true,28.6853753,77.3459863,https://www.holyangelshgrdn.org,https://locate.cisce.org/,2026-08-25
UP439,Sir Syed Public School,"Kanpur, Kanpur Nagar, Uttar Pradesh, 208010, India",Kanpur,Kanpur Nagar,Uttar Pradesh,208010,board,ICSE / ISC,Day,Co-ed.,true,26.4314031,80.3956866,https://www.sirsyed.com,https://locate.cisce.org/,2026-08-25
UP440,St. Joseph's Girls' College,"PRAYAGRAJ, Prayagraj, Uttar Pradesh, 211002, India",PRAYAGRAJ,Prayagraj,Uttar Pradesh,211002,board,ICSE / ISC,Day,Girls,true,25.4761659,81.8502859,https://www.sjcgirlscollege.org,https://locate.cisce.org/,2026-08-25
UP441,Bishop Hartmann Academy,"Allahabad, Prayagraj, Uttar Pradesh, 211013, India",Allahabad,Prayagraj,Uttar Pradesh,211013,board,ICSE / ISC,Day,Co-ed.,true,25.5376866,81.8716058,http://www.bhaprayagraj.org,https://locate.cisce.org/,2026-08-25
UP442,Summerville School,"Lucknow, Lucknow, Uttar Pradesh, 226017, India",Lucknow,Lucknow,Uttar Pradesh,226017,board,ICSE / ISC,Day,Co-ed.,true,26.8358749,80.8868946,https://Summervilleschool.org,https://locate.cisce.org/,2026-08-25
UP443,Green Field Vidyalaya,"SITAPUR, Sitapur, Uttar Pradesh, 261001, India",SITAPUR,Sitapur,Uttar Pradesh,261001,board,ICSE,Day,Boys,true,27.5671153,80.7094033,https://GREENFIELDGROUP.ORG,https://locate.cisce.org/,2026-08-25
UP444,Parma Academy,"Ayodhya, Ayodhya, Uttar Pradesh, 224123, India",Ayodhya,Ayodhya,Uttar Pradesh,224123,board,ICSE / ISC,Day,Co-ed.,true,26.777555,82.2120933,https://www.parmaacdemy.com,https://locate.cisce.org/,2026-08-25
UP445,St. Paul's Academy,"BILASPUR, Rampur, Uttar Pradesh, 244921, India",BILASPUR,Rampur,Uttar Pradesh,244921,board,ICSE / ISC,Day,Co-ed.,true,28.9010961,79.3043021,,https://locate.cisce.org/,2026-08-25
UP446,Sri Sai Inter College,"NAWABGANJ BARABANKI, Barabanki, Uttar Pradesh, 225001, India",NAWABGANJ BARABANKI,Barabanki,Uttar Pradesh,225001,board,ICSE / ISC,Day,Co-ed.,true,26.902761,81.2160809,https://www.srisaiintercollege.com,https://locate.cisce.org/,2026-08-25
UP447,The Base Public School,"GORAKHPUR, Gorakhpur, Uttar Pradesh, 273002, India",GORAKHPUR,Gorakhpur,Uttar Pradesh,273002,board,ICSE / ISC,Day,Co-ed.,true,26.8047327,83.4870246,https://www.thebps.in,https://locate.cisce.org/,2026-08-25
UP448,St. Joseph College,"Lucknow, Lucknow, Uttar Pradesh, 226002, India",Lucknow,Lucknow,Uttar Pradesh,226002,board,ICSE / ISC,Day,Co-ed.,true,26.7843448,80.9264749,https://www.stjosephlucknow.in,https://locate.cisce.org/,2026-08-25
UP449,S. B. M. PUBLIC SCHOOL,"LUCKNOW, Lucknow, Uttar Pradesh, 226028, India",LUCKNOW,Lucknow,Uttar Pradesh,226028,board,ICSE / ISC,Day,Co-ed.,true,26.8974231,81.0044752,https://www.sbmpublicschool.in,https://locate.cisce.org/,2026-08-25
UP450,Dawn Washco School,"MAU, Mau, Uttar Pradesh, 275101, India",MAU,Mau,Uttar Pradesh,275101,board,ICSE / ISC,Day,Co-ed.,true,25.942906,83.469726,https://dwsmau.com/,https://locate.cisce.org/,2026-08-25
UP451,Sarojni Convent School,"LALGANJ, Pratapgarh, Uttar Pradesh, 230132, India",LALGANJ,Pratapgarh,Uttar Pradesh,230132,board,ICSE / ISC,Day,Co-ed.,true,25.9381421,81.6865287,https://sarojniconventschool.org,https://locate.cisce.org/,2026-08-25
UP452,St. Peter's School,"Kiraoli, Agra, Uttar Pradesh, 283101, India",Kiraoli,Agra,Uttar Pradesh,283101,board,ICSE,Day,Co-ed.,true,27.2358501,77.873844,https://www.stpetersschoolkiraoli.edu.in,https://locate.cisce.org/,2026-08-25
UP453,Indra International School,"GONDA, Gonda, Uttar Pradesh, 271001, India",GONDA,Gonda,Uttar Pradesh,271001,board,ICSE / ISC,Day,Co-ed.,true,27.1363003,81.9582548,https://www.indrainternationalschool.com,https://locate.cisce.org/,2026-08-25
UP454,St. Mary's Convent School,"Gulaothi, Bulandshahr, Uttar Pradesh, 203408, India",Gulaothi,Bulandshahr,Uttar Pradesh,203408,board,ICSE / ISC,Day,Co-ed.,true,28.5902291,77.7936081,,https://locate.cisce.org/,2026-08-25
UP455,Sacred Heart Academy,"Lakhimpur, Lakhimpur Kheri, Uttar Pradesh, 261505, India",Lakhimpur,Lakhimpur Kheri,Uttar Pradesh,261505,board,ICSE / ISC,Day,Co-ed.,true,27.7172982,80.3449831,http://sacredheartmaigalganj.com,https://locate.cisce.org/,2026-08-25
UP456,Harihar Singh International School,"Jaunpur, Jaunpur, Uttar Pradesh, 222202, India",Jaunpur,Jaunpur,Uttar Pradesh,222202,board,ICSE / ISC,Day,Co-ed.,true,25.7263176,82.6836516,https://www.hsisjaunpur.in,https://locate.cisce.org/,2026-08-25
UP457,Sardar Patel Public School,"Kanpur Nagar, Kanpur Nagar, Uttar Pradesh, 208027, India",Kanpur Nagar,Kanpur Nagar,Uttar Pradesh,208027,board,ICSE / ISC,Day,Co-ed.,true,26.4284162,80.3181557,https://www.sardarpatelpublicschool.com,https://locate.cisce.org/,2026-08-25
UP458,K M R International School,"GORAKHPUR, Gorakhpur, Uttar Pradesh, 273413, India",GORAKHPUR,Gorakhpur,Uttar Pradesh,273413,board,ICSE,Day,Co-ed.,true,26.7605545,83.3731675,http://www.kmrinternationalschool.com/,https://locate.cisce.org/,2026-08-25
UP459,Vijay Shree Gyansthali,"DEORIA, Deoria, Uttar Pradesh, 274001, India",DEORIA,Deoria,Uttar Pradesh,274001,board,ICSE / ISC,Day,Co-ed.,true,26.506662,83.790375,https://www.vijayshreegyansthali.in,https://locate.cisce.org/,2026-08-25
UP460,R. D. S. Memorial Public School,"BANGARMAU, Unnao, Uttar Pradesh, 209868, India",BANGARMAU,Unnao,Uttar Pradesh,209868,board,ICSE / ISC,Day,Co-ed.,true,26.8917079,80.2126756,https://www.rdsgroupofschools.org,https://locate.cisce.org/,2026-08-25
UP461,R R B Convent School,"PRAYAGRAJ, Prayagraj, Uttar Pradesh, 211008, India",PRAYAGRAJ,Prayagraj,Uttar Pradesh,211008,board,ICSE / ISC,Day,Co-ed.,true,25.3867731,81.8812926,,https://locate.cisce.org/,2026-08-25
UP462,St John's School,"Bhadohi, Bhadohi, Uttar Pradesh, 221401, India",Bhadohi,Bhadohi,Uttar Pradesh,221401,board,ICSE,Day,Co-ed.,true,25.341317,82.565367,,https://locate.cisce.org/,2026-08-25
UP463,M. D. M. Academy,"LUCKNOW, Lucknow, Uttar Pradesh, 226021, India",LUCKNOW,Lucknow,Uttar Pradesh,226021,board,ICSE / ISC,Day,Co-ed.,true,26.9192023,80.9578057,,https://locate.cisce.org/,2026-08-25
UP464,S R INTERNATIONAL SCHOOL AND SPORTS ACADEMY,"LUCKNOW, Lucknow, Uttar Pradesh, 226201, India",LUCKNOW,Lucknow,Uttar Pradesh,226201,board,ICSE / ISC,Day,Co-ed.,true,27.0042822,80.9175112,https://WWW.SRISA.IN,https://locate.cisce.org/,2026-08-25
UP465,St. Andrews World School,"Ghaziabad, Ghaziabad, Uttar Pradesh, 201014, India",Ghaziabad,Ghaziabad,Uttar Pradesh,201014,board,ICSE / ISC,Day,Co-ed.,true,28.6486423,77.3738058,https://standrewsworldschool.com,https://locate.cisce.org/,2026-08-25
UP466,Leo Convent School,"Raebareli, RaeBareli, Uttar Pradesh, 229402, India",Raebareli,RaeBareli,Uttar Pradesh,229402,board,ICSE / ISC,Day,Co-ed.,true,26.1356404,81.2276071,https://leoconventraebareli.com,https://locate.cisce.org/,2026-08-25
UP467,Goswami Moms Pride School,"PILIBHIT, Pilibhit, Uttar Pradesh, 262001, India",PILIBHIT,Pilibhit,Uttar Pradesh,262001,board,ICSE / ISC,Day,Co-ed.,true,28.566063,79.8074294,http://www.goswamischool.com,https://locate.cisce.org/,2026-08-25
UP468,Gandhi Nagar Public School,"MORADABAD, Moradabad, Uttar Pradesh, 244001, India",MORADABAD,Moradabad,Uttar Pradesh,244001,board,ICSE / ISC,Day,Co-ed.,true,28.5848929,78.7632061,,https://locate.cisce.org/,2026-08-25
UP469,De Paul School,"Budaun, Budaun, Uttar Pradesh, 243720, India",Budaun,Budaun,Uttar Pradesh,243720,board,ICSE,Day,Co-ed.,true,28.3032961,78.9391626,https://www.depaulbisauli.com,https://locate.cisce.org/,2026-08-25
UP470,A. L. S. Academy,"LUCKNOW, Lucknow, Uttar Pradesh, 206002, India",LUCKNOW,Lucknow,Uttar Pradesh,206002,board,ICSE / ISC,Day,Co-ed.,true,26.7633269,80.9603172,,https://locate.cisce.org/,2026-08-25
UP471,Kingson English Medium Junior High School,"KARWI, Chitrakoot, Uttar Pradesh, 210205, India",KARWI,Chitrakoot,Uttar Pradesh,210205,board,ICSE,Day,Co-ed.,true,25.2157049,80.9212199,https://www.kingsonenglishschool.com,https://locate.cisce.org/,2026-08-25
UP472,St. John Paul's School,"AGRA, Agra, Uttar Pradesh, 283111, India",AGRA,Agra,Uttar Pradesh,283111,board,ICSE / ISC,Day,Co-ed.,true,27.050216,78.2960172,https://sjpsfatehabad.org,https://locate.cisce.org/,2026-08-25
UP473,St. Thomas School,"AGRA, Agra, Uttar Pradesh, 283105, India",AGRA,Agra,Uttar Pradesh,283105,board,ICSE / ISC,Day,Co-ed.,true,27.1732257,77.8961279,https://www.stthomasschoolagra.in,https://locate.cisce.org/,2026-08-25
UP474,Little Flower School,"BASTI, Basti, Uttar Pradesh, 272301, India",BASTI,Basti,Uttar Pradesh,272301,board,ICSE,Day,Co-ed.,true,26.6325758,82.6837827,https://www.lfskalwari.com,https://locate.cisce.org/,2026-08-25
UP475,Little Flower School,"AYODHYA, Ayodhya, Uttar Pradesh, 224202, India",AYODHYA,Ayodhya,Uttar Pradesh,224202,board,ICSE / ISC,Day,Co-ed.,true,26.6592905,82.1377224,https://www.lfsfaizabad.com,https://locate.cisce.org/,2026-08-25
UP476,Evergreen Public School,"LUCKNOW, Lucknow, Uttar Pradesh, 226028, India",LUCKNOW,Lucknow,Uttar Pradesh,226028,board,ICSE / ISC,Day,Co-ed.,true,26.8808914,81.039635,https://www.epslucknow.com,https://locate.cisce.org/,2026-08-25
UP477,Delhi Public School,"Bhadohi, Bhadohi, Uttar Pradesh, 221303, India",Bhadohi,Bhadohi,Uttar Pradesh,221303,board,ICSE / ISC,Day,Co-ed.,true,25.3477061,82.4942972,https://www.dpss.in,https://locate.cisce.org/,2026-08-25
UP478,Little Mount Public School,"GORAKHPUR, Gorakhpur, Uttar Pradesh, 273152, India",GORAKHPUR,Gorakhpur,Uttar Pradesh,273152,board,ICSE,Day,Co-ed.,true,26.8248749,83.4634489,,https://locate.cisce.org/,2026-08-25
UP479,Krishna Public School,"LUCKNOW, Lucknow, Uttar Pradesh, 226002, India",LUCKNOW,Lucknow,Uttar Pradesh,226002,board,ICSE / ISC,Day,Co-ed.,true,26.7395305,80.9027011,,https://locate.cisce.org/,2026-08-25
UP480,S L Academy,"Varanasi, Varanasi, Uttar Pradesh, 221101, India",Varanasi,Varanasi,Uttar Pradesh,221101,board,ICSE,Day,Co-ed.,true,25.5340324,83.0606042,,https://locate.cisce.org/,2026-08-25
UP481,Durgawati International School,"PRAYAGRAJ, Prayagraj, Uttar Pradesh, 212305, India",PRAYAGRAJ,Prayagraj,Uttar Pradesh,212305,board,ICSE,Day,Co-ed.,true,25.20374,82.088222,https://durgawatischool.com/,https://locate.cisce.org/,2026-08-25
UP482,Lord Krishna International Academy,"SAHARANPUR, Saharanpur, Uttar Pradesh, 244679, India",SAHARANPUR,Saharanpur,Uttar Pradesh,244679,board,ICSE / ISC,Day,Co-ed.,true,29.9742331,77.6598436,,https://locate.cisce.org/,2026-08-25
UP483,Brains Academy,"LUCKNOW, Lucknow, Uttar Pradesh, 226003, India",LUCKNOW,Lucknow,Uttar Pradesh,226003,board,ICSE,Day,Co-ed.,true,26.8984838,80.9675259,,https://locate.cisce.org/,2026-08-25
UP484,Global Nav Jeewan School,"Ghaziabad, Ghaziabad, Uttar Pradesh, 201102, India",Ghaziabad,Ghaziabad,Uttar Pradesh,201102,board,ICSE / ISC,Day,Co-ed.,true,28.7421635,77.2706959,https://www.globalnavjeewan.com,https://locate.cisce.org/,2026-08-25
UP485,Doaba Convent School,"BAREILLY, Bareilly, Uttar Pradesh, 243122, India",BAREILLY,Bareilly,Uttar Pradesh,243122,board,ICSE / ISC,Day,Co-ed.,true,28.4110145,79.4696451,https://www.dcsbly.in,https://locate.cisce.org/,2026-08-25
UP486,St. Mary's Day Inter College,"Lucknow, Lucknow, Uttar Pradesh, 226029, India",Lucknow,Lucknow,Uttar Pradesh,226029,board,ICSE / ISC,Day,Co-ed.,true,26.7529684,80.9691298,https://www.smcvrindavan.com,https://locate.cisce.org/,2026-08-25
UP487,St. Monica's School,"LUCKNOW, Lucknow, Uttar Pradesh, 226026, India",LUCKNOW,Lucknow,Uttar Pradesh,226026,board,ICSE / ISC,Day,Co-ed.,true,26.9581503,80.9989084,http://www.stmonicaschool.co.in/,https://locate.cisce.org/,2026-08-25
UP488,City Montessori School,"LUCKNOW, Lucknow, Uttar Pradesh, 226028, India",LUCKNOW,Lucknow,Uttar Pradesh,226028,board,ICSE,Day,Co-ed.,true,26.8728926,80.9917112,https://www.cmseducation.org,https://locate.cisce.org/,2026-08-25
UP489,City Montessori School,"Lucknow, Lucknow, Uttar Pradesh, 226030, India",Lucknow,Lucknow,Uttar Pradesh,226030,board,ICSE / ISC,Day,Co-ed.,true,26.7904988,80.9952612,http://www.cmseducation.org/golfcity/index.aspx,https://locate.cisce.org/,2026-08-25
UP490,Vimla International School,"TAHSIL-DOMARIYA GANJ, Siddharthnagar, Uttar Pradesh, 272195, India",TAHSIL-DOMARIYA GANJ,Siddharthnagar,Uttar Pradesh,272195,board,ICSE / ISC,Day,Co-ed.,true,27.1436983,82.5280537,https://viseducation.org.in/,https://locate.cisce.org/,2026-08-25
UP491,St. Joseph's School,"BIJNOR, Bijnor, Uttar Pradesh, 246701, India",BIJNOR,Bijnor,Uttar Pradesh,246701,board,ICSE,Day,Co-ed.,true,29.422805,78.089154,,https://locate.cisce.org/,2026-08-25
UP492,Little Flower School,"IKAUNA, Shravasti, Uttar Pradesh, 271805, India",IKAUNA,Shravasti,Uttar Pradesh,271805,board,ICSE,Day,Co-ed.,true,27.5106911,82.0107395,http://lfsshravasti.in/,https://locate.cisce.org/,2026-08-25
UP493,Ram Lakhan Bhatt Public School,"Kanpur, Kanpur Nagar, Uttar Pradesh, 208017, India",Kanpur,Kanpur Nagar,Uttar Pradesh,208017,board,ICSE,Day,Co-ed.,true,26.4960136,80.2520423,https://rlbgi.com,https://locate.cisce.org/,2026-08-25
UP494,Devas Public School,"AYODHYA, Ayodhya, Uttar Pradesh, 224208, India",AYODHYA,Ayodhya,Uttar Pradesh,224208,board,ICSE,Day,Co-ed.,true,26.8088646,81.7923718,https://devaspublicschool.co.in/,https://locate.cisce.org/,2026-08-25
UP495,The Vishramum School,"BARGADI MANGATH, Lucknow, Uttar Pradesh, 226201, India",BARGADI MANGATH,Lucknow,Uttar Pradesh,226201,board,ICSE / ISC,Day,Co-ed.,true,26.9842109,80.9251042,https://www.thevishramumschool.in,https://locate.cisce.org/,2026-08-25
UP496,Green Crescent Public School,"ALIGARH, Aligarh, Uttar Pradesh, 202001, India",ALIGARH,Aligarh,Uttar Pradesh,202001,board,ICSE / ISC,Day,Co-ed.,true,27.8974327,78.0880666,https://gcpsaligarh.com/,https://locate.cisce.org/,2026-08-25
UP497,Mother Teresa Mission Higher Secondary School,"Kanpur, Kanpur Nagar, Uttar Pradesh, 208013, India",Kanpur,Kanpur Nagar,Uttar Pradesh,208013,board,ICSE / ISC,Day,Co-ed.,true,26.4013947,80.3646682,https://mtmhss.edu.in,https://locate.cisce.org/,2026-08-25
UP498,New Vision School,"Lucknow, Lucknow, Uttar Pradesh, 226031, India",Lucknow,Lucknow,Uttar Pradesh,226031,board,ICSE,Day,Co-ed.,true,26.938595,80.9408179,,https://locate.cisce.org/,2026-08-25
UP499,Vidya Valley,"PRAYAGRAJ, Prayagraj, Uttar Pradesh, 211011, India",PRAYAGRAJ,Prayagraj,Uttar Pradesh,211011,board,ICSE,Day,Co-ed.,true,25.4427208,81.7822942,http://www.vidyavalleyschool.com/,https://locate.cisce.org/,2026-08-25
UP500,Saint Mira Academy,"Moradabad, Moradabad, Uttar Pradesh, 244001, India",Moradabad,Moradabad,Uttar Pradesh,244001,board,ICSE,Day,Co-ed.,true,28.8383574,78.750244,,https://locate.cisce.org/,2026-08-25
UP501,ALFA CONVENT SCHOOL,"SALON, RaeBareli, Uttar Pradesh, 229127, India",SALON,RaeBareli,Uttar Pradesh,229127,board,ICSE / ISC,Day,Co-ed.,true,26.0305661,81.455364,https://alfaconventschool.com,https://locate.cisce.org/,2026-08-25
UP502,Kamla Memorial International School,"Kanpur, Kanpur Nagar, Uttar Pradesh, 209210, India",Kanpur,Kanpur Nagar,Uttar Pradesh,209210,board,ICSE,Day/Boarding,Co-ed.,true,26.449625,80.301578,,https://locate.cisce.org/,2026-08-25
UP503,Sunbeam Public School,"FATEHGARH, Farrukhabad, Uttar Pradesh, 209601, India",FATEHGARH,Farrukhabad,Uttar Pradesh,209601,board,ICSE,Day,Co-ed.,true,27.3592997,79.6295384,,https://locate.cisce.org/,2026-08-25
UP504,Hera Public School,"AZAMGARH, Azamgarh, Uttar Pradesh, 223222, India",AZAMGARH,Azamgarh,Uttar Pradesh,223222,board,ICSE,Day/Boarding,Co-ed.,true,26.0828791,82.8218103,https://herapublicschool.org,https://locate.cisce.org/,2026-08-25
UP505,Seth M. R. Jaipuria School,"LUCKNOW, Lucknow, Uttar Pradesh, 226002, India",LUCKNOW,Lucknow,Uttar Pradesh,226002,board,ICSE,Day,Co-ed.,true,26.7904988,80.9952612,https://www.jaipuriaschoolshaheedpathlko.in/,https://locate.cisce.org/,2026-08-25
UP506,T D L International Academy,"LUCKNOW, Lucknow, Uttar Pradesh, 226501, India",LUCKNOW,Lucknow,Uttar Pradesh,226501,board,ICSE,Day,Co-ed.,true,26.7735502,81.0762849,,https://locate.cisce.org/,2026-08-25
UP507,Global School Of Science,"BAH, Agra, Uttar Pradesh, 283104, India",BAH,Agra,Uttar Pradesh,283104,board,ICSE,Day,Co-ed.,true,26.8804429,78.6018474,https://www.osir.org.in,https://locate.cisce.org/,2026-08-25
UP508,Samta Public School,"GHAZIPUR, Ghazipur, Uttar Pradesh, 232332, India",GHAZIPUR,Ghazipur,Uttar Pradesh,232332,board,ICSE,Day,Co-ed.,true,25.5725755,83.6015271,https://spsgzp.co.in/,https://locate.cisce.org/,2026-08-25
UP509,K E C International School,"Kanpur Nagar, Kanpur Nagar, Uttar Pradesh, 208021, India",Kanpur Nagar,Kanpur Nagar,Uttar Pradesh,208021,board,ICSE,Day,Co-ed.,true,26.4110492,80.2836996,,https://locate.cisce.org/,2026-08-25
UP510,Stella Maris Inter College,"AGRA, Agra, Uttar Pradesh, 283105, India",AGRA,Agra,Uttar Pradesh,283105,board,ICSE,Day,Co-ed.,true,27.1651041,77.9333451,,https://locate.cisce.org/,2026-08-25
UP511,Sant Sewak Public School,"Kanpur Nagar, Kanpur Nagar, Uttar Pradesh, 208011, India",Kanpur Nagar,Kanpur Nagar,Uttar Pradesh,208011,board,ICSE,Day,Co-ed.,true,26.4046654,80.3532057,,https://locate.cisce.org/,2026-08-25
UP512,Little Flower School,"GORAKHPUR, Gorakhpur, Uttar Pradesh, 273013, India",GORAKHPUR,Gorakhpur,Uttar Pradesh,273013,board,ICSE,Day,Co-ed.,true,26.8471328,83.4201707,,https://locate.cisce.org/,2026-08-25
UP513,Dr. Kiran Saujiya Icse School,"MAINPURI, Mainpuri, Uttar Pradesh, 205001, India",MAINPURI,Mainpuri,Uttar Pradesh,205001,board,ICSE,Day,Co-ed.,true,27.249963,79.0428931,,https://locate.cisce.org/,2026-08-25
UP514,Lotus World Public School,"Lucknow, Lucknow, Uttar Pradesh, 226030, India",Lucknow,Lucknow,Uttar Pradesh,226030,board,ICSE,Day,Co-ed.,true,26.5253039,81.4957866,https://lotusworld.in,https://locate.cisce.org/,2026-08-25
UP515,Rohilkhand Public School,"BIJNOR, Bijnor, Uttar Pradesh, 246701, India",BIJNOR,Bijnor,Uttar Pradesh,246701,board,ICSE,Day,Co-ed.,true,29.36811,78.1393442,,https://locate.cisce.org/,2026-08-25
UP516,Shivrama International School,"RaeBareli, RaeBareli, Uttar Pradesh, 229211, India",RaeBareli,RaeBareli,Uttar Pradesh,229211,board,ICSE,Day,Co-ed.,true,26.2524304,80.8709872,,https://locate.cisce.org/,2026-08-25
UP517,Bal Mukund Tiwari Vidya Niketan Education Centre,"Kanpur, Kanpur Nagar, Uttar Pradesh, 209402, India",Kanpur,Kanpur Nagar,Uttar Pradesh,209402,board,ICSE,Day,Co-ed.,true,26.235697,80.4319816,,https://locate.cisce.org/,2026-08-25
UP518,Skyline International School,"Renukoot, Sonbhadra, Uttar Pradesh, 231217, India",Renukoot,Sonbhadra,Uttar Pradesh,231217,board,ICSE,Day,Co-ed.,true,24.2285623,83.0459302,http://skylineinetrnationalschool.com/,https://locate.cisce.org/,2026-08-25
UP519,Modern Academy,"LUCKNOW, Lucknow, Uttar Pradesh, 226010, India",LUCKNOW,Lucknow,Uttar Pradesh,226010,board,ICSE,Day,Co-ed.,true,26.8537246,81.0057537,https://modernacademyschool.in/,https://locate.cisce.org/,2026-08-25
UP520,Maharshi Sandipni Public School,"Varanasi, Varanasi, Uttar Pradesh, 221405, India",Varanasi,Varanasi,Uttar Pradesh,221405,board,ICSE,Day,Co-ed.,true,25.3202267,82.8243412,,https://locate.cisce.org/,2026-08-25
UP521,Children Public School,"FATEHPUR, Fatehpur, Uttar Pradesh, 206124, India",FATEHPUR,Fatehpur,Uttar Pradesh,206124,board,ICSE,Day,Co-ed.,true,26.1056656,80.472642,https://www.cpsbakewar.edu.in,https://locate.cisce.org/,2026-08-25
UP522,Paritosh International School,"Kanpur Nagar, Kanpur Nagar, Uttar Pradesh, 208021, India",Kanpur Nagar,Kanpur Nagar,Uttar Pradesh,208021,board,ICSE,Day,Co-ed.,true,26.3986489,80.3018308,,https://locate.cisce.org/,2026-08-25
UP523,Uttam Public School,"Kanpur Nagar, Kanpur Nagar, Uttar Pradesh, 208021, India",Kanpur Nagar,Kanpur Nagar,Uttar Pradesh,208021,board,ICSE,Day,Co-ed.,true,26.4054973,80.3043252,,https://locate.cisce.org/,2026-08-25
UP524,Loyal Wonder School,"Jaunpur, Jaunpur, Uttar Pradesh, 222143, India",Jaunpur,Jaunpur,Uttar Pradesh,222143,board,ICSE,Day,Co-ed.,true,25.686025,82.4103972,,https://locate.cisce.org/,2026-08-25
UP525,H. P. S. N. Education Centre,"Kanpur, Kanpur Nagar, Uttar Pradesh, 208022, India",Kanpur,Kanpur Nagar,Uttar Pradesh,208022,board,ICSE,Day,Co-ed.,true,26.4388729,80.2762564,,https://locate.cisce.org/,2026-08-25
UP526,S P G Academy,"Lucknow, Lucknow, Uttar Pradesh, 226021, India",Lucknow,Lucknow,Uttar Pradesh,226021,board,ICSE,Day,Co-ed.,true,26.9336692,80.9447837,,https://locate.cisce.org/,2026-08-25
UP527,Ch. Tr. Memorial Public School,"HASANPUR, Amroha, Uttar Pradesh, 244241, India",HASANPUR,Amroha,Uttar Pradesh,244241,board,ICSE,Day/Boarding,Co-ed.,true,28.6738349,78.1401334,https://www.chtrmemorialpublicschool.edu.in,https://locate.cisce.org/,2026-08-25
UP528,St. Xavier's School,"PRATAPGARH, Pratapgarh, Uttar Pradesh, 230204, India",PRATAPGARH,Pratapgarh,Uttar Pradesh,230204,board,ICSE,Day/Boarding,Co-ed.,true,25.7374153,81.49723,,https://locate.cisce.org/,2026-08-25
UP529,World Of Women Education,"PRATAPGARH, Pratapgarh, Uttar Pradesh, 230502, India",PRATAPGARH,Pratapgarh,Uttar Pradesh,230502,board,ICSE,Day,Girls,true,26.1370259,81.8875712,https://www.wowedu.org,https://locate.cisce.org/,2026-08-25
UP530,Sanskar Public School,"LUCKNOW, Lucknow, Uttar Pradesh, 226016, India",LUCKNOW,Lucknow,Uttar Pradesh,226016,board,ICSE,Day,Co-ed.,true,26.8827886,80.9794231,http://spslucknow.com/,https://locate.cisce.org/,2026-08-25
UP531,Socratic School Of India,"Shamli, Shamli, Uttar Pradesh, 247776, India",Shamli,Shamli,Uttar Pradesh,247776,board,ICSE,Day,Co-ed.,true,28.6306436,77.2715211,,https://locate.cisce.org/,2026-08-25
UP532,Don Bosco School,"LAKHIMPUR-KHERI, Lakhimpur Kheri, Uttar Pradesh, 262803, India",LAKHIMPUR-KHERI,Lakhimpur Kheri,Uttar Pradesh,262803,board,ICSE,Day,Co-ed.,true,28.2870712,80.3463754,https://www.donboscoschoolmailani.in,https://locate.cisce.org/,2026-08-25
UP533,EMMANUEL CHURCH SCHOOL,"UTRAULA, Balrampur, Uttar Pradesh, 271604, India",UTRAULA,Balrampur,Uttar Pradesh,271604,board,ICSE,Day,Co-ed.,true,27.3197668,82.3983675,,https://locate.cisce.org/,2026-08-25
UP534,St. Francis School,"Bilaspur, Rampur, Uttar Pradesh, 244921, India",Bilaspur,Rampur,Uttar Pradesh,244921,board,ICSE,Day,Co-ed.,true,28.8641774,79.2028155,,https://locate.cisce.org/,2026-08-25
UP535,St. Peters Inter College,"AGRA, Agra, Uttar Pradesh, 282009, India",AGRA,Agra,Uttar Pradesh,282009,board,ICSE,Day,Co-ed.,false,27.1080934,77.9973179,https://WWW.STPETERSROHTA.ORG,https://locate.cisce.org/,2026-08-25
UP536,J. R. Educational Academy,"Barabanki, Barabanki, Uttar Pradesh, 225001, India",Barabanki,Barabanki,Uttar Pradesh,225001,board,ICSE,Day,Co-ed.,false,26.9262938,81.2071277,https://jracademybarabanki.in/index,https://locate.cisce.org/,2026-08-25
UP537,Baby Land Children School,"KADIPUR SULTANPUR, Sultanpur, Uttar Pradesh, 228145, India",KADIPUR SULTANPUR,Sultanpur,Uttar Pradesh,228145,board,ICSE,Day/Boarding,Co-ed.,false,26.1425253,82.3790892,https://www.blcs.com,https://locate.cisce.org/,2026-08-25
UP538,Vardan Academy,"LUCKNOW, Lucknow, Uttar Pradesh, 226203, India",LUCKNOW,Lucknow,Uttar Pradesh,226203,board,ICSE,Day,Co-ed.,false,27.1120417,80.9163057,https://www.vardanacademy.com,https://locate.cisce.org/,2026-08-25
UP539,Holy Path Convent School,"BALLIA, Ballia, Uttar Pradesh, 277503, India",BALLIA,Ballia,Uttar Pradesh,277503,board,ICSE,Day,Co-ed.,false,25.7834819,84.0322165,http://www.holypath.iteducation.in/,https://locate.cisce.org/,2026-08-25
UP540,Ratan International School,"BULANDSHAHR, Bulandshahr, Uttar Pradesh, 203001, India",BULANDSHAHR,Bulandshahr,Uttar Pradesh,203001,board,ICSE,Day,Co-ed.,false,29.0092609,77.7528172,,https://locate.cisce.org/,2026-08-25
UP541,Virendra Swaroop Bhatnagar Modern Academy,"Sikandrabad, Bulandshahr, Uttar Pradesh, 203205, India",Sikandrabad,Bulandshahr,Uttar Pradesh,203205,board,ICSE,Day,Co-ed.,false,28.4541066,77.7002566,https://vsbma.in/,https://locate.cisce.org/,2026-08-25
UT001,Col. Brown Cambridge School,"Dehra Dun, Dehradun, Uttarakhand, 248 001, India",Dehra Dun,Dehradun,Uttarakhand,248001,board,ICSE / ISC,Residential,Boys,true,30.3218722,78.0584175,https://www.colbrownschool.com,https://locate.cisce.org/,2026-08-25
UT002,Cambrian Hall,"Dehra Dun Cantt., Dehradun, Uttarakhand, 248 003, India",Dehra Dun Cantt.,Dehradun,Uttarakhand,248003,board,ICSE / ISC,Day/Residential,Co-ed.,true,30.3413202,78.0325594,https://www.cambrianhall.in,https://locate.cisce.org/,2026-08-25
UT003,Convent Of Jesus & Mary High School,"Dehra Dun, Dehradun, Uttarakhand, 248 001, India",Dehra Dun,Dehradun,Uttarakhand,248001,board,ICSE / ISC,Day,Girls,true,30.3222419,78.0490742,https://www.cjmdehradun.in,https://locate.cisce.org/,2026-08-25
UT004,The Doon School,"Dehra Dun, Dehradun, Uttarakhand, 248 003, India",Dehra Dun,Dehradun,Uttarakhand,248003,board,ICSE / ISC,Residential,Co-ed.,true,30.3366813,78.034441,https://www.doonschool.com,https://locate.cisce.org/,2026-08-25
UT005,Guru Nanak Academy,"Dehra Dun, Dehradun, Uttarakhand, 248 001, India",Dehra Dun,Dehradun,Uttarakhand,248001,board,ICSE / ISC,Day,Co-ed.,true,30.2901117,78.0955188,https://gurunanakacademydehradun.com,https://locate.cisce.org/,2026-08-25
UT006,St. Joseph's Academy,"Dehra Dun, Dehradun, Uttarakhand, 248 001, India",Dehra Dun,Dehradun,Uttarakhand,248001,board,ICSE / ISC,Day,Co-ed.,true,30.3294726,78.0484316,https://www.stjosephacademy.in,https://locate.cisce.org/,2026-08-25
UT007,St. Thomas' College,"Dehra Dun, Dehradun, Uttarakhand, 248 001, India",Dehra Dun,Dehradun,Uttarakhand,248001,board,ICSE / ISC,Day,Co-ed.,true,30.3269464,78.0730189,,https://locate.cisce.org/,2026-08-25
UT008,Welham Girls' School,"Dalanwala, Dehradun, Uttarakhand, 248 001, India",Dalanwala,Dehradun,Uttarakhand,248001,board,ICSE / ISC,Residential,Girls,true,30.3171665,78.0582411,https://www.welhamgirls.com,https://locate.cisce.org/,2026-08-25
UT010,Moravian Institute,"Rajpur, Dehradun, Uttarakhand, 248 009, India",Rajpur,Dehradun,Uttarakhand,248009,board,ICSE / ISC / CVE,Day/Residential,Co-ed.,true,30.3847239,78.089439,https://www.moravianinstitute.com,https://locate.cisce.org/,2026-08-25
UT011,Raja Rammohan Roy Academy,"Clement Town, Dehradun, Uttarakhand, 248 002, India",Clement Town,Dehradun,Uttarakhand,248002,board,ICSE / ISC,Day/Residential,Co-ed.,true,30.2685607,78.0071039,https://www.rajarammohanroyacademy.com,https://locate.cisce.org/,2026-08-25
UT012,Marshall School,"Dehra Dun, Dehradun, Uttarakhand, 248 001, India",Dehra Dun,Dehradun,Uttarakhand,248001,board,ICSE / ISC,Day,Co-ed.,true,30.318627,78.0482533,https://www.themarshallschool.com,https://locate.cisce.org/,2026-08-25
UT013,Doon Cambridge School,"Dehra Dun, Dehradun, Uttarakhand, 248 001, India",Dehra Dun,Dehradun,Uttarakhand,248001,board,ICSE / ISC,Day/Residential,Co-ed.,true,30.30645,78.0388441,https://www.dooncambridgeschool.com,https://locate.cisce.org/,2026-08-25
UT014,The Heritage School,"Dehra Dun, Dehradun, Uttarakhand, 248 001, India",Dehra Dun,Dehradun,Uttarakhand,248001,board,ICSE / ISC,Day,Co-ed.,true,30.3191666,78.0430371,,https://locate.cisce.org/,2026-08-25
UT015,Constancia School,"Saharanpur Road, Dehradun, Uttarakhand, 248 179, India",Saharanpur Road,Dehradun,Uttarakhand,248179,board,ICSE / ISC,Day,Co-ed.,true,30.2969115,78.0043167,,https://locate.cisce.org/,2026-08-25
UT016,Carman Res. & Day School,"Dalanwala, Dehradun, Uttarakhand, 248 001, India",Dalanwala,Dehradun,Uttarakhand,248001,board,ICSE / ISC,Day/Residential,Co-ed.,true,30.3158433,78.0545002,https://www.carmanschool.com,https://locate.cisce.org/,2026-08-25
UT017,Brightlands School,"Dalanwala, Dehradun, Uttarakhand, 248 001, India",Dalanwala,Dehradun,Uttarakhand,248001,board,ICSE / ISC,Day,Co-ed.,true,30.3234026,78.0567235,,https://locate.cisce.org/,2026-08-25
UT018,St. George's College,"Mussoorie, Dehradun, Uttarakhand, 248 122, India",Mussoorie,Dehradun,Uttarakhand,248122,board,ICSE / ISC,Day/Residential,Boys,true,30.4412371,78.0865868,https://www.sgconline.ac.in,https://locate.cisce.org/,2026-08-25
UT019,Hilton's School,"Dehra Dun, Dehradun, Uttarakhand, 248 179, India",Dehra Dun,Dehradun,Uttarakhand,248179,board,ICSE / ISC,Day/Residential,Co-ed.,true,30.323453,78.056732,,https://locate.cisce.org/,2026-08-25
UT020,Carman Res. & Day School,"Prem Nagar, Dehradun, Uttarakhand, 248 007, India",Prem Nagar,Dehradun,Uttarakhand,248007,board,ICSE / ISC,Day/Residential,Co-ed.,true,30.3283924,77.9410251,"https://www,carmanschool.net",https://locate.cisce.org/,2026-08-25
UT021,St. Joseph's Convent School,"Kotdwara, Pauri Garhwal, Uttarakhand, 246 149, India",Kotdwara,Pauri Garhwal,Uttarakhand,246149,board,ICSE / ISC,Day,Co-ed.,true,29.7453031,78.5198094,,https://locate.cisce.org/,2026-08-25
UT022,Guru Nanak Fifth Centenary School,"Mussoorie, Dehradun, Uttarakhand, 248 179, India",Mussoorie,Dehradun,Uttarakhand,248179,board,ICSE / ISC,Residential,Co-ed.,true,30.4547465,78.081985,https://www.gnfcschool.com,https://locate.cisce.org/,2026-08-25
UT023,Mussoorie Public School,"Mussoorie, Dehradun, Uttarakhand, 248 179, India",Mussoorie,Dehradun,Uttarakhand,248179,board,ICSE / ISC,Day/Residential,Co-ed.,true,30.4554273,78.0792589,https://mussooriepublicschool.com,https://locate.cisce.org/,2026-08-25
UT024,Wynberg Allen School,"Mussoorie, Dehradun, Uttarakhand, 248 179, India",Mussoorie,Dehradun,Uttarakhand,248179,board,ICSE / ISC,Residential,Co-ed.,true,30.4446164,78.0905611,https://www.wynbergallen.com,https://locate.cisce.org/,2026-08-25
UT026,Mussoorie International School,"Mussoorie, Dehradun, Uttarakhand, 248 179, India",Mussoorie,Dehradun,Uttarakhand,248179,board,ICSE / ISC,Residential,Girls,true,30.4698,78.0594637,https://www.misindia.net,https://locate.cisce.org/,2026-08-25
UT027,All Saints College,"Tallital, Nainital, Uttarakhand, 263 002, India",Tallital,Nainital,Uttarakhand,263002,board,ICSE / ISC,Day/Residential,Girls,true,29.3750703,79.4653237,https://www.allsaintscollege.org,https://locate.cisce.org/,2026-08-25
UT028,Sherwood College,"NAINITAL, Nainital, Uttarakhand, 263 001, India",NAINITAL,Nainital,Uttarakhand,263001,board,ICSE / ISC,Residential,Co-ed.,true,29.3924139,79.4533773,,https://locate.cisce.org/,2026-08-25
UT029,St. Joseph's College,"NAINITAL, Nainital, Uttarakhand, 263 002, India",NAINITAL,Nainital,Uttarakhand,263002,board,ICSE / ISC,Day/Residential,Boys,true,29.3924139,79.4533773,https://stjosephscollege.in,https://locate.cisce.org/,2026-08-25
UT030,St. Mary's Convent College,"Ramnee Park, Nainital, Uttarakhand, 263 002, India",Ramnee Park,Nainital,Uttarakhand,263002,board,ICSE / ISC,Day/Residential,Girls,true,29.3772625,79.4608958,https://www.ramneentl.org,https://locate.cisce.org/,2026-08-25
UT031,St. Thomas Convent School,"Pauri, Pauri Garhwal, Uttarakhand, 246 001, India",Pauri,Pauri Garhwal,Uttarakhand,246001,board,ICSE / ISC,Day,Co-ed.,true,30.1471155,78.7745393,https://paurischool.in,https://locate.cisce.org/,2026-08-25
UT032,Modern School,"Rishikesh, Dehradun, Uttarakhand, 249 201, India",Rishikesh,Dehradun,Uttarakhand,249201,board,ICSE / ISC,Day,Co-ed.,true,30.1086644,78.2826015,,https://locate.cisce.org/,2026-08-25
UT033,S. D. A. Inter College,"Roorkee, Haridwar, Uttarakhand, 247 667, India",Roorkee,Haridwar,Uttarakhand,247667,board,ICSE / ISC,Day/Residential,Co-ed.,true,29.873642,77.891063,https://www.rac.edu.in,https://locate.cisce.org/,2026-08-25
UT034,St. John's Senior Secondary School,"Roorkee, Haridwar, Uttarakhand, 247 667, India",Roorkee,Haridwar,Uttarakhand,247667,board,ICSE / ISC,Day,Co-ed.,true,29.8732801,77.8910763,,https://locate.cisce.org/,2026-08-25
UT035,Masseeh Dilasa School,"Uttarkashi, Tehri Garhwal, Uttarakhand, 249 193, India",Uttarkashi,Tehri Garhwal,Uttarakhand,249193,board,ICSE / ISC,Day,Co-ed.,true,30.7319616,78.4609854,https://www.masseehdilasauki.com,https://locate.cisce.org/,2026-08-25
UT036,Omkarananda Saraswati Nilayam,"Rishikesh, Tehri Garhwal, Uttarakhand, 249 201, India",Rishikesh,Tehri Garhwal,Uttarakhand,249201,board,ICSE / ISC,Day,Co-ed.,true,30.1176277,78.3018213,https://omkaranandasaraswatinilayam.org,https://locate.cisce.org/,2026-08-25
UT037,Oxford School Of Excellence,"Dehra Dun, Dehradun, Uttarakhand, 248 001, India",Dehra Dun,Dehradun,Uttarakhand,248001,board,ICSE / ISC,Day,Co-ed.,true,30.3199661,78.0526668,,https://locate.cisce.org/,2026-08-25
UT038,Pine Hall School,"Dehra Dun, Dehradun, Uttarakhand, 248 001, India",Dehra Dun,Dehradun,Uttarakhand,248001,board,ICSE / ISC,Day,Co-ed.,true,30.3346859,78.0534693,https://www.indiamart.com/pinehallschool,https://locate.cisce.org/,2026-08-25
UT039,St. Theresa's School,"Srinagar Garhwal, Pauri Garhwal, Uttarakhand, 246 174, India",Srinagar Garhwal,Pauri Garhwal,Uttarakhand,246174,board,ICSE / ISC,Day,Co-ed.,true,30.2246751,78.7986181,,https://locate.cisce.org/,2026-08-25
UT042,Swami Hariharanand Public School,"Kankhal, Haridwar, Uttarakhand, 249 408, India",Kankhal,Haridwar,Uttarakhand,249408,board,ICSE / ISC,Day,Co-ed.,true,29.9362936,78.150757,,https://locate.cisce.org/,2026-08-25
UT043,All Saints Convent School,"New Tehri, Tehri Garhwal, Uttarakhand, 249 001, India",New Tehri,Tehri Garhwal,Uttarakhand,249001,board,ICSE / ISC,Day,Co-ed.,true,30.3826973,78.4409754,,https://locate.cisce.org/,2026-08-25
UT044,Touch Wood School,"Dehra Dun, Dehradun, Uttarakhand, 248 001, India",Dehra Dun,Dehradun,Uttarakhand,248001,board,ICSE / ISC,Day/Residential,Co-ed.,true,30.3551694,78.0836387,https://touchwoodschool.org,https://locate.cisce.org/,2026-08-25
UT045,Summer Valley School,"Dehra Dun, Dehradun, Uttarakhand, 248 001, India",Dehra Dun,Dehradun,Uttarakhand,248001,board,ICSE / ISC,Day,Co-ed.,true,30.3040057,78.0559112,https://000.org,https://locate.cisce.org/,2026-08-25
UT046,Ashok Hall Girls' Residential School,"ALMORA, Almora, Uttarakhand, 263 652, India",ALMORA,Almora,Uttarakhand,263652,board,ICSE / ISC,Day/Residential,Girls,true,29.6791893,79.513269,https://www.ahgrs.net,https://locate.cisce.org/,2026-08-25
UT047,Jyoti Vidyalaya,"Joshimath, Chamoli, Uttarakhand, 246 443, India",Joshimath,Chamoli,Uttarakhand,246443,board,ICSE / ISC,Day,Co-ed.,true,30.5594364,79.5630195,"https://www.jyotividyalaya,in",https://locate.cisce.org/,2026-08-25
UT048,Seven Oaks School,"Dehra Dun, Dehradun, Uttarakhand, 248 003, India",Dehra Dun,Dehradun,Uttarakhand,248003,board,ICSE / ISC,Day,Co-ed.,true,30.3529528,78.0253558,,https://locate.cisce.org/,2026-08-25
UT049,North Point Children Academy,"Dehra Dun Cantt., Dehradun, Uttarakhand, 248 003, India",Dehra Dun Cantt.,Dehradun,Uttarakhand,248003,board,ICSE / ISC,Day,Co-ed.,true,30.3543095,78.0218425,,https://locate.cisce.org/,2026-08-25
UT050,Ann Mary School,"Dehra Dun, Dehradun, Uttarakhand, 248 001, India",Dehra Dun,Dehradun,Uttarakhand,248001,board,ICSE / ISC,Day,Co-ed.,true,30.3100293,78.0078651,,https://locate.cisce.org/,2026-08-25
UT051,The Indian Cambridge School,"Dalanwala, Dehradun, Uttarakhand, 248 001, India",Dalanwala,Dehradun,Uttarakhand,248001,board,ICSE / ISC,Day/Residential,Co-ed.,true,30.3129013,78.0602897,https://www.theindiancambridge.edu.in,https://locate.cisce.org/,2026-08-25
UT053,Rishikesh Public School,"Rishikesh, Dehradun, Uttarakhand, 249 201, India",Rishikesh,Dehradun,Uttarakhand,249201,board,ICSE / ISC,Day,Co-ed.,true,30.0586697,78.2140634,,https://locate.cisce.org/,2026-08-25
UT054,Doon Presidency School,"Dehra Dun, Dehradun, Uttarakhand, 248 007, India",Dehra Dun,Dehradun,Uttarakhand,248007,board,ICSE / ISC,Day,Co-ed.,true,30.3355916,77.9590303,,https://locate.cisce.org/,2026-08-25
UT055,Doon Public School,"Dehradun - Rishikesh Road, Dehradun, Uttarakhand, 248 144, India",Dehradun - Rishikesh Road,Dehradun,Uttarakhand,248144,board,ICSE / ISC,Day,Co-ed.,true,30.1762004,78.2183425,https://www.ourdps.in,https://locate.cisce.org/,2026-08-25
UT056,St. Jude's School,"Dehra Dun, Dehradun, Uttarakhand, 248 002, India",Dehra Dun,Dehradun,Uttarakhand,248002,board,ICSE / ISC,Day,Co-ed.,true,30.2940005,77.9973879,,https://locate.cisce.org/,2026-08-25
UT057,Shiwalik International School,"Dehradun, Dehradun, Uttarakhand, 248 001, India",Dehradun,Dehradun,Uttarakhand,248001,board,ICSE / ISC,Day/Boarding,Co-ed.,true,30.3175708,78.0286494,https://www.shiwalikintschool.org,https://locate.cisce.org/,2026-08-25
UT058,Brooklyn School,"Dalanwala, Dehradun, Uttarakhand, 248 001, India",Dalanwala,Dehradun,Uttarakhand,248001,board,ICSE / ISC,Day,Co-ed.,true,30.316834,78.0550633,https://www.brooklynschool.org,https://locate.cisce.org/,2026-08-25
UT059,Koormanchal Academy,"Pokhar Khali, Almora, Uttarakhand, 263 601, India",Pokhar Khali,Almora,Uttarakhand,263601,board,ICSE / ISC,Day,Co-ed.,true,29.6097816,79.6675419,,https://locate.cisce.org/,2026-08-25
UT060,Mount Sinai School,"Ram Nagar, Nainital, Uttarakhand, 244 715, India",Ram Nagar,Nainital,Uttarakhand,244715,board,ICSE / ISC,Day,Co-ed.,true,29.8747154,77.871743,,https://locate.cisce.org/,2026-08-25
UT061,Doon Cambridge School,"Industrial Area, Haridwar, Uttarakhand, 249 401, India",Industrial Area,Haridwar,Uttarakhand,249401,board,ICSE / ISC,Day,Co-ed.,true,29.9455113,78.1445587,,https://locate.cisce.org/,2026-08-25
UT062,Hopetown Girls' School,"Dehradun, Dehradun, Uttarakhand, 248 011, India",Dehradun,Dehradun,Uttarakhand,248011,board,ICSE / ISC,Residential,Girls,true,30.365925,77.8780307,https://www.hopetown.in,https://locate.cisce.org/,2026-08-25
UT063,Convent Of Jesus And Mary,"Mussoorie, Dehradun, Uttarakhand, 248 179, India",Mussoorie,Dehradun,Uttarakhand,248179,board,ICSE / ISC,Day,Co-ed.,true,30.4557627,78.0758014,https://www.cjmhamptoncourt.org,https://locate.cisce.org/,2026-08-25
UT066,Doon Blossoms School,"Dehra Dun, Dehradun, Uttarakhand, 248 001, India",Dehra Dun,Dehradun,Uttarakhand,248001,board,ICSE / ISC,Day,Co-ed.,true,30.3117308,78.0577334,https://dbeducationalsociety.com,https://locate.cisce.org/,2026-08-25
UT068,Presidency International School,"Dehra Dun, Dehradun, Uttarakhand, 248 144, India",Dehra Dun,Dehradun,Uttarakhand,248144,board,ICSE / ISC,Day,Co-ed.,true,30.1792025,78.144154,,https://locate.cisce.org/,2026-08-25
UT070,Lovedale Academy,"Clement Town, Dehradun, Uttarakhand, 248 002, India",Clement Town,Dehradun,Uttarakhand,248002,board,ICSE / ISC,Day,Co-ed.,true,30.2783965,78.0032725,,https://locate.cisce.org/,2026-08-25
UT072,The Aryan School,"Malsi, Dehradun, Uttarakhand, 248 003, India",Malsi,Dehradun,Uttarakhand,248003,board,ICSE / ISC,Day/Residential,Co-ed.,true,30.3715437,78.0774425,https://www.thearyanschool.com,https://locate.cisce.org/,2026-08-25
UT073,St. Xavier's School,"P.O. Gujrada, Dehradun, Uttarakhand, 248 001, India",P.O. Gujrada,Dehradun,Uttarakhand,248001,board,ICSE / ISC,Day,Co-ed.,true,30.359977,78.0836265,https://www.stxavierschooldoon.in,https://locate.cisce.org/,2026-08-25
UT074,Mother Land Academy,"Kotdwara, Pauri Garhwal, Uttarakhand, 246 149, India",Kotdwara,Pauri Garhwal,Uttarakhand,246149,board,ICSE,Day,Co-ed.,true,29.7437688,78.4993296,https://motherlandacademy.in,https://locate.cisce.org/,2026-08-25
UT075,Sandal Wood School,"Dehradhun, Dehradun, Uttarakhand, 248 001, India",Dehradhun,Dehradun,Uttarakhand,248001,board,ICSE / ISC,Day,Co-ed.,true,30.2840357,78.0222011,,https://locate.cisce.org/,2026-08-25
UT076,St. Andrew's Public School,"Bhowali, Nainital, Uttarakhand, 263 132, India",Bhowali,Nainital,Uttarakhand,263132,board,ICSE,Day,Co-ed.,true,29.3822764,79.5195939,,https://locate.cisce.org/,2026-08-25
UT077,The Mussoorie Girls & Boys School,"Mussoorie, Dehradun, Uttarakhand, 248 179, India",Mussoorie,Dehradun,Uttarakhand,248179,board,ICSE,Day/Boarding,Co-ed.,true,30.4606876,78.075918,,https://locate.cisce.org/,2026-08-25
UT078,Kay Cee Public School,"Govind Garh, Dehradun, Uttarakhand, 248 001, India",Govind Garh,Dehradun,Uttarakhand,248001,board,ICSE,Day,Co-ed.,true,30.3236745,78.0202522,,https://locate.cisce.org/,2026-08-25
UT079,Shigally Hill International Academy,"P.O. Box No. 239, Dehradun, Uttarakhand, 248001, India",P.O. Box No. 239,Dehradun,Uttarakhand,248001,board,ICSE / ISC,Residential,Girls,true,30.3627126,77.9915172,https://www.shigallyhill.com,https://locate.cisce.org/,2026-08-25
UT080,Sunrise Academy,"Raipur Road, Dehradun, Uttarakhand, 248 001, India",Raipur Road,Dehradun,Uttarakhand,248001,board,ICSE / ISC,Day,Co-ed.,true,30.3239041,78.0716152,https://www.sunriseacademyuk.com,https://locate.cisce.org/,2026-08-25
UT081,Agape Mission School,"Rishikesh, Dehradun, Uttarakhand, 249 204, India",Rishikesh,Dehradun,Uttarakhand,249204,board,ICSE / ISC,Day,Co-ed.,true,30.0651628,78.2425862,,https://locate.cisce.org/,2026-08-25
UT084,Flower Dale School,"Garhi Cantt., Dehradun, Uttarakhand, 248 003, India",Garhi Cantt.,Dehradun,Uttarakhand,248003,board,ICSE / ISC,Day,Co-ed.,true,30.3548614,78.0208906,,https://locate.cisce.org/,2026-08-25
UT085,Hill Bird School,"Mussoorie, Dehradun, Uttarakhand, 248 122, India",Mussoorie,Dehradun,Uttarakhand,248122,board,ICSE / ISC,Day,Co-ed.,true,30.4412371,78.0865868,,https://locate.cisce.org/,2026-08-25
UT086,Carmel School,"Chamba, Tehri Garhwal, Uttarakhand, 249 145, India",Chamba,Tehri Garhwal,Uttarakhand,249145,board,ICSE / ISC,Day,Co-ed.,true,30.3454803,78.394656,https://www.carmelchamba.org,https://locate.cisce.org/,2026-08-25
UT087,Doon Valley Public School,"Dehra Dun, Dehradun, Uttarakhand, 248 003, India",Dehra Dun,Dehradun,Uttarakhand,248003,board,ICSE,Day,Co-ed.,true,30.3749379,78.0674132,https://www.doonvalleypublicschool.com,https://locate.cisce.org/,2026-08-25
UT088,Mount Fort Academy,"Dehradun, Dehradun, Uttarakhand, 248 001, India",Dehradun,Dehradun,Uttarakhand,248001,board,ICSE / ISC,Day,Co-ed.,true,30.3153688,77.9995589,,https://locate.cisce.org/,2026-08-25
UT089,The Montessori School,"Dehra Dun, Dehradun, Uttarakhand, 248 001, India",Dehra Dun,Dehradun,Uttarakhand,248001,board,ICSE / ISC,Day,Co-ed.,true,30.3358139,78.0224373,,https://locate.cisce.org/,2026-08-25
UT091,The Himalayan Public School,"Dehra Dun, Dehradun, Uttarakhand, 248 001, India",Dehra Dun,Dehradun,Uttarakhand,248001,board,ICSE / ISC,Day,Co-ed.,true,28.6499708,77.0624888,https://www.thehimalayanpublicschool.com,https://locate.cisce.org/,2026-08-25
UT092,Sanskar International School,"Dehra Dun, Dehradun, Uttarakhand, 248 005, India",Dehra Dun,Dehradun,Uttarakhand,248005,board,ICSE / ISC,Day,Co-ed.,true,30.2850556,78.0670903,https://www.sisdoon.com,https://locate.cisce.org/,2026-08-25
UT093,Unison World School,"Dehra Dun, Dehradun, Uttarakhand, 248 009, India",Dehra Dun,Dehradun,Uttarakhand,248009,board,ICSE / ISC,Residential,Girls,true,30.3715437,78.0774425,https://www.uws.edu.in,https://locate.cisce.org/,2026-08-25
UT095,Maria School,"UDHAM SINGH NAGAR, Udham Singh Nagar, Uttarakhand, 244 712, India",UDHAM SINGH NAGAR,Udham Singh Nagar,Uttarakhand,244712,board,ICSE / ISC,Day,Co-ed.,true,29.2839469,78.8281395,https://www.mariaschooljaspur.com/,https://locate.cisce.org/,2026-08-25
UT096,Dehradun Public School,"Dehra Dun, Dehradun, Uttarakhand, 248 007, India",Dehra Dun,Dehradun,Uttarakhand,248007,board,ICSE / ISC,Day,Co-ed.,true,30.3416491,78.069146,https://www.khwindia.org,https://locate.cisce.org/,2026-08-25
UT097,Mount Carmel Christian Academy,"Narendra Nagar, Tehri Garhwal, Uttarakhand, 249 175, India",Narendra Nagar,Tehri Garhwal,Uttarakhand,249175,board,ICSE / ISC,Day,Co-ed.,true,30.1599746,78.2903239,,https://locate.cisce.org/,2026-08-25
UT098,H I M Christian Academy,"Uttarkashi, Uttarkashi, Uttarakhand, 249 193, India",Uttarkashi,Uttarkashi,Uttarakhand,249193,board,ICSE,Day,Co-ed.,true,30.7403976,78.3824161,,https://locate.cisce.org/,2026-08-25
UT099,St. Mary's School,"Gadarpur, Udham Singh Nagar, Uttarakhand, 263 152, India",Gadarpur,Udham Singh Nagar,Uttarakhand,263152,board,ICSE / ISC,Day,Co-ed.,true,29.0353971,79.2680667,,https://locate.cisce.org/,2026-08-25
UT101,New Doon Blossoms School,"Dehradun, Dehradun, Uttarakhand, 248 001, India",Dehradun,Dehradun,Uttarakhand,248001,board,ICSE / ISC,Day,Co-ed.,true,30.3601127,78.0893545,,https://locate.cisce.org/,2026-08-25
UT102,Mount Carmel School,"Kaflang, Champawat, Uttarakhand, 262 523, India",Kaflang,Champawat,Uttarakhand,262523,board,ICSE / ISC,Day,Co-ed.,true,29.3178905,80.1023759,https://www.carmelchampawat.in,https://locate.cisce.org/,2026-08-25
UT103,Dr. D.c. Budakoti Vidyatri Public School,"Kotdwara, Pauri Garhwal, Uttarakhand, 246149, India",Kotdwara,Pauri Garhwal,Uttarakhand,246149,board,ICSE / ISC,Day,Co-ed.,true,29.7327003,78.5518889,,https://locate.cisce.org/,2026-08-25
UT104,St. Tara Academy,"Dehradun, Dehradun, Uttarakhand, 248001, India",Dehradun,Dehradun,Uttarakhand,248001,board,ICSE,Day,Co-ed.,true,30.2624553,78.0861078,http://st-tara-academy.com/,https://locate.cisce.org/,2026-08-25
UT105,Dehradun World School,"Dehradun, Dehradun, Uttarakhand, 248008, India",Dehradun,Dehradun,Uttarakhand,248008,board,ICSE / ISC,Day/Boarding,Co-ed.,true,30.284335,78.1078963,https://www.dehradunworldschool.com,https://locate.cisce.org/,2026-08-25
UT106,Shri Ram Centennial School,"Dehradun, Dehradun, Uttarakhand, 248197, India",Dehradun,Dehradun,Uttarakhand,248197,board,ICSE / ISC,Day/Boarding,Co-ed.,true,30.3076827,77.9841775,https://www.srcsdoon.com,https://locate.cisce.org/,2026-08-25
UT107,Mount Sinai School,"KASHIPUR, Udham Singh Nagar, Uttarakhand, 244713, India",KASHIPUR,Udham Singh Nagar,Uttarakhand,244713,board,ICSE / ISC,Day,Co-ed.,true,29.2308863,78.9634924,,https://locate.cisce.org/,2026-08-25
UT108,Mary Mata School,"Uttarkashi, Uttarkashi, Uttarakhand, 249 196, India",Uttarkashi,Uttarkashi,Uttarakhand,249196,board,ICSE,Day,Co-ed.,true,30.5840297,78.3149965,https://marymataschool.com,https://locate.cisce.org/,2026-08-25
UT109,Doon Hempton School,"Dehradun, Dehradun, Uttarakhand, 248001, India",Dehradun,Dehradun,Uttarakhand,248001,board,ICSE,Day,Co-ed.,true,30.2940813,78.0125358,https://N.A,https://locate.cisce.org/,2026-08-25
UT110,All Saints' School,"BHAGIRATHIPURAM, Tehri Garhwal, Uttarakhand, 249131, India",BHAGIRATHIPURAM,Tehri Garhwal,Uttarakhand,249131,board,ICSE,Day,Co-ed.,true,30.2851499,78.029884,,https://locate.cisce.org/,2026-08-25
UT111,Graphic Era Global School,"Dehradun, Dehradun, Uttarakhand, 248002, India",Dehradun,Dehradun,Uttarakhand,248002,board,ICSE / ISC,Day,Co-ed.,true,30.2734119,77.9965407,https://graphiceraschool.com,https://locate.cisce.org/,2026-08-25
UT112,Christ Academy,"Gopeshwar, Chamoli, Uttarakhand, 246 424, India",Gopeshwar,Chamoli,Uttarakhand,246424,board,ICSE / ISC,Day,Co-ed.,true,30.4095258,79.3197973,https://www.christacademygp.com,https://locate.cisce.org/,2026-08-25
UT113,Shishya Public School,"DEHRADUN, Dehradun, Uttarakhand, 248197, India",DEHRADUN,Dehradun,Uttarakhand,248197,board,ICSE / ISC,Day/Boarding,Co-ed.,true,30.3826167,77.8681706,https://www.shishyaschool.in,https://locate.cisce.org/,2026-08-25
UT114,Khrist Jyoti Academy,"Dehradun, Dehradun, Uttarakhand, 248001, India",Dehradun,Dehradun,Uttarakhand,248001,board,ICSE / ISC,Day,Co-ed.,true,30.3778763,78.107217,https://kjadoon.in,https://locate.cisce.org/,2026-08-25
UT115,Greenwood Hills School,"Dehradun, Dehradun, Uttarakhand, 248001, India",Dehradun,Dehradun,Uttarakhand,248001,board,ICSE / ISC,Day,Co-ed.,true,30.2542161,78.0295273,,https://locate.cisce.org/,2026-08-25
UT116,Sanjo School,"Kirtinagar, Tehri Garhwal, Uttarakhand, 249161, India",Kirtinagar,Tehri Garhwal,Uttarakhand,249161,board,ICSE,Day,Co-ed.,true,30.2285859,78.7927144,http://sanjoschool.in/,https://locate.cisce.org/,2026-08-25
UT117,St. Patrick's Academy,"DEHRADUN, Dehradun, Uttarakhand, 248002, India",DEHRADUN,Dehradun,Uttarakhand,248002,board,ICSE / ISC,Day,Co-ed.,true,30.2667057,77.9999305,https://www.stpatricksdehradun.in,https://locate.cisce.org/,2026-08-25
UT118,Modern School,"Dhalwala, Tehri Garhwal, Uttarakhand, 249137, India",Dhalwala,Tehri Garhwal,Uttarakhand,249137,board,ICSE,Day,Co-ed.,true,30.1198583,78.3031333,,https://locate.cisce.org/,2026-08-25
UT119,Shanti Vallabh Memorial Inter College,"KOTDWAR, Pauri Garhwal, Uttarakhand, 246149, India",KOTDWAR,Pauri Garhwal,Uttarakhand,246149,board,ICSE,Day,Co-ed.,true,29.7538895,78.523404,https://svmschoolinfo.com,https://locate.cisce.org/,2026-08-25
UT120,The Oberai School Of Integrated Studies,"Dehradun, Dehradun, Uttarakhand, 248008, India",Dehradun,Dehradun,Uttarakhand,248008,board,ICSE / ISC,Day/Boarding,Co-ed.,true,21.1610957,81.7864088,https://www.theoasisdoon.com,https://locate.cisce.org/,2026-08-25
UT121,The Green Valley Public School,"Dehradun, Dehradun, Uttarakhand, 248197, India",Dehradun,Dehradun,Uttarakhand,248197,board,ICSE / ISC,Day,Co-ed.,true,30.3137622,78.0090978,https://www.gvpsddn.com,https://locate.cisce.org/,2026-08-25
UT122,"Sacred Heart School,","Gholtir, Rudraprayag, Uttarakhand, 246171, India",Gholtir,Rudraprayag,Uttarakhand,246171,board,ICSE / ISC,Day,Co-ed.,true,30.2973307,79.0920425,,https://locate.cisce.org/,2026-08-25
UT123,Prakriti Valley School,"DEHRADUN, Dehradun, Uttarakhand, 248007, India",DEHRADUN,Dehradun,Uttarakhand,248007,board,ICSE / ISC,Day/Boarding,Co-ed.,true,30.3927124,77.8095661,https://www.prakritivalleyschool.org,https://locate.cisce.org/,2026-08-25
UT124,The Indian Academy,"KARNAPRAYAG, Chamoli, Uttarakhand, 246444, India",KARNAPRAYAG,Chamoli,Uttarakhand,246444,board,ICSE / ISC,Day,Co-ed.,true,30.2029275,79.1985845,https://www.theindianacademy.com,https://locate.cisce.org/,2026-08-25
UT125,Holy Angel School,"HARIDWAR, Haridwar, Uttarakhand, 246783, India",HARIDWAR,Haridwar,Uttarakhand,246783,board,ICSE / ISC,Day,Co-ed.,true,29.7978608,78.2563331,https://holyangelschool.online,https://locate.cisce.org/,2026-08-25
UT126,Winhill Global School,"DEHRADUN, Dehradun, Uttarakhand, 248005, India",DEHRADUN,Dehradun,Uttarakhand,248005,board,ICSE / ISC,Day,Co-ed.,true,30.2783338,78.0908651,https://www.winhillglobalschool.com,https://locate.cisce.org/,2026-08-25
UT127,Le Grand International School,"DEHRADUN, Dehradun, Uttarakhand, 248145, India",DEHRADUN,Dehradun,Uttarakhand,248145,board,ICSE,Day,Co-ed.,true,30.1951339,78.1920972,https://www.lgisdehradun.com,https://locate.cisce.org/,2026-08-25
UT128,The Doon Girls' School,"DEHRADUN, Dehradun, Uttarakhand, 248001, India",DEHRADUN,Dehradun,Uttarakhand,248001,board,ICSE,Residential,Girls,true,30.3179306,78.0575128,https://www.thedoongirlsschool.com,https://locate.cisce.org/,2026-08-25
UT129,Core International School,"Dehradun, Dehradun, Uttarakhand, 248001, India",Dehradun,Dehradun,Uttarakhand,248001,board,ICSE / ISC,Day,Co-ed.,true,30.3109609,78.0344161,,https://locate.cisce.org/,2026-08-25
UT130,Advent Academy,"Dehradun, Dehradun, Uttarakhand, 248001, India",Dehradun,Dehradun,Uttarakhand,248001,board,ICSE,Day,Co-ed.,true,30.3540688,78.0823307,https://,https://locate.cisce.org/,2026-08-25
UT131,Christ School,"DOIWALA, Dehradun, Uttarakhand, 248140, India",DOIWALA,Dehradun,Uttarakhand,248140,board,ICSE / ISC,Day/Boarding,Co-ed.,true,30.1501203,78.1588873,https://www.christdehradun.com,https://locate.cisce.org/,2026-08-25
UT132,Adroit Progressive School,"Dehradun, Dehradun, Uttarakhand, 248001, India",Dehradun,Dehradun,Uttarakhand,248001,board,ICSE,Day,Co-ed.,true,30.31821,78.057224,https://www.adroitschooldoon.com,https://locate.cisce.org/,2026-08-25
UT133,St. Paul's School,"DEHRADUN, Dehradun, Uttarakhand, 248198, India",DEHRADUN,Dehradun,Uttarakhand,248198,board,ICSE,Day,Co-ed.,true,30.4620226,77.7632803,https://stpaulsvikasnagar.in,https://locate.cisce.org/,2026-08-25
UT134,Shemhills International School,"DEHRADUN, Dehradun, Uttarakhand, 248001, India",DEHRADUN,Dehradun,Uttarakhand,248001,board,ICSE,Day,Co-ed.,true,30.3155697,78.0205502,,https://locate.cisce.org/,2026-08-25
UT135,The H. D. Foundation School,"Haldwani, Nainital, Uttarakhand, 263139, India",Haldwani,Nainital,Uttarakhand,263139,board,ICSE,Day,Co-ed.,true,29.216164,79.5276386,https://www.hdfoundationschool.com/,https://locate.cisce.org/,2026-08-25
WB001,Loreto Convent,"Asansol, Purba Bardhaman, West Bengal, 713 301, India",Asansol,Purba Bardhaman,West Bengal,713301,board,ICSE / ISC,Day,Girls,true,23.6927542,86.9549775,https://www.loretoasansol.in,https://locate.cisce.org/,2026-08-25
WB002,St. Vincent's High &technical School,"Asansol, Purba Bardhaman, West Bengal, 713 301, India",Asansol,Purba Bardhaman,West Bengal,713301,board,ICSE / ISC,Day,Boys,true,23.6849322,86.9549185,https://www.svsasansol.com,https://locate.cisce.org/,2026-08-25
WB003,St. Patrick's Higher Secondary School,"Asansol, Purba Bardhaman, West Bengal, 713 301, India",Asansol,Purba Bardhaman,West Bengal,713301,board,ICSE / ISC,Day,Boys,true,23.6927542,86.9549775,https://www.spsasansol.com,https://locate.cisce.org/,2026-08-25
WB004,Assembly Of God Church School,"Asansol, Paschim Bardhaman, West Bengal, 713305, India",Asansol,Paschim Bardhaman,West Bengal,713305,board,ICSE / ISC,Day,Girls,true,23.7041718,86.9772186,https://www.agasansol.org,https://locate.cisce.org/,2026-08-25
WB005,Mary Immaculate School,"Berhampore, Murshidabad, West Bengal, 742 101, India",Berhampore,Murshidabad,West Bengal,742101,board,ICSE / ISC,Day,Co-ed.,true,24.0982607,88.268411,https://www.mismsd.in,https://locate.cisce.org/,2026-08-25
WB006,St. Xavier's School,"Kanainutshal, Purba Bardhaman, West Bengal, 713 103, India",Kanainutshal,Purba Bardhaman,West Bengal,713103,board,ICSE / ISC,Day,Co-ed.,true,23.2196014,87.8767621,https://www.sxs-bwn.org,https://locate.cisce.org/,2026-08-25
WB007,Auxilium Convent School,"Bandel, Hooghly, West Bengal, 712 103, India",Bandel,Hooghly,West Bengal,712103,board,ICSE / ISC,Day,Girls,true,22.9011588,88.3898552,,https://locate.cisce.org/,2026-08-25
WB008,Assembly Of God Church School,"Kolkata, Kolkata, West Bengal, 700 017, India",Kolkata,Kolkata,West Bengal,700017,board,ICSE / ISC,Day,Co-ed.,true,22.5459078,88.3622482,https://www.agcschools.edu.in/parkstreet,https://locate.cisce.org/,2026-08-25
WB009,Auxilium Convent School,"Kolkata, Kolkata, West Bengal, 700 028, India",Kolkata,Kolkata,West Bengal,700028,board,ICSE / ISC,Day,Girls,true,22.6428184,88.4160368,,https://locate.cisce.org/,2026-08-25
WB010,Calcutta Boys' School,"Kolkata, Kolkata, West Bengal, 700 014, India",Kolkata,Kolkata,West Bengal,700014,board,ICSE / ISC,Day,Boys,true,22.5605399,88.3658243,https://www.calcuttaboysschool.edu.in,https://locate.cisce.org/,2026-08-25
WB011,Calcutta Girls' High School,"Kolkata, Kolkata, West Bengal, 700 072, India",Kolkata,Kolkata,West Bengal,700072,board,ICSE / ISC,Day,Girls,true,22.5681825,88.3532293,https://cghs1856.org,https://locate.cisce.org/,2026-08-25
WB012,Our Lady Queen Of The Missions School,"Kolkata, Kolkata, West Bengal, 700 017, India",Kolkata,Kolkata,West Bengal,700017,board,ICSE,Day,Girls,true,22.5398094,88.3651363,https://qmspc.org,https://locate.cisce.org/,2026-08-25
WB013,Don Bosco School,"Kolkata, Kolkata, West Bengal, 700 017, India",Kolkata,Kolkata,West Bengal,700017,board,ICSE / ISC / CVE,Day,Boys,true,22.544153,88.3712038,https://www.donboscoparkcircus.org,https://locate.cisce.org/,2026-08-25
WB014,Elias Meyer F.S. & T.T.,"Kolkata, Kolkata, West Bengal, 700 012, India",Kolkata,Kolkata,West Bengal,700012,board,ICSE / ISC,Day,Boys,true,22.5704735,88.3575993,,https://locate.cisce.org/,2026-08-25
WB015,The Frank Anthony Public School,"Kolkata, Kolkata, West Bengal, 700 014, India",Kolkata,Kolkata,West Bengal,700014,board,ICSE / ISC,Day,Co-ed.,true,22.5532989,88.3656673,https://www.faps.edu.in,https://locate.cisce.org/,2026-08-25
WB016,La Martiniere For Boys,"Kolkata, Kolkata, West Bengal, 700 017, India",Kolkata,Kolkata,West Bengal,700017,board,ICSE / ISC,Day/Residential,Boys,true,22.5420946,88.3563749,,https://locate.cisce.org/,2026-08-25
WB017,La Martiniere For Girls,"Kolkata, Kolkata, West Bengal, 700 017, India",Kolkata,Kolkata,West Bengal,700017,board,ICSE / ISC,Day/Residential,Girls,true,22.5415196,88.3574701,,https://locate.cisce.org/,2026-08-25
WB018,Loreto Day School,"Kolkata, Kolkata, West Bengal, 700 013, India",Kolkata,Kolkata,West Bengal,700013,board,ICSE / ISC,Day,Girls,true,22.5647748,88.3539254,https://www.loretodharamtala.in,https://locate.cisce.org/,2026-08-25
WB019,Loreto Convent,"Kolkata, Kolkata, West Bengal, 700 015, India",Kolkata,Kolkata,West Bengal,700015,board,ICSE / ISC,Day/Residential,Girls,true,22.5567413,88.3732627,https://www.loretoconvententally.org,https://locate.cisce.org/,2026-08-25
WB020,Loreto House,"Kolkata, Kolkata, West Bengal, 700 071, India",Kolkata,Kolkata,West Bengal,700071,board,ICSE / ISC,Day,Girls,true,22.549594,88.3523703,https://loretohousekolkata.com,https://locate.cisce.org/,2026-08-25
WB021,Loreto Day School,"Kolkata, Kolkata, West Bengal, 700 016, India",Kolkata,Kolkata,West Bengal,700016,board,ICSE / ISC,Day,Girls,true,22.5528731,88.3583431,https://www.loretoelliot.org,https://locate.cisce.org/,2026-08-25
WB022,Pratt Memorial School,"Kolkata, Kolkata, West Bengal, 700 014, India",Kolkata,Kolkata,West Bengal,700014,board,ICSE / ISC,Day/Residential,Girls,true,22.5536248,88.3647374,https://www.prattmemorialschool.com,https://locate.cisce.org/,2026-08-25
WB023,St. James' School,"Kolkata, Kolkata, West Bengal, 700 014, India",Kolkata,Kolkata,West Bengal,700014,board,ICSE / ISC,Day,Boys,true,22.5541673,88.3655428,http://my.123india.com/sj,https://locate.cisce.org/,2026-08-25
WB024,St. Joseph's College,"Kolkata, Kolkata, West Bengal, 700 012, India",Kolkata,Kolkata,West Bengal,700012,board,ICSE / ISC,Day,Boys,true,22.5687935,88.359068,https://www.sjckolkata.com,https://locate.cisce.org/,2026-08-25
WB025,St. Mary's Orphanage And Day School,"Kolkata, Kolkata, West Bengal, 700 030, India",Kolkata,Kolkata,West Bengal,700030,board,ICSE / ISC,Day/Residential,Boys,true,22.6211954,88.3952377,https://smods.in,https://locate.cisce.org/,2026-08-25
WB026,St. Mary's School,"Kolkata, Kolkata, West Bengal, 700 016, India",Kolkata,Kolkata,West Bengal,700016,board,ICSE / ISC,Day,Boys,true,22.5538142,88.3590943,,https://locate.cisce.org/,2026-08-25
WB027,St. Paul's Mission School,"Kolkata, Kolkata, West Bengal, 700 009, India",Kolkata,Kolkata,West Bengal,700009,board,ICSE / ISC,Day,Co-ed.,true,22.5688424,88.3679999,https://stpaulsmissionschoolkolkata.org,https://locate.cisce.org/,2026-08-25
WB028,St. Thomas' Boys' School,"Kolkata, Kolkata, West Bengal, 700 023, India",Kolkata,Kolkata,West Bengal,700023,board,ICSE / ISC,Day/Residential,Boys,true,22.5387879,88.3289414,https://www.stsboys.in,https://locate.cisce.org/,2026-08-25
WB029,St. Thomas' Girls' School,"Kolkata, Kolkata, West Bengal, 700 023, India",Kolkata,Kolkata,West Bengal,700023,board,ICSE / ISC,Day/Residential,Girls,true,22.5387879,88.3289414,,https://locate.cisce.org/,2026-08-25
WB030,St. Teresa's Secondary School,"Kolkata, Kolkata, West Bengal, 700 023, India",Kolkata,Kolkata,West Bengal,700023,board,ICSE / ISC,Day,Girls,true,22.5407008,88.3265577,,https://locate.cisce.org/,2026-08-25
WB031,St. Thomas' Day School,"Kolkata, Kolkata, West Bengal, 700 087, India",Kolkata,Kolkata,West Bengal,700087,board,ICSE / ISC,Day,Co-ed.,true,22.5626538,88.3557761,https://www.stthomasdayschool.com,https://locate.cisce.org/,2026-08-25
WB032,St. Xavier's Collegiate School,"Kolkata, Kolkata, West Bengal, 700 016, India",Kolkata,Kolkata,West Bengal,700016,board,ICSE / ISC,Day,Boys,true,22.5490167,88.3561173,https://sxcsccu.edu.in,https://locate.cisce.org/,2026-08-25
WB033,Welland Gouldsmith School,"Kolkata, Kolkata, West Bengal, 700 012, India",Kolkata,Kolkata,West Bengal,700012,board,ICSE / ISC,Day/Residential,Girls,true,22.5716296,88.354838,https://www.wgskolkata.com,https://locate.cisce.org/,2026-08-25
WB034,St. Paul's Boarding & Day School,"Kolkata, Kolkata, West Bengal, 700 023, India",Kolkata,Kolkata,West Bengal,700023,board,ICSE / ISC,Day,Girls,true,22.5341697,88.3268443,http://stpaulsboaring-dayschool.in/,https://locate.cisce.org/,2026-08-25
WB036,Julien Day School,"Kolkata, Kolkata, West Bengal, 700 020, India",Kolkata,Kolkata,West Bengal,700020,board,ICSE / ISC,Day,Co-ed.,true,22.5371994,88.3499431,https://juliendayschool.org,https://locate.cisce.org/,2026-08-25
WB037,Armenian College And Philanthropic Academy,"Kolkata, Kolkata, West Bengal, 700 016, India",Kolkata,Kolkata,West Bengal,700016,board,ICSE,Residential,Co-ed.,true,22.5552701,88.3535626,https://www.armeniancollege.edu.in,https://locate.cisce.org/,2026-08-25
WB039,Albany Hall Public School,"Kolkata, Kolkata, West Bengal, 700 014, India",Kolkata,Kolkata,West Bengal,700014,board,ICSE / ISC,Day,Co-ed.,true,22.5479779,88.3673738,https://www.albanyhall.com,https://locate.cisce.org/,2026-08-25
WB040,Grace Ling Liang English School,"Kolkata, Kolkata, West Bengal, 700 046, India",Kolkata,Kolkata,West Bengal,700046,board,ICSE / ISC,Day,Co-ed.,true,22.6155828,88.3901781,,https://locate.cisce.org/,2026-08-25
WB041,The Park English School,"Kolkata, Kolkata, West Bengal, 700 016, India",Kolkata,Kolkata,West Bengal,700016,board,ICSE / ISC,Day,Co-ed.,true,22.5509971,88.3587178,,https://locate.cisce.org/,2026-08-25
WB042,St. Joseph & Mary's School,"Kolkata, Kolkata, West Bengal, 700 053, India",Kolkata,Kolkata,West Bengal,700053,board,ICSE / ISC,Day,Co-ed.,true,22.5082113,88.3342013,https://www.stjosephandmarysschool.com,https://locate.cisce.org/,2026-08-25
WB043,Sri Ram Narayan Singh Memorial High School,"Kolkata, Kolkata, West Bengal, 700 006, India",Kolkata,Kolkata,West Bengal,700006,board,ICSE / ISC,Day,Co-ed.,true,22.584746,88.3667831,,https://locate.cisce.org/,2026-08-25
WB044,Saifee Golden Jubliee English Public School,"Kolkata, Kolkata, West Bengal, 700 016, India",Kolkata,Kolkata,West Bengal,700016,board,ICSE / ISC,Day,Co-ed.,true,22.550771,88.356461,https://www.saifeeschool.in,https://locate.cisce.org/,2026-08-25
WB045,W. W. A. Cossipore English School,"Kolkata, Kolkata, West Bengal, 700 002, India",Kolkata,Kolkata,West Bengal,700002,board,ICSE / ISC,Day,Co-ed.,true,22.6230768,88.4148251,https://www.wwaces.in,https://locate.cisce.org/,2026-08-25
WB046,Dolna Day School,"Kolkata, Kolkata, West Bengal, 700 042, India",Kolkata,Kolkata,West Bengal,700042,board,ICSE / ISC,Day/Residential,Co-ed.,true,22.5208696,88.3723758,,https://locate.cisce.org/,2026-08-25
WB047,Orient Day School,"Kolkata, Kolkata, West Bengal, 700 034, India",Kolkata,Kolkata,West Bengal,700034,board,ICSE / ISC,Day,Co-ed.,true,22.4960782,88.319651,https://orientdayschool.org,https://locate.cisce.org/,2026-08-25
WB048,St. Helen School,"Kolkata, Kolkata, West Bengal, 700 026, India",Kolkata,Kolkata,West Bengal,700026,board,ICSE / ISC,Day,Co-ed.,true,22.5248166,88.3432578,,https://locate.cisce.org/,2026-08-25
WB049,Salt Lake School,"Kolkata, Kolkata, West Bengal, 700 064, India",Kolkata,Kolkata,West Bengal,700064,board,ICSE / ISC,Day,Co-ed.,true,22.5855291,88.4104889,https://www.saltlakeschool.org,https://locate.cisce.org/,2026-08-25
WB050,Loyola High School,"Kolkata, Kolkata, West Bengal, 700 027, India",Kolkata,Kolkata,West Bengal,700027,board,ICSE / ISC,Day,Co-ed.,true,22.3567302,88.2702207,,https://locate.cisce.org/,2026-08-25
WB051,Sri Aurobindo Institute Of Education,"Kolkata, Kolkata, West Bengal, 700 091, India",Kolkata,Kolkata,West Bengal,700091,board,ICSE / ISC,Day,Co-ed.,true,22.5835448,88.4301021,https://www.sriaurosaltlake.in,https://locate.cisce.org/,2026-08-25
WB052,The Future Foundation School,"Kolkata, Kolkata, West Bengal, 700 040, India",Kolkata,Kolkata,West Bengal,700040,board,ICSE / ISC,Day,Co-ed.,true,22.4805394,88.3541883,https://www.sriaurobindoschools.org,https://locate.cisce.org/,2026-08-25
WB053,Harrow Hall,"Kolkata, Kolkata, West Bengal, 700 016, India",Kolkata,Kolkata,West Bengal,700016,board,ICSE,Day,Co-ed.,true,22.553623,88.352153,https://www.harrowhallcalcutta.net.net,https://locate.cisce.org/,2026-08-25
WB054,Mansur Habibullah Memorial School,"Kolkata, Kolkata, West Bengal, 700 040, India",Kolkata,Kolkata,West Bengal,700040,board,ICSE / ISC,Day,Co-ed.,true,22.4811243,88.3462637,https://mhmscal.org,https://locate.cisce.org/,2026-08-25
WB055,G. D. Birla Centre For Education,"Kolkata, Kolkata, West Bengal, 700 040, India",Kolkata,Kolkata,West Bengal,700040,board,ICSE / ISC,Day,Girls,true,22.490293,88.348478,https://www.ashokhall.net,https://locate.cisce.org/,2026-08-25
WB056,Seventh Day Adventist Senior Secondary School,"Kolkata, Kolkata, West Bengal, 700 016, India",Kolkata,Kolkata,West Bengal,700016,board,ICSE / ISC,Day,Co-ed.,true,22.5486624,88.3578446,,https://locate.cisce.org/,2026-08-25
WB057,Rajasthan Vidya Mandir,"Kolkata, Kolkata, West Bengal, 700 007, India",Kolkata,Kolkata,West Bengal,700007,board,ICSE / ISC,Day,Girls,true,22.5855874,88.3608974,,https://locate.cisce.org/,2026-08-25
WB059,Hirendra Leela Patranavis School,"Kolkata, Kolkata, West Bengal, 700 095, India",Kolkata,Kolkata,West Bengal,700095,board,ICSE / ISC,Day,Co-ed.,true,22.497567,88.357047,https://hlpsbhs.org,https://locate.cisce.org/,2026-08-25
WB060,St. Joseph's Convent,"Chandannagar, Hooghly, West Bengal, 712 136, India",Chandannagar,Hooghly,West Bengal,712136,board,ICSE / ISC,Day,Girls,true,22.8579401,88.3700725,https://sjc.net.in,https://locate.cisce.org/,2026-08-25
WB061,St. Joseph's Convent High School,"Chittaranjan, Purba Bardhaman, West Bengal, 713 331, India",Chittaranjan,Purba Bardhaman,West Bengal,713331,board,ICSE / ISC,Day,Co-ed.,true,23.8607247,86.883028,https://sjccrj.org,https://locate.cisce.org/,2026-08-25
WB062,St. Xavier's School,"Durgapur, Purba Bardhaman, West Bengal, 713 206, India",Durgapur,Purba Bardhaman,West Bengal,713206,board,ICSE / ISC,Day,Boys,true,23.5177518,87.3459743,https://www.stxaviersdgp.com,https://locate.cisce.org/,2026-08-25
WB063,Carmel Convent High School,"Durgapur, Purba Bardhaman, West Bengal, 713 210, India",Durgapur,Purba Bardhaman,West Bengal,713210,board,ICSE,Day,Girls,true,23.5186545,87.3202487,,https://locate.cisce.org/,2026-08-25
WB064,Assembly Of God Church School,"Durgapur, Purba Bardhaman, West Bengal, 713 213, India",Durgapur,Purba Bardhaman,West Bengal,713213,board,ICSE / ISC,Day,Co-ed.,true,23.5602074,87.2802849,,https://locate.cisce.org/,2026-08-25
WB065,St. Peter's School,"Durgapur, Purba Bardhaman, West Bengal, 713 204, India",Durgapur,Purba Bardhaman,West Bengal,713204,board,ICSE / ISC,Day,Co-ed.,true,23.5647677,87.2951773,https://stpetersdgp.com,https://locate.cisce.org/,2026-08-25
WB066,St. Michael's School,"Durgapur, Purba Bardhaman, West Bengal, 713 212, India",Durgapur,Purba Bardhaman,West Bengal,713212,board,ICSE / ISC,Day,Co-ed.,true,23.5128777,87.35118,,https://locate.cisce.org/,2026-08-25
WB067,Pranavananda Vidyamandir,"Durgapur, Purba Bardhaman, West Bengal, 713 205, India",Durgapur,Purba Bardhaman,West Bengal,713205,board,ICSE / ISC,Day,Co-ed.,true,23.5740273,87.296919,https://www.pvmdurgapur.in,https://locate.cisce.org/,2026-08-25
WB068,Bidhan School,"Durgapur, Purba Bardhaman, West Bengal, 713 212, India",Durgapur,Purba Bardhaman,West Bengal,713212,board,ICSE / ISC,Day,Co-ed.,true,23.555265,87.3308055,,https://locate.cisce.org/,2026-08-25
WB069,Mount Hermon School,"DARJEELING, Darjeeling, West Bengal, 734 104, India",DARJEELING,Darjeeling,West Bengal,734104,board,ICSE / ISC,Day,Co-ed.,true,27.0391914,88.2638831,https://mhsdarj1895.com,https://locate.cisce.org/,2026-08-25
WB070,Loreto Convent School,"DARJEELING, Darjeeling, West Bengal, 734 101, India",DARJEELING,Darjeeling,West Bengal,734101,board,ICSE / ISC,Day,Girls,true,27.0391914,88.2638831,https://loretodarjeeling.org,https://locate.cisce.org/,2026-08-25
WB071,St. Joseph's College,"DARJEELING, Darjeeling, West Bengal, 734 104, India",DARJEELING,Darjeeling,West Bengal,734104,board,ICSE / ISC,Day/Residential,Boys,true,27.0598712,88.2517073,https://www.sjcnorthpoint.com,https://locate.cisce.org/,2026-08-25
WB072,St. Paul's School,"DARJEELING, Darjeeling, West Bengal, 734 103, India",DARJEELING,Darjeeling,West Bengal,734103,board,ICSE / ISC,Residential,Boys,true,27.0506258,88.2772946,https://stpaulsdarjeeling.edu.in,https://locate.cisce.org/,2026-08-25
WB073,Vidya Vikash Academy,"Hermitage, Darjeeling, West Bengal, 734 101, India",Hermitage,Darjeeling,West Bengal,734101,board,ICSE / ISC,Day/Residential,Co-ed.,true,22.9867569,87.8549755,,https://locate.cisce.org/,2026-08-25
WB074,West Point School,"DARJEELING, Darjeeling, West Bengal, 734 101, India",DARJEELING,Darjeeling,West Bengal,734101,board,ICSE / ISC,Day/Residential,Co-ed.,true,27.0396599,88.2658758,https://www.westpointschool.com,https://locate.cisce.org/,2026-08-25
WB075,Bhadra Sheela Memorial Institutions,"DARJEELING, Darjeeling, West Bengal, 734 105, India",DARJEELING,Darjeeling,West Bengal,734105,board,ICSE / ISC,Day,Co-ed.,true,27.0506258,88.2772946,,https://locate.cisce.org/,2026-08-25
WB076,Julien Day School,"Ganganagar, North 24 Parganas, West Bengal, 700 132, India",Ganganagar,North 24 Parganas,West Bengal,700132,board,ICSE / ISC,Day,Co-ed.,true,22.932398,88.7345185,,https://locate.cisce.org/,2026-08-25
WB077,Don Bosco School,"Liluah, Howrah, West Bengal, 711 204, India",Liluah,Howrah,West Bengal,711204,board,ICSE / ISC / CVE,Day/Residential,Boys,true,22.6196167,88.3515298,,https://locate.cisce.org/,2026-08-25
WB078,St. Agnes' Convent School,"HOWRAH, Howrah, West Bengal, 711 101, India",HOWRAH,Howrah,West Bengal,711101,board,ICSE / ISC,Day,Girls,true,22.5893326,88.3420343,https://stagnesconventschoolhowrah.org,https://locate.cisce.org/,2026-08-25
WB079,St. Thomas' Church School,"HOWRAH, Howrah, West Bengal, 711 101, India",HOWRAH,Howrah,West Bengal,711101,board,ICSE / ISC,Day,Co-ed.,true,22.5837317,88.3365607,https://www.stcsh1860.org,https://locate.cisce.org/,2026-08-25
WB080,St. Aloysius Orphanage And Day School,"HOWRAH, Howrah, West Bengal, 711 101, India",HOWRAH,Howrah,West Bengal,711101,board,ICSE / ISC,Day,Boys,true,22.5857936,88.3418825,,https://locate.cisce.org/,2026-08-25
WB081,Sunrise ( English Medium ) School,"Belur Math, Howrah, West Bengal, 711 202, India",Belur Math,Howrah,West Bengal,711202,board,ICSE / ISC,Day,Co-ed.,true,22.616342,88.3473369,https://www.sunriseeducation.org,https://locate.cisce.org/,2026-08-25
WB082,Little Star High School,"Bally, Howrah, West Bengal, 711 201, India",Bally,Howrah,West Bengal,711201,board,ICSE / ISC,Day,Co-ed.,true,22.6403252,88.3506225,https://www.lshs.in,https://locate.cisce.org/,2026-08-25
WB083,S. E. Railway Mixed High School ( English Medium ),"Santragachi, Howrah, West Bengal, 711 311, India",Santragachi,Howrah,West Bengal,711311,board,ICSE / ISC,Day,Co-ed.,true,22.5862013,88.283716,https://www.sermhssem-src.in,https://locate.cisce.org/,2026-08-25
WB084,St. Thomas' High School,"Dass Nagar, Howrah, West Bengal, 711 105, India",Dass Nagar,Howrah,West Bengal,711105,board,ICSE / ISC,Day,Co-ed.,true,22.5986773,88.311356,,https://locate.cisce.org/,2026-08-25
WB085,"Don Bosco School, Bandel","Bandel, Hooghly, West Bengal, 712 103, India",Bandel,Hooghly,West Bengal,712103,board,ICSE / ISC,Day/Residential,Boys,true,22.9011588,88.3898552,https://www.dbbandel.org,https://locate.cisce.org/,2026-08-25
WB086,Dreamland School,"Makhla, Hooghly, West Bengal, 712 245, India",Makhla,Hooghly,West Bengal,712245,board,ICSE / ISC,Day,Co-ed.,true,22.673047,88.3248867,,https://locate.cisce.org/,2026-08-25
WB087,Raymond Memorial Higher Secondary School,"Falakata, Jalpaiguri, West Bengal, 735 211, India",Falakata,Jalpaiguri,West Bengal,735211,board,ICSE / ISC,Residential,Co-ed.,true,26.517486,89.2039195,,https://locate.cisce.org/,2026-08-25
WB088,St. James' High School,"Binnaguri, Jalpaiguri, West Bengal, 753 203, India",Binnaguri,Jalpaiguri,West Bengal,753203,board,ICSE / ISC,Day,Co-ed.,true,26.7499321,89.0578864,https://www.sjsbgi.com,https://locate.cisce.org/,2026-08-25
WB089,Holy Child School,"JALPAIGURI, Jalpaiguri, West Bengal, 735 101, India",JALPAIGURI,Jalpaiguri,West Bengal,735101,board,ICSE / ISC,Day,Co-ed.,true,26.5357135,88.7289257,https://www.holychildjalpaiguri.in,https://locate.cisce.org/,2026-08-25
WB090,Dr. Graham's Homes,"Kalimpong, Darjeeling, West Bengal, 734 301, India",Kalimpong,Darjeeling,West Bengal,734301,board,ICSE / ISC,Day/Residential,Co-ed.,true,27.0593562,88.4694535,,https://locate.cisce.org/,2026-08-25
WB091,St. Augustine's School,"Kalimpong, Darjeeling, West Bengal, 734 301, India",Kalimpong,Darjeeling,West Bengal,734301,board,ICSE / ISC,Day/Residential,Boys,true,27.0593562,88.4694535,https://www.saskalimpong.com,https://locate.cisce.org/,2026-08-25
WB092,St. Joseph's Convent,"Kalimpong, Darjeeling, West Bengal, 734 301, India",Kalimpong,Darjeeling,West Bengal,734301,board,ICSE / ISC,Day/Residential,Girls,true,27.0593562,88.4694535,https://www.sjckalimpong.in,https://locate.cisce.org/,2026-08-25
WB093,Dow Hill School,"Kurseong, Darjeeling, West Bengal, 734 204, India",Kurseong,Darjeeling,West Bengal,734204,board,ICSE,Day/Residential,Girls,true,26.8907574,88.2867164,,https://locate.cisce.org/,2026-08-25
WB094,Victoria Boys' School,"Kurseong, Darjeeling, West Bengal, 734 204, India",Kurseong,Darjeeling,West Bengal,734204,board,ICSE,Residential,Boys,true,26.8907574,88.2867164,https://www.victoriaboysschool.org,https://locate.cisce.org/,2026-08-25
WB095,Goethals Memorial School,"Kurseong, Darjeeling, West Bengal, 734 203, India",Kurseong,Darjeeling,West Bengal,734203,board,ICSE / ISC,Day/Residential,Boys,true,26.8821382,88.2788511,https://www.gms.edu.in,https://locate.cisce.org/,2026-08-25
WB096,St. Helen's Secondary School,"Kurseong, Darjeeling, West Bengal, 734 203, India",Kurseong,Darjeeling,West Bengal,734203,board,ICSE / ISC,Day,Girls,true,26.8840082,88.2784975,https://www.sthelenskurseong.in,https://locate.cisce.org/,2026-08-25
WB097,Himali Boarding School,"Kurseong, Darjeeling, West Bengal, 734 203, India",Kurseong,Darjeeling,West Bengal,734203,board,ICSE / ISC,Day/Residential,Co-ed.,true,26.8840082,88.2784975,https://www.himali.school.org,https://locate.cisce.org/,2026-08-25
WB098,Lewis English School,"Kurseong, Darjeeling, West Bengal, 734 214, India",Kurseong,Darjeeling,West Bengal,734214,board,ICSE / ISC,Day,Co-ed.,true,22.6048432,88.3831255,,https://locate.cisce.org/,2026-08-25
WB099,Glenhill Public School,"Kurseong, Darjeeling, West Bengal, 734 203, India",Kurseong,Darjeeling,West Bengal,734203,board,ICSE / ISC,Day/Residential,Co-ed.,true,26.8907574,88.2867164,,https://locate.cisce.org/,2026-08-25
WB100,S. E. Railway Mixed Higher Secondary School (english Medium),"Kharagpur, Paschim Medinipur, West Bengal, 721 301, India",Kharagpur,Paschim Medinipur,West Bengal,721301,board,ICSE / ISC,Day,Co-ed.,true,22.332658,87.3239749,https://mhssemkgp.in,https://locate.cisce.org/,2026-08-25
WB101,St. Agnes School,"Kharagpur, Paschim Medinipur, West Bengal, 721 301, India",Kharagpur,Paschim Medinipur,West Bengal,721301,board,ICSE / ISC,Day,Girls,true,22.3451723,87.3047053,https://www.stagneskgp.com,https://locate.cisce.org/,2026-08-25
WB102,Sacred Heart High School,"Kharagpur, Paschim Medinipur, West Bengal, 721 301, India",Kharagpur,Paschim Medinipur,West Bengal,721301,board,ICSE / ISC,Day,Co-ed.,true,22.3451723,87.3047053,,https://locate.cisce.org/,2026-08-25
WB103,St. Joseph's High School,"Matigara, Darjeeling, West Bengal, 734 428, India",Matigara,Darjeeling,West Bengal,734428,board,ICSE / ISC,Day,Girls,true,26.7223104,88.3810363,,https://locate.cisce.org/,2026-08-25
WB104,Orange Lake School,"Mirik, Darjeeling, West Bengal, 734 214, India",Mirik,Darjeeling,West Bengal,734214,board,ICSE / ISC,Day/Residential,Co-ed.,true,26.889648,88.1771179,,https://locate.cisce.org/,2026-08-25
WB105,The St. Xavier's School,"MALDA, Malda, West Bengal, 732 101, India",MALDA,Malda,West Bengal,732101,board,ICSE / ISC,Day/Residential,Co-ed.,true,24.9868798,88.1392368,,https://locate.cisce.org/,2026-08-25
WB106,Don Bosco School,"Siliguri, Jalpaiguri, West Bengal, 734 001, India",Siliguri,Jalpaiguri,West Bengal,734001,board,ICSE / ISC,Day,Boys,true,26.7502198,88.4389844,https://www.dbssiliguri.in,https://locate.cisce.org/,2026-08-25
WB107,Mahbert High School,"Siliguri, Darjeeling, West Bengal, 734 403, India",Siliguri,Darjeeling,West Bengal,734403,board,ICSE / ISC,Day,Co-ed.,true,26.7241179,88.4010452,,https://locate.cisce.org/,2026-08-25
WB108,St. Xavier's Institution,"Kolkata, Kolkata, West Bengal, 700 114, India",Kolkata,Kolkata,West Bengal,700114,board,ICSE / ISC,Day,Co-ed.,true,22.7032029,88.3710974,https://www.sxipanihati.org,https://locate.cisce.org/,2026-08-25
WB109,St. Augustine's Day School,"Shyamnagar, North 24 Parganas, West Bengal, 743 127, India",Shyamnagar,North 24 Parganas,West Bengal,743127,board,ICSE / ISC,Day,Co-ed.,true,22.823824,88.3769526,https://www.staugustineday.com,https://locate.cisce.org/,2026-08-25
WB110,St. Joseph's School,"Siliguri, Jalpaiguri, West Bengal, 734 007, India",Siliguri,Jalpaiguri,West Bengal,734007,board,ICSE / ISC,Day,Co-ed.,true,26.6963391,88.44004,,https://locate.cisce.org/,2026-08-25
WB111,Lincolns High School,"Siliguri, Darjeeling, West Bengal, 734003, India",Siliguri,Darjeeling,West Bengal,734003,board,ICSE / ISC,Day,Co-ed.,true,26.7353645,88.4138992,https://www.lincolns-school.com,https://locate.cisce.org/,2026-08-25
WB112,Holy Home,"Serampore P.O., Hooghly, West Bengal, 712 201, India",Serampore P.O.,Hooghly,West Bengal,712201,board,ICSE / ISC,Day/Residential,Co-ed.,true,22.7539605,88.3464535,,https://locate.cisce.org/,2026-08-25
WB113,Krishnagar Academy,"Krishnagar, Nadia, West Bengal, 741 101, India",Krishnagar,Nadia,West Bengal,741101,board,ICSE / ISC,Day,Co-ed.,true,23.3938951,88.4936271,https://www.krishnagaracademy.in,https://locate.cisce.org/,2026-08-25
WB116,Carmel School,"Durgapur, Purba Bardhaman, West Bengal, 713 205, India",Durgapur,Purba Bardhaman,West Bengal,713205,board,ICSE / ISC,Day,Girls,true,23.5728292,87.2989307,https://carmelsteeldgp.com,https://locate.cisce.org/,2026-08-25
WB117,Sister Nivedita Institute,"HOWRAH, Howrah, West Bengal, 711 101, India",HOWRAH,Howrah,West Bengal,711101,board,ICSE / ISC,Day,Co-ed.,true,22.5916682,88.3403128,,https://locate.cisce.org/,2026-08-25
WB118,Rockvale Academy,"Kalimpong, Darjeeling, West Bengal, 734 301, India",Kalimpong,Darjeeling,West Bengal,734301,board,ICSE / ISC,Day/Residential,Co-ed.,true,27.0628116,88.4627955,https://www.rockvaleacademy.com,https://locate.cisce.org/,2026-08-25
WB119,Methodist School,"Dankuni, Hooghly, West Bengal, 712 310, India",Dankuni,Hooghly,West Bengal,712310,board,ICSE / ISC,Day,Co-ed.,true,22.7110471,88.2810956,,https://locate.cisce.org/,2026-08-25
WB120,Anglo - Arabic Secondary School,"Kolkata, Kolkata, West Bengal, 700 009, India",Kolkata,Kolkata,West Bengal,700009,board,ICSE / ISC,Day,Co-ed.,true,22.460866,88.3292056,,https://locate.cisce.org/,2026-08-25
WB121,Vivekananda Mission School,"Kolkata, Kolkata, West Bengal, 700 104, India",Kolkata,Kolkata,West Bengal,700104,board,ICSE / ISC,Day,Co-ed.,true,22.4676351,88.3721138,https://www.vms.edu.in,https://locate.cisce.org/,2026-08-25
WB122,Assembly Of God Church School,"Kolkata, Kolkata, West Bengal, 700 040, India",Kolkata,Kolkata,West Bengal,700040,board,ICSE / ISC,Day,Co-ed.,true,22.4914288,88.3472749,,https://locate.cisce.org/,2026-08-25
WB123,The Assembly Of God Church School,"Haldia, Purba Medinipur, West Bengal, 721 607, India",Haldia,Purba Medinipur,West Bengal,721607,board,ICSE / ISC,Day,Co-ed.,true,22.0219058,88.0541504,,https://locate.cisce.org/,2026-08-25
WB124,Ling Liang High School,"Kolkata, Kolkata, West Bengal, 700 012, India",Kolkata,Kolkata,West Bengal,700012,board,ICSE / ISC,Day,Co-ed.,true,22.4949638,88.3060058,,https://locate.cisce.org/,2026-08-25
WB125,South End Centre ( E. M. ) School,"HOWRAH, Howrah, West Bengal, 711 103, India",HOWRAH,Howrah,West Bengal,711103,board,ICSE / ISC,Day,Co-ed.,true,22.5637589,88.2987438,https://www.southendcentreemschool.org,https://locate.cisce.org/,2026-08-25
WB126,Maheshwari Girls' School,"Kolkata, Kolkata, West Bengal, 700 006, India",Kolkata,Kolkata,West Bengal,700006,board,ICSE / ISC,Day,Girls,true,22.5873801,88.3582146,,https://locate.cisce.org/,2026-08-25
WB127,St. Francis Xavier School,"Kolkata, North 24 Parganas, West Bengal, 700 097, India",Kolkata,North 24 Parganas,West Bengal,700097,board,ICSE / ISC,Day,Co-ed.,true,22.575679,88.406687,https://www.stfxonline.com,https://locate.cisce.org/,2026-08-25
WB129,Central Modern School,"Kolkata, Kolkata, West Bengal, 700 036, India",Kolkata,Kolkata,West Bengal,700036,board,ICSE / ISC,Day,Co-ed.,true,22.6409461,88.3673156,https://centralmodernschool.in,https://locate.cisce.org/,2026-08-25
WB130,Maria's Day School,"HOWRAH, Howrah, West Bengal, 711 101, India",HOWRAH,Howrah,West Bengal,711101,board,ICSE / ISC,Day,Co-ed.,true,22.5665999,88.3152763,https://www.marias.co.in,https://locate.cisce.org/,2026-08-25
WB131,Assembly Of God Church School,"Ukhra, Purba Bardhaman, West Bengal, 713 363, India",Ukhra,Purba Bardhaman,West Bengal,713363,board,ICSE / ISC,Day,Co-ed.,true,23.6645184,87.2386511,https://www.agukhra.org,https://locate.cisce.org/,2026-08-25
WB132,Holy Rock School,"Suri Road, Purba Bardhaman, West Bengal, 713 104, India",Suri Road,Purba Bardhaman,West Bengal,713104,board,ICSE / ISC,Day,Co-ed.,true,23.2715747,87.8167399,https://www.holyrockschool.org,https://locate.cisce.org/,2026-08-25
WB133,Mahadevi Birla Shishu Vihar,"Kolkata, Kolkata, West Bengal, 700 019, India",Kolkata,Kolkata,West Bengal,700019,board,ICSE / ISC,Day,Girls,true,22.5313056,88.3665535,,https://locate.cisce.org/,2026-08-25
WB134,St. Paul's K.G. & Day School,"Kolkata, Kolkata, West Bengal, 700 003, India",Kolkata,Kolkata,West Bengal,700003,board,ICSE / ISC,Day,Co-ed.,true,22.601621,88.3676946,,https://locate.cisce.org/,2026-08-25
WB135,Julien Day School,"Kalyani, Nadia, West Bengal, 741 235, India",Kalyani,Nadia,West Bengal,741235,board,ICSE / ISC,Day,Co-ed.,true,22.9632356,88.4603728,https://www.juliendayschool.org,https://locate.cisce.org/,2026-08-25
WB136,St. Helen's School,"HOWRAH, Howrah, West Bengal, 711 101, India",HOWRAH,Howrah,West Bengal,711101,board,ICSE / ISC,Day,Co-ed.,true,22.5925163,88.3413135,,https://locate.cisce.org/,2026-08-25
WB138,St. Stephen's School,"Kolkata, Kolkata, West Bengal, 700 028, India",Kolkata,Kolkata,West Bengal,700028,board,ICSE / ISC,Day,Co-ed.,true,22.6308932,88.4209417,,https://locate.cisce.org/,2026-08-25
WB139,Xavier's English School,"Konnagar, Hooghly, West Bengal, 712 235, India",Konnagar,Hooghly,West Bengal,712235,board,ICSE / ISC,Day,Co-ed.,true,22.7002352,88.3513838,,https://locate.cisce.org/,2026-08-25
WB140,Tribeni Tissues Vidyapith,"Chandrahati, Hooghly, West Bengal, 712 504, India",Chandrahati,Hooghly,West Bengal,712504,board,ICSE / ISC,Day,Co-ed.,true,23.0485138,88.2826103,,https://locate.cisce.org/,2026-08-25
WB141,Jewish Girls' School,"Kolkata, Kolkata, West Bengal, 700 016, India",Kolkata,Kolkata,West Bengal,700016,board,ICSE / ISC,Day,Girls,true,22.5525504,88.3546679,,https://locate.cisce.org/,2026-08-25
WB142,St. Mary's High School,"New Cooch Behar, Cooch Behar, West Bengal, 736 179, India",New Cooch Behar,Cooch Behar,West Bengal,736179,board,ICSE / ISC,Day,Co-ed.,true,26.3490445,89.4659462,https://stmarysschoolcoochbehar.com,https://locate.cisce.org/,2026-08-25
WB143,M.P. Birla Foundation Higher Secondary School,"Kolkata, Kolkata, West Bengal, 700 034, India",Kolkata,Kolkata,West Bengal,700034,board,ICSE / ISC,Day,Co-ed.,true,22.4861318,88.3150538,https://mpbfhsschool.com,https://locate.cisce.org/,2026-08-25
WB144,Saptashri Gyanpeeth,"Kalimpong, Darjeeling, West Bengal, 734 301, India",Kalimpong,Darjeeling,West Bengal,734301,board,ICSE / ISC,Day,Co-ed.,true,27.0679687,88.4699187,https://www.saptashrikalimpong.com,https://locate.cisce.org/,2026-08-25
WB145,National Gems Higher Secondary School,"Kolkata, Kolkata, West Bengal, 700 034, India",Kolkata,Kolkata,West Bengal,700034,board,ICSE / ISC,Day,Co-ed.,true,22.490527,88.311796,https://nghss.org,https://locate.cisce.org/,2026-08-25
WB146,Young Horizons School,"Kolkata, Kolkata, West Bengal, 700 099, India",Kolkata,Kolkata,West Bengal,700099,board,ICSE / ISC,Day,Co-ed.,true,22.4956365,88.3978857,https://www.younghorizonsschool.com,https://locate.cisce.org/,2026-08-25
WB147,St. Anthony's School,"Kurseong, Darjeeling, West Bengal, 734 203, India",Kurseong,Darjeeling,West Bengal,734203,board,ICSE / ISC,Day/Residential,Co-ed.,true,26.8700729,88.3014492,https://www.anthonyskurseong.org,https://locate.cisce.org/,2026-08-25
WB148,Little Flower School,"DARJEELING, Darjeeling, West Bengal, 734 203, India",DARJEELING,Darjeeling,West Bengal,734203,board,ICSE / ISC,Day/Residential,Co-ed.,true,26.8829825,88.2763308,,https://locate.cisce.org/,2026-08-25
WB149,The Central Modern School,"Barasat, North 24 Parganas, West Bengal, 700 124, India",Barasat,North 24 Parganas,West Bengal,700124,board,ICSE / ISC,Day,Co-ed.,true,22.7094313,88.4977263,,https://locate.cisce.org/,2026-08-25
WB150,Ratnakar North Point School,"HOWRAH, Howrah, West Bengal, 711 101, India",HOWRAH,Howrah,West Bengal,711101,board,ICSE / ISC,Day,Co-ed.,true,22.5931286,88.3444866,https://www.ratnakarschools.org,https://locate.cisce.org/,2026-08-25
WB151,The Modern Academy,"Kolkata, Kolkata, West Bengal, 700 031, India",Kolkata,Kolkata,West Bengal,700031,board,ICSE / ISC,Day,Co-ed.,true,22.5071902,88.3673299,https://www.themodernacademy.in,https://locate.cisce.org/,2026-08-25
WB152,Howrah St. John's High School,"HOWRAH, Howrah, West Bengal, 711 101, India",HOWRAH,Howrah,West Bengal,711101,board,ICSE / ISC,Day,Co-ed.,true,22.5898247,88.3419826,,https://locate.cisce.org/,2026-08-25
WB153,Rose Bud School,"Liluah, Howrah, West Bengal, 711 204, India",Liluah,Howrah,West Bengal,711204,board,ICSE / ISC,Day,Co-ed.,true,22.620299,88.34952,https://rosebudschoolliluah.in,https://locate.cisce.org/,2026-08-25
WB154,Stepping Stone Model School,"Alipurduar, Jalpaiguri, West Bengal, 736 121, India",Alipurduar,Jalpaiguri,West Bengal,736121,board,ICSE / ISC,Day,Co-ed.,true,26.4949065,89.526865,,https://locate.cisce.org/,2026-08-25
WB155,Daisies School,"Kurseong, Darjeeling, West Bengal, 734 203, India",Kurseong,Darjeeling,West Bengal,734203,board,ICSE,Day,Co-ed.,true,26.9030377,88.3002341,,https://locate.cisce.org/,2026-08-25
WB156,Budge Budge St. Paul's Day School,"Panjal Para, South 24 Parganas, West Bengal, 743 319, India",Panjal Para,South 24 Parganas,West Bengal,743319,board,ICSE / ISC,Day,Co-ed.,true,22.4815539,88.1897172,,https://locate.cisce.org/,2026-08-25
WB157,B. D. Memorial English High School,"Jaigaon, Alipurduar, West Bengal, 736 182, India",Jaigaon,Alipurduar,West Bengal,736182,board,ICSE / ISC,Day,Co-ed.,true,26.8366914,89.3843206,,https://locate.cisce.org/,2026-08-25
WB158,The Assembly Of God Church School,"Sunderchak, Purba Bardhaman, West Bengal, 713 360, India",Sunderchak,Purba Bardhaman,West Bengal,713360,board,ICSE / ISC,Day,Co-ed.,true,22.6991808,88.3902299,https://www.agsodepur.org,https://locate.cisce.org/,2026-08-25
WB159,Augustine's Public School,"Ramrajatola, Howrah, West Bengal, 711 104, India",Ramrajatola,Howrah,West Bengal,711104,board,ICSE / ISC,Day,Co-ed.,true,22.5875257,88.3046421,,https://locate.cisce.org/,2026-08-25
WB160,The Bhawanipur Gujarati Education Society School,"Kolkata, Kolkata, West Bengal, 700 020, India",Kolkata,Kolkata,West Bengal,700020,board,ICSE / ISC,Day,Co-ed.,true,22.5380879,88.35318,https://thebgesschool.com,https://locate.cisce.org/,2026-08-25
WB161,Green Lawns School,"DARJEELING, Darjeeling, West Bengal, 734 101, India",DARJEELING,Darjeeling,West Bengal,734101,board,ICSE,Day/Residential,Co-ed.,true,26.714666,88.4320606,,https://locate.cisce.org/,2026-08-25
WB162,Vidyasagar Shishu Niketan,"Midnapore, Paschim Medinipur, West Bengal, 721 102, India",Midnapore,Paschim Medinipur,West Bengal,721102,board,ICSE / ISC,Day,Co-ed.,true,22.4230948,87.3003706,https://www.vsn.ac.in,https://locate.cisce.org/,2026-08-25
WB163,Ruhiyyih School,"DARJEELING, Darjeeling, West Bengal, 734 102, India",DARJEELING,Darjeeling,West Bengal,734102,board,ICSE / ISC,Day,Co-ed.,true,27.0105881,88.258894,http://www.ruhiyyih.in,https://locate.cisce.org/,2026-08-25
WB164,St. Augustine's Day School,"Kolkata, Kolkata, West Bengal, 700 120, India",Kolkata,Kolkata,West Bengal,700120,board,ICSE / ISC,Day,Co-ed.,true,22.7690489,88.3438176,https://www.staugustineday.com,https://locate.cisce.org/,2026-08-25
WB165,Belle Vue Boarding School,"Kurseong, Darjeeling, West Bengal, 734 203, India",Kurseong,Darjeeling,West Bengal,734203,board,ICSE,Day/Residential,Co-ed.,true,26.8821382,88.2788511,,https://locate.cisce.org/,2026-08-25
WB166,St. Joan's School,"Kolkata, Kolkata, West Bengal, 700 091, India",Kolkata,Kolkata,West Bengal,700091,board,ICSE / ISC,Day,Co-ed.,true,23.5177518,87.3459743,https://www.stjoans.edu.in,https://locate.cisce.org/,2026-08-25
WB167,Indira Memorial English Medium High School,"Kolkata, Kolkata, West Bengal, 700 003, India",Kolkata,Kolkata,West Bengal,700003,board,ICSE,Day,Co-ed.,true,22.6021969,88.3702505,,https://locate.cisce.org/,2026-08-25
WB168,Splendour High School,"Kharagpur, Paschim Medinipur, West Bengal, 721 145, India",Kharagpur,Paschim Medinipur,West Bengal,721145,board,ICSE / ISC,Day,Co-ed.,true,22.2695028,87.2866995,https://www.splendourschool.com,https://locate.cisce.org/,2026-08-25
WB169,Agrasain Balika Siksha Sadan,"Liluah, Howrah, West Bengal, 711 204, India",Liluah,Howrah,West Bengal,711204,board,ICSE / ISC,Day,Girls,true,22.6196821,88.3467771,https://www.abssliluah.com,https://locate.cisce.org/,2026-08-25
WB170,Calcutta Public School,"Kolkata, Kolkata, West Bengal, 700 159, India",Kolkata,Kolkata,West Bengal,700159,board,ICSE / ISC,Day,Co-ed.,true,22.6065819,88.4323895,https://www.calcuttapublicschool.in,https://locate.cisce.org/,2026-08-25
WB171,Salt Lake Point School,"Kolkata, Kolkata, West Bengal, 700 064, India",Kolkata,Kolkata,West Bengal,700064,board,ICSE / ISC,Day,Co-ed.,true,22.5709657,88.4575321,https://www.saltlakepointschool.org,https://locate.cisce.org/,2026-08-25
WB172,Emmanuel English School,"MALDA, Malda, West Bengal, 732 139, India",MALDA,Malda,West Bengal,732139,board,ICSE / ISC,Day,Co-ed.,true,25.2734916,88.0039972,,https://locate.cisce.org/,2026-08-25
WB173,Authpur National Model School,"Authpur, North 24 Parganas, West Bengal, 743 128, India",Authpur,North 24 Parganas,West Bengal,743128,board,ICSE / ISC,Day,Co-ed.,true,22.8462945,88.379861,https://www.anms2u.com,https://locate.cisce.org/,2026-08-25
WB174,Pine Hall Academy,"DARJEELING, Darjeeling, West Bengal, 734 214, India",DARJEELING,Darjeeling,West Bengal,734214,board,ICSE / ISC,Day,Co-ed.,true,27.0506258,88.2772946,,https://locate.cisce.org/,2026-08-25
WB175,West Point Academy,"HOOGHLY, Hooghly, West Bengal, 712 202, India",HOOGHLY,Hooghly,West Bengal,712202,board,ICSE / ISC,Day,Co-ed.,true,22.7435829,88.3498721,,https://locate.cisce.org/,2026-08-25
WB177,Trinity High School,"Banarhat, Jalpaiguri, West Bengal, 735 202, India",Banarhat,Jalpaiguri,West Bengal,735202,board,ICSE / ISC,Day,Co-ed.,true,26.7945527,89.0305764,,https://locate.cisce.org/,2026-08-25
WB178,Pearls Of God,"Debaipukur, Hooghly, West Bengal, 712 233, India",Debaipukur,Hooghly,West Bengal,712233,board,ICSE / ISC,Day,Co-ed.,true,22.6859883,88.3460626,,https://locate.cisce.org/,2026-08-25
WB179,Indira Gandhi Memorial Senior Secondary School,"Kolkata, Kolkata, West Bengal, 700 048, India",Kolkata,Kolkata,West Bengal,700048,board,ICSE / ISC,Day,Co-ed.,true,22.5980987,88.4024488,https://igmsss.org,https://locate.cisce.org/,2026-08-25
WB180,St. Augustine's School,"Kurseong, Darjeeling, West Bengal, 734 203, India",Kurseong,Darjeeling,West Bengal,734203,board,ICSE / ISC,Residential,Co-ed.,true,26.8695177,88.291925,,https://locate.cisce.org/,2026-08-25
WB181,Narmada School,"Kolkata, Kolkata, West Bengal, 700 092, India",Kolkata,Kolkata,West Bengal,700092,board,ICSE / ISC,Day,Co-ed.,true,22.4820358,88.3572164,,https://locate.cisce.org/,2026-08-25
WB182,Douglas Memorial Higher Secondary School,"Kolkata, North 24 Parganas, West Bengal, 700 120, India",Kolkata,North 24 Parganas,West Bengal,700120,board,ICSE / ISC,Day,Co-ed.,true,22.7658514,88.3496604,https://www.dmhss.org,https://locate.cisce.org/,2026-08-25
WB183,St. Denis School,"HOWRAH, Howrah, West Bengal, 711 202, India",HOWRAH,Howrah,West Bengal,711202,board,ICSE / ISC,Day,Co-ed.,true,22.6194351,88.3537504,,https://locate.cisce.org/,2026-08-25
WB184,St. Johns' School,"Jalpaiguri, Jalpaiguri, West Bengal, 736 182, India",Jalpaiguri,Jalpaiguri,West Bengal,736182,board,ICSE / ISC,Day,Co-ed.,true,26.8366914,89.3843206,,https://locate.cisce.org/,2026-08-25
WB186,Himalayan English School,"Siliguri, Jalpaiguri, West Bengal, 734 001, India",Siliguri,Jalpaiguri,West Bengal,734001,board,ICSE / ISC,Day,Co-ed.,true,26.7610677,88.4432883,https://www.himalayan-school.com,https://locate.cisce.org/,2026-08-25
WB187,Acme Academy,"Burdwan, Purba Bardhaman, West Bengal, 713 409, India",Burdwan,Purba Bardhaman,West Bengal,713409,board,ICSE / ISC,Day,Co-ed.,true,23.2230613,88.3475269,https://www.acmeacademy.org,https://locate.cisce.org/,2026-08-25
WB188,Nirmala Convent School,"Siliguri, Jalpaiguri, West Bengal, 734 008, India",Siliguri,Jalpaiguri,West Bengal,734008,board,ICSE / ISC,Day,Girls,true,26.726279,88.4287832,,https://locate.cisce.org/,2026-08-25
WB190,Monalisa English School,"Kolkata, Kolkata, West Bengal, 700 129, India",Kolkata,Kolkata,West Bengal,700129,board,ICSE / ISC,Day,Co-ed.,true,22.6943951,88.4670052,,https://locate.cisce.org/,2026-08-25
WB191,Sacred Heart School,"Siliguri, Darjeeling, West Bengal, 734 013, India",Siliguri,Darjeeling,West Bengal,734013,board,ICSE / ISC,Residential,Co-ed.,true,26.7312222,88.349558,,https://locate.cisce.org/,2026-08-25
WB192,Meghmala Roy Education Centre,"Kolkata, Kolkata, West Bengal, 700 034, India",Kolkata,Kolkata,West Bengal,700034,board,ICSE / ISC,Day,Co-ed.,true,22.4873754,88.2913222,,https://locate.cisce.org/,2026-08-25
WB193,St. Dominic Savio School,"Salkia, Howrah, West Bengal, 711 106, India",Salkia,Howrah,West Bengal,711106,board,ICSE / ISC,Day,Co-ed.,true,22.5951518,88.3416354,,https://locate.cisce.org/,2026-08-25
WB194,St. Sebastian's School,"Kolkata, Kolkata, West Bengal, 700 015, India",Kolkata,Kolkata,West Bengal,700015,board,ICSE / ISC,Day,Co-ed.,true,22.5463814,88.3837978,,https://locate.cisce.org/,2026-08-25
WB195,St. Joseph's School,"Kharagpur, Paschim Medinipur, West Bengal, 721 301, India",Kharagpur,Paschim Medinipur,West Bengal,721301,board,ICSE,Day,Co-ed.,true,22.3451723,87.3047053,,https://locate.cisce.org/,2026-08-25
WB196,Good Shepherd School,"DARJEELING, Darjeeling, West Bengal, 734 014, India",DARJEELING,Darjeeling,West Bengal,734014,board,ICSE,Day,Co-ed.,true,26.6986114,88.3116995,https://www.goodshepherdschoolbagdogra.com,https://locate.cisce.org/,2026-08-25
WB197,Gyanoday Niketan,"DARJEELING, Darjeeling, West Bengal, 734 101, India",DARJEELING,Darjeeling,West Bengal,734101,board,ICSE / ISC,Day,Co-ed.,true,27.0314972,88.2554133,https://www.gyanodayniketan.com,https://locate.cisce.org/,2026-08-25
WB198,St. Jude's High School,"Kolkata, Kolkata, West Bengal, 700 129, India",Kolkata,Kolkata,West Bengal,700129,board,ICSE / ISC,Day,Co-ed.,true,22.695288,88.465391,https://www.stjudeshighschool.com,https://locate.cisce.org/,2026-08-25
WB199,Bethany School,"Kurseong, Darjeeling, West Bengal, 734 203, India",Kurseong,Darjeeling,West Bengal,734203,board,ICSE,Day/Residential,Co-ed.,true,26.8743845,88.2727311,,https://locate.cisce.org/,2026-08-25
WB200,M. C. Kejriwal Vidyapeeth,"Liluah, Howrah, West Bengal, 711 204, India",Liluah,Howrah,West Bengal,711204,board,ICSE / ISC,Day,Co-ed.,true,22.6203045,88.3483501,https://www.mckv.edu.in,https://locate.cisce.org/,2026-08-25
WB201,Holy Child English Academy,"P.O. Malda, Malda, West Bengal, 732 101, India",P.O. Malda,Malda,West Bengal,732101,board,ICSE / ISC,Day/Residential,Co-ed.,true,25.0574893,88.3319612,https://www.holychildenglishacademy.com,https://locate.cisce.org/,2026-08-25
WB202,Jnaneshwar Memorial Academy,"P.O. Kurseong, Darjeeling, West Bengal, 734 203, India",P.O. Kurseong,Darjeeling,West Bengal,734203,board,ICSE,Day,Co-ed.,true,26.8879932,88.2818644,,https://locate.cisce.org/,2026-08-25
WB203,East West Model School,"Burdwan, Purba Bardhaman, West Bengal, 713 141, India",Burdwan,Purba Bardhaman,West Bengal,713141,board,ICSE / ISC,Day,Co-ed.,true,23.3215406,87.7689551,https://www.eastwestmodelschool.org,https://locate.cisce.org/,2026-08-25
WB204,Gospel Home School,"Rishra, Hooghly, West Bengal, 712 248, India",Rishra,Hooghly,West Bengal,712248,board,ICSE / ISC,Day,Co-ed.,true,22.7323667,88.3552433,https://www.gospelhomeschool.org,https://locate.cisce.org/,2026-08-25
WB205,Durgapur Harshabardhan Road Aurobindo Vidyamandir,"Durgapur, Purba Bardhaman, West Bengal, 713 204, India",Durgapur,Purba Bardhaman,West Bengal,713204,board,ICSE,Day,Co-ed.,true,23.5735389,87.2826742,,https://locate.cisce.org/,2026-08-25
WB206,St. Xavier School,"Belguma, Purulia, West Bengal, 723 101, India",Belguma,Purulia,West Bengal,723101,board,ICSE / ISC,Day,Co-ed.,true,23.3182388,86.3408447,https://xavierspurulia.in,https://locate.cisce.org/,2026-08-25
WB207,Holy Cross School,"Kolkata, Kolkata, West Bengal, 700 145, India",Kolkata,Kolkata,West Bengal,700145,board,ICSE / ISC,Day,Co-ed.,true,22.3702122,88.4349364,https://holycrossschoolbaruipur.com,https://locate.cisce.org/,2026-08-25
WB209,Modern English Academy,"Barrackpore, North 24 Parganas, West Bengal, 700 120, India",Barrackpore,North 24 Parganas,West Bengal,700120,board,ICSE / ISC,Day,Co-ed.,true,22.7634979,88.3530151,https://meacademy.in,https://locate.cisce.org/,2026-08-25
WB210,Ram Mohan Mission High School,"Kolkata, Kolkata, West Bengal, 700 045, India",Kolkata,Kolkata,West Bengal,700045,board,ICSE / ISC,Day,Co-ed.,true,22.5023496,88.3611888,,https://locate.cisce.org/,2026-08-25
WB211,St. Paul's Educational Institution,"Shibpur, Howrah, West Bengal, 711 102, India",Shibpur,Howrah,West Bengal,711102,board,ICSE / ISC,Day,Co-ed.,true,22.5674514,88.3280304,,https://locate.cisce.org/,2026-08-25
WB212,Sacred Heart School,"Purulia , Purulia, West Bengal, 723 121, India",Purulia,Purulia,West Bengal,723121,board,ICSE,Day,Co-ed.,true,23.4417406,86.7877049,https://www.shsadra.in,https://locate.cisce.org/,2026-08-25
WB213,Christopher Day School,"Kharagpur, Paschim Medinipur, West Bengal, 721 304, India",Kharagpur,Paschim Medinipur,West Bengal,721304,board,ICSE / ISC,Day,Co-ed.,true,22.3437066,87.2738814,,https://locate.cisce.org/,2026-08-25
WB214,Calcutta Public School,"Kolkata, Kolkata, West Bengal, 700 099, India",Kolkata,Kolkata,West Bengal,700099,board,ICSE / ISC,Day,Co-ed.,true,22.5024608,88.3833269,https://calcuttapublicschools.com,https://locate.cisce.org/,2026-08-25
WB215,Hebron English School,"Bagdora, Darjeeling, West Bengal, 734 422, India",Bagdora,Darjeeling,West Bengal,734422,board,ICSE / ISC,Day,Co-ed.,true,26.6986114,88.3116995,https://www.myhebronschool.com,https://locate.cisce.org/,2026-08-25
WB217,Union Chapel School,"Kolkata, Kolkata, West Bengal, 700 013, India",Kolkata,Kolkata,West Bengal,700013,board,ICSE / ISC,Day,Co-ed.,true,22.5623512,88.360936,,https://locate.cisce.org/,2026-08-25
WB218,Modern High School For Girls,"Kolkata, Kolkata, West Bengal, 700 019, India",Kolkata,Kolkata,West Bengal,700019,board,ICSE / ISC,Day,Girls,true,22.5350546,88.3644537,https://mhsforgirls.edu.in,https://locate.cisce.org/,2026-08-25
WB219,Vidya Niketan,"Kolkata, Kolkata, West Bengal, 700 070, India",Kolkata,Kolkata,West Bengal,700070,board,ICSE / ISC,Day,Co-ed.,true,22.4706432,88.3643056,https://www.vidyaniketan.co.in,https://locate.cisce.org/,2026-08-25
WB220,Sunrise School,"Jalpaiguri, Jalpaiguri, West Bengal, 736 182, India",Jalpaiguri,Jalpaiguri,West Bengal,736182,board,ICSE,Day,Co-ed.,true,26.8572455,89.3833306,,https://locate.cisce.org/,2026-08-25
WB221,Sunshine School,"Birpara, Alipurduar, West Bengal, 735 204, India",Birpara,Alipurduar,West Bengal,735204,board,ICSE / ISC,Day,Co-ed.,true,26.7037598,89.1430029,,https://locate.cisce.org/,2026-08-25
WB222,Holy Home,"Kolkata, Kolkata, West Bengal, 700 070, India",Kolkata,Kolkata,West Bengal,700070,board,ICSE,Day,Co-ed.,true,22.4726106,88.3600295,,https://locate.cisce.org/,2026-08-25
WB223,Purwanchal Vidyamandir,"Kolkata, Kolkata, West Bengal, 700 054, India",Kolkata,Kolkata,West Bengal,700054,board,ICSE / ISC,Day,Co-ed.,true,22.5838907,88.3914693,https://www.purwanchalvidyamandir.org,https://locate.cisce.org/,2026-08-25
WB224,St. Anthony's Convent School,"Jalpaiguri, Alipurduar, West Bengal, 736 182, India",Jalpaiguri,Alipurduar,West Bengal,736182,board,ICSE / ISC,Day,Co-ed.,true,26.8366914,89.3843206,,https://locate.cisce.org/,2026-08-25
WB225,St. Milarepa Academy,"DARJEELING, Darjeeling, West Bengal, 734 221, India",DARJEELING,Darjeeling,West Bengal,734221,board,ICSE / ISC,Day,Co-ed.,true,26.9969323,88.1671976,,https://locate.cisce.org/,2026-08-25
WB226,St. Mary's Convent School,"Howrah, Howrah, West Bengal, 711 111, India",Howrah,Howrah,West Bengal,711111,board,ICSE / ISC,Day,Co-ed.,true,22.5846442,88.2954672,https://smcssantragachi.org,https://locate.cisce.org/,2026-08-25
WB227,Gitaram Academy,"Berhampore, Murshidabad, West Bengal, 742 187, India",Berhampore,Murshidabad,West Bengal,742187,board,ICSE / ISC,Day/Residential,Co-ed.,true,23.7237726,88.2935844,https://gitaramgroup.org/academy/,https://locate.cisce.org/,2026-08-25
WB229,The Calcutta Emmanuel School,"Kolkata, Kolkata, West Bengal, 700 032, India",Kolkata,Kolkata,West Bengal,700032,board,ICSE / ISC,Day,Co-ed.,true,22.4971942,88.3648841,https://www.calemmschool.org,https://locate.cisce.org/,2026-08-25
WB230,St. Xavier's School,"Raiganj, Uttar Dinajpur, West Bengal, 733 130, India",Raiganj,Uttar Dinajpur,West Bengal,733130,board,ICSE / ISC,Day,Co-ed.,true,25.6610893,88.1704877,https://stxaviersraiganj.com,https://locate.cisce.org/,2026-08-25
WB231,Convent Of Jesus And Mary,"Ranaghat, Nadia, West Bengal, 741 201, India",Ranaghat,Nadia,West Bengal,741201,board,ICSE / ISC,Day,Co-ed.,true,23.1619869,88.5594003,https://www.cjmranaghat.org,https://locate.cisce.org/,2026-08-25
WB232,St. John's High School,"Rajarhat, North 24 Parganas, West Bengal, 700 136, India",Rajarhat,North 24 Parganas,West Bengal,700136,board,ICSE / ISC,Day,Co-ed.,true,22.6451167,88.4611305,,https://locate.cisce.org/,2026-08-25
WB233,Vivekananda Mission School,"Haldia Township, Purba Medinipur, West Bengal, 721 605, India",Haldia Township,Purba Medinipur,West Bengal,721605,board,ICSE / ISC,Day,Co-ed.,true,22.0274237,88.0493565,,https://locate.cisce.org/,2026-08-25
WB234,Park Institution,"Sodepur, North 24 Parganas, West Bengal, 700 110, India",Sodepur,North 24 Parganas,West Bengal,700110,board,ICSE,Day,Co-ed.,true,22.6919738,88.391559,,https://locate.cisce.org/,2026-08-25
WB236,K. E. Carmel School,"Baruipur Road, South 24 Parganas, West Bengal, 743 503, India",Baruipur Road,South 24 Parganas,West Bengal,743503,board,ICSE / ISC,Day,Co-ed.,true,22.3668822,88.2777344,https://www.kecarmelamtala.com,https://locate.cisce.org/,2026-08-25
WB237,Springdale Academy,"Kalimpong, Darjeeling, West Bengal, 734 301, India",Kalimpong,Darjeeling,West Bengal,734301,board,ICSE / ISC,Day,Co-ed.,true,27.0593562,88.4694535,,https://locate.cisce.org/,2026-08-25
WB238,Green Lawn School,"Soureni Bazar, Darjeeling, West Bengal, 734 227, India",Soureni Bazar,Darjeeling,West Bengal,734227,board,ICSE / ISC,Day,Co-ed.,true,26.8605373,88.2035057,,https://locate.cisce.org/,2026-08-25
WB239,Stepping Stone School (High),"Rishra, Hooghly, West Bengal, 712 248, India",Rishra,Hooghly,West Bengal,712248,board,ICSE / ISC,Day,Co-ed.,true,22.7193586,88.3440501,https://www.steppingstoneschool.org.in,https://locate.cisce.org/,2026-08-25
WB240,The Heritage School,"Kolkata, Kolkata, West Bengal, 700 107, India",Kolkata,Kolkata,West Bengal,700107,board,ICSE / ISC,Day,Co-ed.,true,22.5008964,88.4061291,https://www.theheritageschool.org,https://locate.cisce.org/,2026-08-25
WB241,St. Xavier's School,"DARJEELING, Darjeeling, West Bengal, 734 311, India",DARJEELING,Darjeeling,West Bengal,734311,board,ICSE / ISC,Day,Co-ed.,true,27.1593867,88.6156905,https://sxspedong.in,https://locate.cisce.org/,2026-08-25
WB242,Bishop Morrow School,"Krishnagar, Nadia, West Bengal, 741 101, India",Krishnagar,Nadia,West Bengal,741101,board,ICSE / ISC,Day,Co-ed.,true,23.4043751,88.4949381,https://www.bmskrishnagar.in,https://locate.cisce.org/,2026-08-25
WB243,St. Clare School,"Kolkata, Kolkata, West Bengal, 700 093, India",Kolkata,Kolkata,West Bengal,700093,board,ICSE / ISC,Day,Co-ed.,true,22.475573,88.352966,https://www.stclareschoolkolkata.com,https://locate.cisce.org/,2026-08-25
WB244,Kanchrapara English Medium School,"Kanchrapara, North 24 Parganas, West Bengal, 743 145, India",Kanchrapara,North 24 Parganas,West Bengal,743145,board,ICSE / ISC,Day,Co-ed.,true,22.9527614,88.4248409,,https://locate.cisce.org/,2026-08-25
WB245,Isabella School,"Siliguri, Jalpaiguri, West Bengal, 734 008, India",Siliguri,Jalpaiguri,West Bengal,734008,board,ICSE / ISC,Day,Co-ed.,true,26.726279,88.4287832,,https://locate.cisce.org/,2026-08-25
WB246,Garia Vidyabhavana South,"Kolkata, Kolkata, West Bengal, 700 084, India",Kolkata,Kolkata,West Bengal,700084,board,ICSE,Day,Co-ed.,true,22.4627784,88.3799454,,https://locate.cisce.org/,2026-08-25
WB247,Rose Bank Edu - Care High School,"Madhyamgram, North 24 Parganas, West Bengal, 700 129, India",Madhyamgram,North 24 Parganas,West Bengal,700129,board,ICSE / ISC,Day,Co-ed.,true,22.6924004,88.4653367,,https://locate.cisce.org/,2026-08-25
WB248,West Point School,"Matigara, Darjeeling, West Bengal, 734 428, India",Matigara,Darjeeling,West Bengal,734428,board,ICSE / ISC,Day,Co-ed.,true,26.7223104,88.3810363,,https://locate.cisce.org/,2026-08-25
WB249,St. Luke's Day School,"Naihati, North 24 Parganas, West Bengal, 743 165, India",Naihati,North 24 Parganas,West Bengal,743165,board,ICSE / ISC,Day,Co-ed.,true,22.8895189,88.4219729,https://stlukesdayschool.in,https://locate.cisce.org/,2026-08-25
WB250,Akshar,"Kolkata, Kolkata, West Bengal, 700 027, India",Kolkata,Kolkata,West Bengal,700027,board,ICSE / ISC,Day,Co-ed.,true,22.5212002,88.3241138,https://www.aksharschool.org,https://locate.cisce.org/,2026-08-25
WB251,Asansol St. Anthony Secondary School,"Asansol, Purba Bardhaman, West Bengal, 713 304, India",Asansol,Purba Bardhaman,West Bengal,713304,board,ICSE,Day,Co-ed.,true,23.6892189,86.9499945,,https://locate.cisce.org/,2026-08-25
WB252,Temple Of Wisdom School,"DARJEELING, Darjeeling, West Bengal, 734 227, India",DARJEELING,Darjeeling,West Bengal,734227,board,ICSE,Day,Co-ed.,true,26.8605373,88.2035057,,https://locate.cisce.org/,2026-08-25
WB253,The Assembly Of God Church School,"DARJEELING, Darjeeling, West Bengal, 734 101, India",DARJEELING,Darjeeling,West Bengal,734101,board,ICSE / ISC,Day,Co-ed.,true,27.0489887,88.2701772,https://www.agcschooldarjeeling.com,https://locate.cisce.org/,2026-08-25
WB254,West End High School,"Jhargram, Paschim Medinipur, West Bengal, 721 507, India",Jhargram,Paschim Medinipur,West Bengal,721507,board,ICSE / ISC,Day,Co-ed.,true,22.4549909,86.9974385,https://westendhighschool.org,https://locate.cisce.org/,2026-08-25
WB255,North Point English Academy,"Jhaljhalia, Malda, West Bengal, 732 102, India",Jhaljhalia,Malda,West Bengal,732102,board,ICSE / ISC,Day,Co-ed.,true,25.0123375,88.1333594,https://northpointenglishacademy.org,https://locate.cisce.org/,2026-08-25
WB256,Vrindavan School,"Kalimpong, Darjeeling, West Bengal, 734 301, India",Kalimpong,Darjeeling,West Bengal,734301,board,ICSE / ISC,Day,Co-ed.,true,27.0593562,88.4694535,https://www.vrindavanschool.org,https://locate.cisce.org/,2026-08-25
WB257,Jogamaya Memorial Institute,"Singur, Hooghly, West Bengal, 712 409, India",Singur,Hooghly,West Bengal,712409,board,ICSE / ISC,Day,Co-ed.,true,22.8150138,88.2299383,https://jminstitute.org,https://locate.cisce.org/,2026-08-25
WB259,St. Michael's School,"Siliguri, Jalpaiguri, West Bengal, 734 001, India",Siliguri,Jalpaiguri,West Bengal,734001,board,ICSE,Day/Boarding,Co-ed.,true,26.7373778,88.4342567,https://www.smsslg.com,https://locate.cisce.org/,2026-08-25
WB260,Auxilium Convent School,"Barasat, North 24 Parganas, West Bengal, 700 124, India",Barasat,North 24 Parganas,West Bengal,700124,board,ICSE / ISC,Day,Co-ed.,true,22.7130449,88.5083234,https://auxiliumbarasat.org,https://locate.cisce.org/,2026-08-25
WB261,International Public School,"Jessore Road, North 24 Parganas, West Bengal, 700 133, India",Jessore Road,North 24 Parganas,West Bengal,700133,board,ICSE / ISC,Day,Co-ed.,true,22.6755994,88.4453835,,https://locate.cisce.org/,2026-08-25
WB262,Camellia School,"DARJEELING, Darjeeling, West Bengal, 734 101, India",DARJEELING,Darjeeling,West Bengal,734101,board,ICSE / ISC,Day,Co-ed.,true,27.0389546,88.2665455,,https://locate.cisce.org/,2026-08-25
WB263,Father Leblond School,"DARJEELING, Darjeeling, West Bengal, 734 426, India",DARJEELING,Darjeeling,West Bengal,734426,board,ICSE / ISC,Day/Residential,Co-ed.,true,27.0391914,88.2638831,,https://locate.cisce.org/,2026-08-25
WB264,St. Anthony's School,"Devnagar, Jalpaiguri, West Bengal, 735 101, India",Devnagar,Jalpaiguri,West Bengal,735101,board,ICSE / ISC,Day,Co-ed.,true,26.5108001,88.6940401,,https://locate.cisce.org/,2026-08-25
WB265,St. Joseph Day School,"Howrah, Howrah, West Bengal, 711 101, India",Howrah,Howrah,West Bengal,711101,board,ICSE / ISC,Day/Boarding,Co-ed.,true,22.5914828,88.3303523,http://www.stjosephdayschool.com/,https://locate.cisce.org/,2026-08-25
WB266,National English School,"Kolkata, Kolkata, West Bengal, 700 135, India",Kolkata,Kolkata,West Bengal,700135,board,ICSE / ISC,Day,Co-ed.,true,22.6232727,88.4948694,https://www.neschool.org,https://locate.cisce.org/,2026-08-25
WB267,St. Ann's Day School,"HOWRAH, Howrah, West Bengal, 711 101, India",HOWRAH,Howrah,West Bengal,711101,board,ICSE / ISC,Day,Co-ed.,true,22.58529,88.3286165,,https://locate.cisce.org/,2026-08-25
WB269,Dunlop English Medium School,"HOOGHLY, Hooghly, West Bengal, 712 104, India",HOOGHLY,Hooghly,West Bengal,712104,board,ICSE / ISC,Day,Co-ed.,true,22.9409824,88.3931154,,https://locate.cisce.org/,2026-08-25
WB270,Contai Public School,"Purba Medinipore, Purba Medinipur, West Bengal, 721 402, India",Purba Medinipore,Purba Medinipur,West Bengal,721402,board,ICSE / ISC,Day,Co-ed.,true,21.7745084,87.7476661,https://www.contaipublicschool.com,https://locate.cisce.org/,2026-08-25
WB271,The Scholar,"Islampur, Uttar Dinajpur, West Bengal, 733202, India",Islampur,Uttar Dinajpur,West Bengal,733202,board,ICSE / ISC,Day,Co-ed.,true,26.2640721,88.192571,,https://locate.cisce.org/,2026-08-25
WB272,Assembly Of Christ School,"Kolkata, Kolkata, West Bengal, 700120, India",Kolkata,Kolkata,West Bengal,700120,board,ICSE / ISC,Day/Residential,Co-ed.,true,22.5743545,88.3628734,https://www.assemblyofchristschool.com,https://locate.cisce.org/,2026-08-25
WB273,Holy Family School,"MURSHIDABAD, Murshidabad, West Bengal, 742 212, India",MURSHIDABAD,Murshidabad,West Bengal,742212,board,ICSE / ISC,Day,Co-ed.,true,24.7795182,87.9173676,https://holyfamilyschoolfarakka.in,https://locate.cisce.org/,2026-08-25
WB274,Shatavisha Public School,"Haripal, Hooghly, West Bengal, 712 405, India",Haripal,Hooghly,West Bengal,712405,board,ICSE / ISC,Day,Co-ed.,true,22.8399101,88.1352391,,https://locate.cisce.org/,2026-08-25
WB275,Maharishi Vidya Mandir,"Kolkata, Kolkata, West Bengal, 700 047, India",Kolkata,Kolkata,West Bengal,700047,board,ICSE / ISC,Day,Co-ed.,true,22.4871543,88.3511734,,https://locate.cisce.org/,2026-08-25
WB276,Delhi Public School Megacity,"Rajarhat, North 24 Parganas, West Bengal, 700 136, India",Rajarhat,North 24 Parganas,West Bengal,700136,board,ICSE / ISC,Day,Co-ed.,true,22.5905933,88.5045477,https://www.dpsmegacity.in,https://locate.cisce.org/,2026-08-25
WB277,Adamas International School,"Kolkata, Kolkata, West Bengal, 700 056, India",Kolkata,Kolkata,West Bengal,700056,board,ICSE / ISC,Day/Boarding,Co-ed.,true,22.664116,88.3753393,https://www.adamas.co.in,https://locate.cisce.org/,2026-08-25
WB278,Garden High School,"Kolkata, Kolkata, West Bengal, 700 107, India",Kolkata,Kolkata,West Bengal,700107,board,ICSE / ISC,Day,Co-ed.,true,22.5192909,88.392676,,https://locate.cisce.org/,2026-08-25
WB279,Disari Public School,"Haldia, Purba Medinipur, West Bengal, 721 654, India",Haldia,Purba Medinipur,West Bengal,721654,board,ICSE / ISC,Day/Boarding,Co-ed.,true,22.5332356,88.3459362,https://www.disaripschool.com,https://locate.cisce.org/,2026-08-25
WB280,Don Bosco Self Employment Research Institute,"Bhattanagar, Howrah, West Bengal, 711 203, India",Bhattanagar,Howrah,West Bengal,711203,board,CVE,Day/Residential,Co-ed.,true,22.6203015,88.3256011,,https://locate.cisce.org/,2026-08-25
WB281,PRAMILA MEMORIAL ADVANCED SCHOOL,"Kolkata, Kolkata, West Bengal, 700 059, India",Kolkata,Kolkata,West Bengal,700059,board,ICSE / ISC,Day,Co-ed.,true,22.6114813,88.4226372,https://www.pramilamemorial.org,https://locate.cisce.org/,2026-08-25
WB283,Sunrise School,"DARJEELING, Darjeeling, West Bengal, 734 105, India",DARJEELING,Darjeeling,West Bengal,734105,board,ICSE / ISC,Day,Co-ed.,true,27.0506258,88.2772946,,https://locate.cisce.org/,2026-08-25
WB284,Mahavir Institute Of Education And Research,"Kolkata, Kolkata, West Bengal, 700 014 , India",Kolkata,Kolkata,West Bengal,700014,board,ICSE / ISC,Day,Co-ed.,true,22.5621006,88.3715685,https://www.mahavirschool.com,https://locate.cisce.org/,2026-08-25
WB285,Harvard House High School,"Kolkata, Kolkata, West Bengal, 700 046, India",Kolkata,Kolkata,West Bengal,700046,board,ICSE / ISC,Day,Boys,true,22.5522837,88.3868719,,https://locate.cisce.org/,2026-08-25
WB286,Assembly Of Angels Secondary School,"Kolkata, North 24 Parganas, West Bengal, 700 120, India",Kolkata,North 24 Parganas,West Bengal,700120,board,ICSE / ISC,Day,Co-ed.,true,22.7652615,88.3535931,https://assemblyofangels.org,https://locate.cisce.org/,2026-08-25
WB287,St. Mary's English School,"Ranaghat, Nadia, West Bengal, 741 201, India",Ranaghat,Nadia,West Bengal,741201,board,ICSE / ISC,Day,Co-ed.,true,23.1882193,88.5589473,https://www.stmarysenglishschool.org,https://locate.cisce.org/,2026-08-25
WB288,Lyceum English Medium School,"Howrah, Howrah, West Bengal, 711 109, India",Howrah,Howrah,West Bengal,711109,board,ICSE / ISC,Day,Co-ed.,true,22.5634345,88.2968114,https://www.lyceumengmedschool.com,https://locate.cisce.org/,2026-08-25
WB289,Oxford High School,"Podrah, Howrah, West Bengal, 711 109, India",Podrah,Howrah,West Bengal,711109,board,ICSE / ISC,Day,Co-ed.,true,22.5665528,88.2755381,,https://locate.cisce.org/,2026-08-25
WB290,National Public School,"Kolkata, Kolkata, West Bengal, 700 053, India",Kolkata,Kolkata,West Bengal,700053,board,ICSE / ISC,Day,Co-ed.,true,22.4917585,88.3377821,,https://locate.cisce.org/,2026-08-25
WB291,Sarwan Memorial School,"Jalpaiguri, Jalpaiguri, West Bengal, 735 202, India",Jalpaiguri,Jalpaiguri,West Bengal,735202,board,ICSE / ISC,Day,Co-ed.,true,26.7945527,89.0305764,,https://locate.cisce.org/,2026-08-25
WB292,Grace English School,"Kalimpong, Darjeeling, West Bengal, 734 311, India",Kalimpong,Darjeeling,West Bengal,734311,board,ICSE / ISC,Day,Co-ed.,true,27.1460749,88.6506241,https://www.graceans.blogspot.in,https://locate.cisce.org/,2026-08-25
WB293,Welland Gouldsmith School,"Kolkata, Kolkata, West Bengal, 700 094, India",Kolkata,Kolkata,West Bengal,700094,board,ICSE / ISC,Day,Co-ed.,true,22.4698406,88.3866814,https://www.wgskolkata.com,https://locate.cisce.org/,2026-08-25
WB294,Delhi Public School,"Kolkata, Kolkata, West Bengal, 700 156, India",Kolkata,Kolkata,West Bengal,700156,board,ICSE / ISC,Day,Co-ed.,true,22.5594073,88.5072505,,https://locate.cisce.org/,2026-08-25
WB295,Our Lady Queen Of The Missions School,"Kolkata, Kolkata, West Bengal, 700 106, India",Kolkata,Kolkata,West Bengal,700106,board,ICSE / ISC,Day,Girls,true,22.5735836,88.4169292,https://www.qmssaltlake.org,https://locate.cisce.org/,2026-08-25
WB296,Rishi Aurobindo Memorial Academy,"Kolkata, Kolkata, West Bengal, 700 028, India",Kolkata,Kolkata,West Bengal,700028,board,ICSE / ISC,Day,Co-ed.,true,22.6434681,88.4231519,https://www.rama.org.in,https://locate.cisce.org/,2026-08-25
WB298,Devaki Memorial School,"Kolkata, North 24 Parganas, West Bengal, 700 135, India",Kolkata,North 24 Parganas,West Bengal,700135,board,ICSE / ISC,Day,Co-ed.,true,22.6163557,88.4691414,,https://locate.cisce.org/,2026-08-25
WB299,Purushottam Bhagchandka Academic School,"Kolkata, Kolkata, West Bengal, 700 041, India",Kolkata,Kolkata,West Bengal,700041,board,ICSE / ISC,Day,Co-ed.,true,22.4882254,88.3386144,https://www.pbacademic.com,https://locate.cisce.org/,2026-08-25
WB300,Marian Co-educational School,"Kolkata, Kolkata, West Bengal, 700 039, India",Kolkata,Kolkata,West Bengal,700039,board,ICSE / ISC,Day,Co-ed.,true,22.5240629,88.3940532,,https://locate.cisce.org/,2026-08-25
WB301,St. Xavier's School,"Siliguri, Jalpaiguri, West Bengal, 734 001, India",Siliguri,Jalpaiguri,West Bengal,734001,board,ICSE / ISC,Day,Co-ed.,true,26.7398083,88.4347486,,https://locate.cisce.org/,2026-08-25
WB302,Alphonsa School,"Siliguri, Darjeeling, West Bengal, 734 012, India",Siliguri,Darjeeling,West Bengal,734012,board,ICSE,Day,Co-ed.,true,26.6925495,88.3845786,https://alphonsaschoolkalamjote.com,https://locate.cisce.org/,2026-08-25
WB303,Abbot Shishu Hall,"HOOGHLY, Hooghly, West Bengal, 712 103, India",HOOGHLY,Hooghly,West Bengal,712103,board,ICSE / ISC,Day,Co-ed.,true,22.896256,88.2461183,https://abbotshishuhall,https://locate.cisce.org/,2026-08-25
WB304,Welkin National School,"Kolkata, South 24 Parganas, West Bengal, 700 144, India",Kolkata,South 24 Parganas,West Bengal,700144,board,ICSE / ISC,Day,Co-ed.,true,22.3475252,88.4382682,,https://locate.cisce.org/,2026-08-25
WB305,St. Claret School,"Kolkata, North 24 Parganas, West Bengal, 700 121, India",Kolkata,North 24 Parganas,West Bengal,700121,board,ICSE / ISC,Day,Co-ed.,true,22.5743545,88.3628734,https://www.stclaretkolkata.com,https://locate.cisce.org/,2026-08-25
WB306,Carmel School,"Kolkata, South 24 Parganas, West Bengal, 700 137, India",Kolkata,South 24 Parganas,West Bengal,700137,board,ICSE / ISC,Day,Co-ed.,true,22.4893344,88.2058904,https://carmelsarangabad.com,https://locate.cisce.org/,2026-08-25
WB307,El-Bethel School,"Kolkata, Kolkata, West Bengal, 700 104, India",Kolkata,Kolkata,West Bengal,700104,board,ICSE / ISC,Day,Co-ed.,true,22.4588896,88.3023537,https://www.el-bethel.org.in,https://locate.cisce.org/,2026-08-25
WB308,Burdwan Holy Child School,"Burdwan, Purba Bardhaman, West Bengal, 713 101, India",Burdwan,Purba Bardhaman,West Bengal,713101,board,ICSE / ISC,Day,Co-ed.,true,23.2433322,87.880618,https://bwnholychildschool.org,https://locate.cisce.org/,2026-08-25
WB309,Saint Paul's School,"Paharpur, Jalpaiguri, West Bengal, 735 121, India",Paharpur,Jalpaiguri,West Bengal,735121,board,ICSE / ISC,Day,Co-ed.,true,26.5941599,88.6706378,https://saintpaulsschooljalpaiguri.org,https://locate.cisce.org/,2026-08-25
WB310,Lions Calcutta ( Greater ) Vidya Mandir,"Kolkata, Kolkata, West Bengal, 700 149, India",Kolkata,Kolkata,West Bengal,700149,board,ICSE / ISC,Day,Co-ed.,true,22.591878,88.4076475,https://www.lionsvidyamandir.in,https://locate.cisce.org/,2026-08-25
WB311,The Aryans School,"Kolkata, Kolkata, West Bengal, 700 058, India",Kolkata,Kolkata,West Bengal,700058,board,ICSE / ISC,Day,Co-ed.,true,22.6773036,88.3772397,,https://locate.cisce.org/,2026-08-25
WB312,St. Francis School,"Kolkata, North 24 Parganas, West Bengal, 743 704, India",Kolkata,North 24 Parganas,West Bengal,743704,board,ICSE / ISC,Day/Boarding,Co-ed.,true,22.7518794,88.5178877,https://stfrancisschoolguma.in,https://locate.cisce.org/,2026-08-25
WB313,S.l. Bajoria Foundation High School,"Sanjua, South 24 Parganas, West Bengal, 743 377, India",Sanjua,South 24 Parganas,West Bengal,743377,board,ICSE / ISC,Day,Co-ed.,true,22.3952488,88.223754,https://www.slbfhighschool.com,https://locate.cisce.org/,2026-08-25
WB314,Nopany High,"Kolkata, Kolkata, West Bengal, 700 006, India",Kolkata,Kolkata,West Bengal,700006,board,ICSE / ISC,Day,Co-ed.,true,22.5743545,88.3628734,https://www.nopanyhigh.com,https://locate.cisce.org/,2026-08-25
WB315,Auxilium Convent School,"Siliguri, Jalpaiguri, West Bengal, 734 001, India",Siliguri,Jalpaiguri,West Bengal,734001,board,ICSE / ISC,Day,Co-ed.,true,26.7373778,88.4342567,https://www.acssiliguri.com,https://locate.cisce.org/,2026-08-25
WB316,Shaw Public School,"Kolkata, Kolkata, West Bengal, 700 034, India",Kolkata,Kolkata,West Bengal,700034,board,ICSE / ISC,Day,Girls,true,22.4933959,88.3113737,https://spskolkata.com,https://locate.cisce.org/,2026-08-25
WB317,St. Teresa's School,"Bolpur, Birbhum, West Bengal, 731 235, India",Bolpur,Birbhum,West Bengal,731235,board,ICSE / ISC,Day,Co-ed.,true,23.6838448,87.7033356,,https://locate.cisce.org/,2026-08-25
WB318,New Age Public School,"CHAMPAPUKUR, North 24 Parganas, West Bengal, 743 291, India",CHAMPAPUKUR,North 24 Parganas,West Bengal,743291,board,ICSE / ISC,Day,Co-ed.,true,22.6703745,88.8478819,,https://locate.cisce.org/,2026-08-25
WB319,H. S. Memorial School,"Dankuni, Hooghly, West Bengal, 712 304, India",Dankuni,Hooghly,West Bengal,712304,board,ICSE / ISC,Day,Co-ed.,true,22.6894929,88.2668009,https://www.hsmemorialschool.org,https://locate.cisce.org/,2026-08-25
WB320,Mangalam Vidya Niketan,"Kolkata, Kolkata, West Bengal, 700 136, India",Kolkata,Kolkata,West Bengal,700136,board,ICSE / ISC,Day,Co-ed.,true,22.6351262,88.436137,https://www.mangalamvidyaniketan.in,https://locate.cisce.org/,2026-08-25
WB321,Loreto Day School,"Kolkata, Kolkata, West Bengal, 700 012, India",Kolkata,Kolkata,West Bengal,700012,board,ICSE / ISC,Day,Girls,true,22.5699768,88.3587077,https://www.loretobowbazar.in,https://locate.cisce.org/,2026-08-25
WB322,St. Paul's Academy,"Burdwan, Purba Bardhaman, West Bengal, 713 104, India",Burdwan,Purba Bardhaman,West Bengal,713104,board,ICSE / ISC,Day,Co-ed.,true,23.2229253,87.9310291,https://www.stpaulsacademybwn.org,https://locate.cisce.org/,2026-08-25
WB323,Cygnet Day School,"Bongaon, North 24 Parganas, West Bengal, 743 235, India",Bongaon,North 24 Parganas,West Bengal,743235,board,ICSE / ISC,Day,Co-ed.,true,23.0264765,88.8022842,https://cygnetdayschool.in,https://locate.cisce.org/,2026-08-25
WB325,Apex Academy,"Purba Medinipur, West Bengal, 721 628, India",,Purba Medinipur,West Bengal,721628,board,ICSE / ISC,Day,Co-ed.,true,22.1813597,87.9898205,https://apex-academy.in,https://locate.cisce.org/,2026-08-25
WB326,South City International School,"Kolkata, Kolkata, West Bengal, 700 068, India",Kolkata,Kolkata,West Bengal,700068,board,ICSE / ISC,Day,Co-ed.,true,22.500007,88.3602059,https://www.scis.co.in,https://locate.cisce.org/,2026-08-25
WB327,Vision International School,"Makhla Uttarpara, Hooghly, West Bengal, 712 245, India",Makhla Uttarpara,Hooghly,West Bengal,712245,board,ICSE / ISC,Day,Co-ed.,true,22.6651335,88.3371626,https://www.visioninternationalschool.net,https://locate.cisce.org/,2026-08-25
WB328,Sri Sri Academy,"Kolkata, Kolkata, West Bengal, 700 027, India",Kolkata,Kolkata,West Bengal,700027,board,ICSE / ISC,Day,Co-ed.,true,22.5176091,88.3334959,https://www.ssa.org.in,https://locate.cisce.org/,2026-08-25
WB329,Pailan World School,"Kolkata, Kolkata, West Bengal, 700 104, India",Kolkata,Kolkata,West Bengal,700104,board,ICSE / ISC,Day/Boarding,Co-ed.,true,22.4400924,88.2943171,https://www.pailanworldschool.com,https://locate.cisce.org/,2026-08-25
WB330,Boon English School,"Hamiltonganj, Alipurduar, West Bengal, 735 214, India",Hamiltonganj,Alipurduar,West Bengal,735214,board,ICSE / ISC,Day/Boarding,Co-ed.,true,26.6866236,89.4245609,,https://locate.cisce.org/,2026-08-25
WB331,Ideal Public School,"Kulgachia, Howrah, West Bengal, 711 303, India",Kulgachia,Howrah,West Bengal,711303,board,ICSE / ISC,Day,Co-ed.,true,22.4722857,88.02071,,https://locate.cisce.org/,2026-08-25
WB332,Claret School,"BARDHAMAN, Purba Bardhaman, West Bengal, 713 146, India",BARDHAMAN,Purba Bardhaman,West Bengal,713146,board,ICSE / ISC,Day,Co-ed.,true,23.2250167,88.1479631,https://www.claretsahanagar.com,https://locate.cisce.org/,2026-08-25
WB333,Tamralipta Public School,"Tamluk, Purba Medinipur, West Bengal, 721 636, India",Tamluk,Purba Medinipur,West Bengal,721636,board,ICSE / ISC,Day,Co-ed.,true,22.2927954,87.9144696,,https://locate.cisce.org/,2026-08-25
WB334,Holy Child School,"Kalna, Purba Bardhaman, West Bengal, 713 409, India",Kalna,Purba Bardhaman,West Bengal,713409,board,ICSE / ISC,Day,Co-ed.,true,23.2056489,88.3615713,,https://locate.cisce.org/,2026-08-25
WB335,Greenhill English School,"DARJEELING, Darjeeling, West Bengal, 734 219, India",DARJEELING,Darjeeling,West Bengal,734219,board,ICSE / ISC,Day,Co-ed.,true,26.9605793,88.2724736,,https://locate.cisce.org/,2026-08-25
WB336,St. Claret School,"Bishrail, Dakshin Dinajpur, West Bengal, 733 124, India",Bishrail,Dakshin Dinajpur,West Bengal,733124,board,ICSE / ISC,Day,Co-ed.,true,25.3600749,88.4488677,https://www.stclaretbishrail.com,https://locate.cisce.org/,2026-08-25
WB337,Royal Academy,"Nazarganj, Paschim Medinipur, West Bengal, 721 101, India",Nazarganj,Paschim Medinipur,West Bengal,721101,board,ICSE / ISC,Day,Co-ed.,true,22.4111308,87.3071187,https://www.royalacademy.org.in,https://locate.cisce.org/,2026-08-25
WB338,Glenmore International School,"Darjeeling, Darjeeling, West Bengal, 734 214, India",Darjeeling,Darjeeling,West Bengal,734214,board,ICSE / ISC,Day,Co-ed.,true,26.8852968,88.1827931,,https://locate.cisce.org/,2026-08-25
WB339,Stratford Day School,"Calcutta, North 24 Parganas, West Bengal, 743263, India",Calcutta,North 24 Parganas,West Bengal,743263,board,ICSE / ISC,Day,Co-ed.,true,22.5743545,88.3628734,https://www.stratforddayschool.com,https://locate.cisce.org/,2026-08-25
WB340,St. Paul's School,"Rampurhat, Birbhum, West Bengal, 731 224 , India",Rampurhat,Birbhum,West Bengal,731224,board,ICSE / ISC,Day,Co-ed.,true,24.1140439,87.7990799,https://www.stpaulschoolrph.com,https://locate.cisce.org/,2026-08-25
WB341,Divine Mercy School,"Howrah, Howrah, West Bengal, 711405, India",Howrah,Howrah,West Bengal,711405,board,ICSE / ISC,Day,Co-ed.,true,22.6470872,88.1963885,https://www.divinemercyschool.org,https://locate.cisce.org/,2026-08-25
WB342,Sunrise English Medium School,"Darjeeling, Darjeeling, West Bengal, 734003, India",Darjeeling,Darjeeling,West Bengal,734003,board,ICSE / ISC,Day,Co-ed.,true,26.7676956,88.4182526,,https://locate.cisce.org/,2026-08-25
WB343,M.N.M. Memorial High School,"Sabang, Paschim Medinipur, West Bengal, 721166, India",Sabang,Paschim Medinipur,West Bengal,721166,board,ICSE / ISC,Day,Co-ed.,true,22.2261596,87.5629881,https://mnmmhschool.org,https://locate.cisce.org/,2026-08-25
WB344,Calcutta Public School,"Kolkata, North 24 Parganas, West Bengal, 700 090, India",Kolkata,North 24 Parganas,West Bengal,700090,board,ICSE / ISC,Day,Co-ed.,true,22.6315893,88.3894389,,https://locate.cisce.org/,2026-08-25
WB345,Gurukul Vidya Mandir Secondary School,"Kolkata, Kolkata, West Bengal, 700 104, India",Kolkata,Kolkata,West Bengal,700104,board,ICSE / ISC,Day,Co-ed.,true,22.45335,88.3025204,,https://locate.cisce.org/,2026-08-25
WB346,HOLY ANGELS' SCHOOL,"Katwa, Purba Bardhaman, West Bengal, 713130, India",Katwa,Purba Bardhaman,West Bengal,713130,board,ICSE / ISC,Day,Co-ed.,true,23.6488422,88.1292366,,https://locate.cisce.org/,2026-08-25
WB347,Julien Day School,"Howrah, Howrah, West Bengal, 711 409, India",Howrah,Howrah,West Bengal,711409,board,ICSE / ISC,Day,Co-ed.,true,22.6001854,88.261366,,https://locate.cisce.org/,2026-08-25
WB348,St. Stephen's School,"P.O. Habra, North 24 Parganas, West Bengal, 743263, India",P.O. Habra,North 24 Parganas,West Bengal,743263,board,ICSE / ISC,Day,Co-ed.,true,22.932398,88.7345185,,https://locate.cisce.org/,2026-08-25
WB349,Holy Cross School,"Pandua, Hooghly, West Bengal, 712146, India",Pandua,Hooghly,West Bengal,712146,board,ICSE / ISC,Day,Co-ed.,true,23.0778907,88.2852846,,https://locate.cisce.org/,2026-08-25
WB350,St. Stephen's Academy,"Kalimpong, Darjeeling, West Bengal, 734301, India",Kalimpong,Darjeeling,West Bengal,734301,board,ICSE,Day,Co-ed.,true,27.0207875,88.5633549,https://www.stephensacademy.net/,https://locate.cisce.org/,2026-08-25
WB351,St. Stephen's School,"Kolkata, South 24 Parganas, West Bengal, 700 137, India",Kolkata,South 24 Parganas,West Bengal,700137,board,ICSE / ISC,Day,Co-ed.,true,22.4860391,88.1935314,https://stsbudgebudge.org,https://locate.cisce.org/,2026-08-25
WB352,G E M S Akademia International School,"Kolkata, South 24 Parganas, West Bengal, 700104, India",Kolkata,South 24 Parganas,West Bengal,700104,board,ICSE / ISC,Day/Residential,Co-ed.,true,22.4269154,88.2689628,https://www.gemsakademia.com,https://locate.cisce.org/,2026-08-25
WB353,Brindavan Boarding School,"Mirik, Darjeeling, West Bengal, 734214, India",Mirik,Darjeeling,West Bengal,734214,board,ICSE / ISC,Day/Boarding,Co-ed.,true,26.8853516,88.182838,,https://locate.cisce.org/,2026-08-25
WB354,Magno Vale Academy,"DARJEELING, Darjeeling, West Bengal, 734221, India",DARJEELING,Darjeeling,West Bengal,734221,board,ICSE / ISC,Day/Boarding,Co-ed.,true,26.9966598,88.1666954,,https://locate.cisce.org/,2026-08-25
WB355,Sunshine High School,"Kurseong, Darjeeling, West Bengal, 734203, India",Kurseong,Darjeeling,West Bengal,734203,board,ICSE,Day,Co-ed.,true,26.88275,88.278967,,https://locate.cisce.org/,2026-08-25
WB356,Mountain Heritage Academy,"DARJEELING, Darjeeling, West Bengal, 734102, India",DARJEELING,Darjeeling,West Bengal,734102,board,ICSE / ISC,Day,Co-ed.,true,27.0079648,88.2377438,,https://locate.cisce.org/,2026-08-25
WB357,Holy Family Convent School,"Howrah, Howrah, West Bengal, 711 204, India",Howrah,Howrah,West Bengal,711204,board,ICSE / ISC,Day,Co-ed.,true,22.6170996,88.332412,https://www.holyfamilyliluah.org,https://locate.cisce.org/,2026-08-25
WB359,Mount Carmel School,"Dhupguri, Jalpaiguri, West Bengal, 735 210, India",Dhupguri,Jalpaiguri,West Bengal,735210,board,ICSE / ISC,Day,Co-ed.,true,26.6076272,89.0012007,https://www.mcsdhupguri.com,https://locate.cisce.org/,2026-08-25
WB360,Belda English Medium School,"Belda, Paschim Medinipur, West Bengal, 721424, India",Belda,Paschim Medinipur,West Bengal,721424,board,ICSE / ISC,Day,Co-ed.,true,22.0758421,87.3412438,https://www.beldaenglishmediumschool.in,https://locate.cisce.org/,2026-08-25
WB361,Paramount School,"Kalimpong, Darjeeling, West Bengal, 734301, India",Kalimpong,Darjeeling,West Bengal,734301,board,ICSE,Day,Co-ed.,true,27.0481825,88.4672032,https://www.paramountschoolkpg.org,https://locate.cisce.org/,2026-08-25
WB362,Don Bosco English Medium School,"Berhampore, Murshidabad, West Bengal, 742237, India",Berhampore,Murshidabad,West Bengal,742237,board,ICSE / ISC,Day/Boarding,Co-ed.,true,24.0982607,88.268411,,https://locate.cisce.org/,2026-08-25
WB363,SRI AUROBINDO VIDYABHAWAN,"BALICHAK, Paschim Medinipur, West Bengal, 721124, India",BALICHAK,Paschim Medinipur,West Bengal,721124,board,ICSE / ISC,Day,Co-ed.,true,22.3601451,87.5568898,https://www.sriaurobindovidyabhawan.com,https://locate.cisce.org/,2026-08-25
WB364,The Green View English Academy,"P.S Balurghat, Dakshin Dinajpur, West Bengal, 733102, India",P.S Balurghat,Dakshin Dinajpur,West Bengal,733102,board,ICSE / ISC,Day,Co-ed.,true,25.2164404,88.7710424,,https://locate.cisce.org/,2026-08-25
WB365,Bharat Academy &Sciences,"ULUBERIA, Howrah, West Bengal, 711316, India",ULUBERIA,Howrah,West Bengal,711316,board,ICSE / ISC,Day,Co-ed.,true,22.476861,88.0910964,,https://locate.cisce.org/,2026-08-25
WB366,Don Bosco School,"Oodlabari, Jalpaiguri, West Bengal, 735222, India",Oodlabari,Jalpaiguri,West Bengal,735222,board,ICSE / ISC,Day,Co-ed.,true,26.857848,88.6217225,https://www.donboscooodlabari.com,https://locate.cisce.org/,2026-08-25
WB367,Seventh Day Adventist School,"Kalimpong, Darjeeling, West Bengal, 734301, India",Kalimpong,Darjeeling,West Bengal,734301,board,ICSE,Day,Co-ed.,true,27.0628116,88.4627955,,https://locate.cisce.org/,2026-08-25
WB368,Carmel High School,"Kurseong, Darjeeling, West Bengal, 734203, India",Kurseong,Darjeeling,West Bengal,734203,board,ICSE,Day,Co-ed.,true,26.8700729,88.3014492,,https://locate.cisce.org/,2026-08-25
WB369,Vivekananda Academy,"P.O Depal, Purba Medinipur, West Bengal, 721453, India",P.O Depal,Purba Medinipur,West Bengal,721453,board,ICSE / ISC,Day,Co-ed.,true,21.7333456,87.5479294,,https://locate.cisce.org/,2026-08-25
WB370,All Saints Church School,"Kharagpur, Paschim Medinipur, West Bengal, 721301, India",Kharagpur,Paschim Medinipur,West Bengal,721301,board,ICSE / ISC,Day,Co-ed.,true,22.332658,87.3239749,,https://locate.cisce.org/,2026-08-25
WB371,St. Mary's School,"MALDA, Malda, West Bengal, 732101, India",MALDA,Malda,West Bengal,732101,board,ICSE,Day,Co-ed.,true,25.0045795,88.1358491,,https://locate.cisce.org/,2026-08-25
WB372,St. Joseph's Convent School,"BOLPUR, Birbhum, West Bengal, 731303, India",BOLPUR,Birbhum,West Bengal,731303,board,ICSE / ISC,Day/Boarding,Co-ed.,true,23.8096675,87.8187434,,https://locate.cisce.org/,2026-08-25
WB373,P. P. Memorial Academy,"Howrah, Howrah, West Bengal, 711302, India",Howrah,Howrah,West Bengal,711302,board,ICSE / ISC,Day,Co-ed.,true,22.5731795,88.1817649,https://ppmemorialacademy.com,https://locate.cisce.org/,2026-08-25
WB374,Rabindra Path Bhaban Academy,"Kolkata, North 24 Parganas, West Bengal, 700049, India",Kolkata,North 24 Parganas,West Bengal,700049,board,ICSE / ISC,Day,Co-ed.,true,22.6224115,88.4177137,,https://locate.cisce.org/,2026-08-25
WB375,Egra Public School,"EGRA, Purba Medinipur, West Bengal, 721429, India",EGRA,Purba Medinipur,West Bengal,721429,board,ICSE / ISC,Day/Boarding,Co-ed.,true,21.9001037,87.5369596,https://egrapublicschool.in,https://locate.cisce.org/,2026-08-25
WB376,Xavier's Model Secondary School,"Dankuni, Hooghly, West Bengal, 712311, India",Dankuni,Hooghly,West Bengal,712311,board,ICSE / ISC,Day,Co-ed.,true,22.6808687,88.295983,https://www.xaviersmodelsecondaryschool.org,https://locate.cisce.org/,2026-08-25
WB377,Agrasain Boys' School,"HOWRAH, Howrah, West Bengal, 711204, India",HOWRAH,Howrah,West Bengal,711204,board,ICSE / ISC,Day,Boys,true,22.6189136,88.3446719,https://agrasainboysschool.edu.in/,https://locate.cisce.org/,2026-08-25
WB378,Sri Ram Narayan Singh Memorial High School,"Kolkata, South 24 Parganas, West Bengal, 700107, India",Kolkata,South 24 Parganas,West Bengal,700107,board,ICSE / ISC,Day,Co-ed.,true,22.5125978,88.3953675,https://rnsmhs.org,https://locate.cisce.org/,2026-08-25
WB379,St. Joseph's English Medium School,"Katwa, Purba Bardhaman, West Bengal, 713150, India",Katwa,Purba Bardhaman,West Bengal,713150,board,ICSE / ISC,Day,Co-ed.,true,23.6402936,88.1132737,,https://locate.cisce.org/,2026-08-25
WB380,De Paul School,"Kolkata, South 24 Parganas, West Bengal, 700047, India",Kolkata,South 24 Parganas,West Bengal,700047,board,ICSE / ISC,Day,Co-ed.,true,22.4747392,88.359855,https://WWW.DEPAULSCHOOLKOLKATA.COM,https://locate.cisce.org/,2026-08-25
WB381,Seraphim's Assembly School,"Kolkata, North 24 Parganas, West Bengal, 700128, India",Kolkata,North 24 Parganas,West Bengal,700128,board,ICSE / ISC,Day,Co-ed.,true,22.6670286,88.379635,https://`,https://locate.cisce.org/,2026-08-25
WB382,Howard Memorial School,"Kolkata, South 24 Parganas, West Bengal, 700135, India",Kolkata,South 24 Parganas,West Bengal,700135,board,ICSE / ISC,Day,Co-ed.,true,22.6186794,88.3770905,,https://locate.cisce.org/,2026-08-25
WB383,St. Joseph's School,"Kanchrapara, North 24 Parganas, West Bengal, 741250, India",Kanchrapara,North 24 Parganas,West Bengal,741250,board,ICSE / ISC,Day,Co-ed.,true,22.9507247,88.4755063,https://www.sjckpa.net,https://locate.cisce.org/,2026-08-25
WB384,Familia School,"Kanchrapara, North 24 Parganas, West Bengal, 743145, India",Kanchrapara,North 24 Parganas,West Bengal,743145,board,ICSE / ISC,Day,Co-ed.,true,22.9229595,88.4893769,"https://www.familiaindia.org, www.familiaschoolkpa.org",https://locate.cisce.org/,2026-08-25
WB385,St. Joseph's School,"Siliguri, Darjeeling, West Bengal, 734426, India",Siliguri,Darjeeling,West Bengal,734426,board,ICSE / ISC,Day,Co-ed.,true,26.7271012,88.3952861,https://www.sjsaambari.in,https://locate.cisce.org/,2026-08-25
WB386,St. Stephen's School,"Kolkata, South 24 Parganas, West Bengal, 700150, India",Kolkata,South 24 Parganas,West Bengal,700150,board,ICSE / ISC,Day,Co-ed.,true,22.4417883,88.4189216,https://www.ststephenschoolsonarpur.org,https://locate.cisce.org/,2026-08-25
WB387,Children's Foundation School,"Kolkata, South 24 Parganas, West Bengal, 700 143, India",Kolkata,South 24 Parganas,West Bengal,700143,board,ICSE / ISC,Day,Co-ed.,true,22.4910116,88.2096224,https://www.childrensfoundation.co.in,https://locate.cisce.org/,2026-08-25
WB388,Sunshine Academy,"Kolkata, North 24 Parganas, West Bengal, 700155, India",Kolkata,North 24 Parganas,West Bengal,700155,board,ICSE,Day,Co-ed.,true,22.6765383,88.5268313,,https://locate.cisce.org/,2026-08-25
WB389,St. Mary's High School,"Kharagpur, Paschim Medinipur, West Bengal, 721306, India",Kharagpur,Paschim Medinipur,West Bengal,721306,board,ICSE / ISC,Day,Co-ed.,true,22.3199803,87.3191068,https://stmaryshighschoolkgp.org,https://locate.cisce.org/,2026-08-25
WB390,Ideal Mission School,"Kolkata, South 24 Parganas, West Bengal, 700 104, India",Kolkata,South 24 Parganas,West Bengal,700104,board,ICSE / ISC,Day,Co-ed.,true,22.457238,88.3194645,https://www.idealmissionschool.org.in,https://locate.cisce.org/,2026-08-25
WB391,Don Bosco School,"Berhampore, Murshidabad, West Bengal, 742102, India",Berhampore,Murshidabad,West Bengal,742102,board,ICSE / ISC,Day,Co-ed.,true,24.0959042,88.2704118,https://www.donboscoberhampore.in,https://locate.cisce.org/,2026-08-25
WB392,National English School,"Kolkata, North 24 Parganas, West Bengal, 700059, India",Kolkata,North 24 Parganas,West Bengal,700059,board,ICSE / ISC,Day,Co-ed.,true,22.6167873,88.4334606,https://neschool.org,https://locate.cisce.org/,2026-08-25
WB393,Vikramshila Academy,"Howrah, Howrah, West Bengal, 711112, India",Howrah,Howrah,West Bengal,711112,board,ICSE / ISC,Day,Co-ed.,true,22.5899412,88.2919645,https://www.vikramshilaschool.com,https://locate.cisce.org/,2026-08-25
WB394,St. Francis Xavier English Medium School,"Andal, Purba Bardhaman, West Bengal, 713321, India",Andal,Purba Bardhaman,West Bengal,713321,board,ICSE,Day,Co-ed.,true,23.5757074,87.1824015,,https://locate.cisce.org/,2026-08-25
WB395,Indira Gandhi Memorial Academy,"HOOGLY, Hooghly, West Bengal, 712245, India",HOOGLY,Hooghly,West Bengal,712245,board,ICSE / ISC,Day,Co-ed.,true,22.6696153,88.3369932,,https://locate.cisce.org/,2026-08-25
WB396,Saraswati Vidhya Daan Academy,"DARJEELING, Darjeeling, West Bengal, 734105, India",DARJEELING,Darjeeling,West Bengal,734105,board,ICSE,Day,Co-ed.,true,27.0536891,88.2755564,,https://locate.cisce.org/,2026-08-25
WB398,St. Xavier's School,"Alipurduar, Alipurduar, West Bengal, 736123, India",Alipurduar,Alipurduar,West Bengal,736123,board,ICSE / ISC,Day,Co-ed.,true,26.5259176,89.5541767,https://www.stxaviersalipurduar.com,https://locate.cisce.org/,2026-08-25
WB399,Sacred Heart School,"POKHRIABONG, Darjeeling, West Bengal, 734216, India",POKHRIABONG,Darjeeling,West Bengal,734216,board,ICSE / ISC,Day,Co-ed.,true,26.9519199,88.1779923,,https://locate.cisce.org/,2026-08-25
WB400,Roger's Academy,"Siliguri, Darjeeling, West Bengal, 734003, India",Siliguri,Darjeeling,West Bengal,734003,board,ICSE / ISC,Day,Co-ed.,true,26.776033,88.430121,https://www.rogersacademy.org,https://locate.cisce.org/,2026-08-25
WB401,St. Peter's School,"Kolkata, Purulia, West Bengal, 723101, India",Kolkata,Purulia,West Bengal,723101,board,ICSE,Day,Co-ed.,true,22.5397577,88.4111903,,https://locate.cisce.org/,2026-08-25
WB402,Durgamoyee Academy,"Bhadreswar, Hooghly, West Bengal, 712124, India",Bhadreswar,Hooghly,West Bengal,712124,board,ICSE / ISC,Day,Co-ed.,true,22.7235317,88.3839642,,https://locate.cisce.org/,2026-08-25
WB403,HOLYFAITH ACADEMY,"Dhuliyan, Murshidabad, West Bengal, 742202, India",Dhuliyan,Murshidabad,West Bengal,742202,board,ICSE / ISC,Day,Co-ed.,true,24.6583191,87.9423085,https://www.myholyfaith.org,https://locate.cisce.org/,2026-08-25
WB404,St. Xavier's Institution,"Kolkata, North 24 Parganas, West Bengal, 700119, India",Kolkata,North 24 Parganas,West Bengal,700119,board,ICSE / ISC,Day,Co-ed.,true,22.6540611,88.3765781,https://www.sxiruiya.org,https://locate.cisce.org/,2026-08-25
WB405,St. Paul's School,"Siliguri, Darjeeling, West Bengal, 734425, India",Siliguri,Darjeeling,West Bengal,734425,board,ICSE / ISC,Day,Co-ed.,true,26.7271012,88.3952861,,https://locate.cisce.org/,2026-08-25
WB406,Vivekananda Institution,"Deulti, Howrah, West Bengal, 711303, India",Deulti,Howrah,West Bengal,711303,board,ICSE / ISC,Day,Co-ed.,true,22.4689051,87.9091155,https://www.vivekanandainstitution.org,https://locate.cisce.org/,2026-08-25
WB407,ST FRANCIS ACADEMY,"Kolkata, South 24 Parganas, West Bengal, 700135, India",Kolkata,South 24 Parganas,West Bengal,700135,board,ICSE / ISC,Day,Co-ed.,true,22.5453446,88.2636283,https://www.stfrancisacademy.net,https://locate.cisce.org/,2026-08-25
WB408,St. Paul's School,"GANGARAMPUR, Dakshin Dinajpur, West Bengal, 733124, India",GANGARAMPUR,Dakshin Dinajpur,West Bengal,733124,board,ICSE,Day,Co-ed.,true,25.4149125,88.5357031,,https://locate.cisce.org/,2026-08-25
WB409,St. Stephen's School Kalyani,"Kalyani, Nadia, West Bengal, 741235, India",Kalyani,Nadia,West Bengal,741235,board,ICSE / ISC,Day,Co-ed.,true,22.9747271,88.433721,,https://locate.cisce.org/,2026-08-25
WB410,City English School,"Kolkata, South 24 Parganas, West Bengal, 743502, India",Kolkata,South 24 Parganas,West Bengal,743502,board,ICSE / ISC,Day,Co-ed.,true,22.5007667,88.6050039,,https://locate.cisce.org/,2026-08-25
WB411,Gocharan North Point Institute,"Kolkata, South 24 Parganas, West Bengal, 743391, India",Kolkata,South 24 Parganas,West Bengal,743391,board,ICSE / ISC,Day,Co-ed.,true,22.6108043,88.4367538,https://www.gocharannpi.com,https://locate.cisce.org/,2026-08-25
WB412,Central Public School,"Kolkata, North 24 Parganas, West Bengal, 700121, India",Kolkata,North 24 Parganas,West Bengal,700121,board,ICSE / ISC,Day,Co-ed.,true,22.7573478,88.4351291,https://www.centralpublicschool.net,https://locate.cisce.org/,2026-08-25
WB413,Stem World School,"Kolkata, North 24 Parganas, West Bengal, 700121, India",Kolkata,North 24 Parganas,West Bengal,700121,board,ICSE / ISC,Day,Co-ed.,true,22.7671845,88.3881217,https://www.stemworldschool.com,https://locate.cisce.org/,2026-08-25
WB414,K. E. Carmel School,"DIAMOND HARBOUR, South 24 Parganas, West Bengal, 743368, India",DIAMOND HARBOUR,South 24 Parganas,West Bengal,743368,board,ICSE,Day,Co-ed.,true,22.2552031,88.1901046,,https://locate.cisce.org/,2026-08-25
WB415,DASARATH SAHA MEMORIAL BUTTERFLY SCHOOL,"Bhagwangola, Murshidabad, West Bengal, 742135, India",Bhagwangola,Murshidabad,West Bengal,742135,board,ICSE,Day/Boarding,Co-ed.,true,24.33479,88.3078806,,https://locate.cisce.org/,2026-08-25
WB416,Bholanath Chakrabarti Memorial School,"Kolkata, Hooghly, West Bengal, 712124, India",Kolkata,Hooghly,West Bengal,712124,board,ICSE / ISC,Day,Co-ed.,true,22.830769,88.3433959,,https://locate.cisce.org/,2026-08-25
WB417,I E M Public School,"Kolkata, North 24 Parganas, West Bengal, 700091, India",Kolkata,North 24 Parganas,West Bengal,700091,board,ICSE / ISC,Day/Boarding,Co-ed.,true,22.5698662,88.4295595,https://www.iempublicschool.com,https://locate.cisce.org/,2026-08-25
WB418,Children's Academy,"BAGNAN, Howrah, West Bengal, 711303, India",BAGNAN,Howrah,West Bengal,711303,board,ICSE / ISC,Day,Co-ed.,true,22.4607334,87.9723557,https://www.childrensacademybagnan.in,https://locate.cisce.org/,2026-08-25
WB419,St. Luigi School,"Barrackpore, North 24 Parganas, West Bengal, 700121, India",Barrackpore,North 24 Parganas,West Bengal,700121,board,ICSE / ISC,Day,Co-ed.,true,22.7594804,88.4100911,https://www.stluigischoolbkp.com,https://locate.cisce.org/,2026-08-25
WB420,South End School,"NALHATI, Birbhum, West Bengal, 731243, India",NALHATI,Birbhum,West Bengal,731243,board,ICSE / ISC,Day,Co-ed.,true,24.2920951,87.8377842,https://southendschoolnalhati.org,https://locate.cisce.org/,2026-08-25
WB421,Maria's Day School,"South Howrah, Howrah, West Bengal, 711109, India",South Howrah,Howrah,West Bengal,711109,board,ICSE / ISC,Day,Co-ed.,true,22.6359701,88.3144283,,https://locate.cisce.org/,2026-08-25
WB422,Aurobindo Patha Bhavan ( English Medium ),"COOCH BEHAR, Cooch Behar, West Bengal, 736101, India",COOCH BEHAR,Cooch Behar,West Bengal,736101,board,ICSE / ISC,Day,Co-ed.,true,26.3086638,89.4601486,https://www.apbcob.com,https://locate.cisce.org/,2026-08-25
WB423,Bokar Vajradhara Memorial School,"Mirik, Darjeeling, West Bengal, 734214, India",Mirik,Darjeeling,West Bengal,734214,board,ICSE / ISC,Day,Co-ed.,true,26.8852968,88.1827931,,https://locate.cisce.org/,2026-08-25
WB424,GURUKUL ENGLISH MEDIUM CO-ED SCHOOL,"Kolkata, Howrah, West Bengal, 711202, India",Kolkata,Howrah,West Bengal,711202,board,ICSE / ISC,Day,Co-ed.,true,22.6199926,88.3535089,,https://locate.cisce.org/,2026-08-25
WB425,Senet Blooming Academy,"SENET, Hooghly, West Bengal, 712305, India",SENET,Hooghly,West Bengal,712305,board,ICSE / ISC,Day,Co-ed.,true,23.0485676,88.4319073,,https://locate.cisce.org/,2026-08-25
WB426,L J D Public School,"FALTA, South 24 Parganas, West Bengal, 743504, India",FALTA,South 24 Parganas,West Bengal,743504,board,ICSE / ISC,Day,Co-ed.,true,22.297255,88.141034,https://www.ljdpublicschool.org,https://locate.cisce.org/,2026-08-25
WB427,Guru Nanak Modern English School,"Kolkata, South 24 Parganas, West Bengal, 700024, India",Kolkata,South 24 Parganas,West Bengal,700024,board,ICSE / ISC,Day,Co-ed.,true,22.5405192,88.2936747,,https://locate.cisce.org/,2026-08-25
WB428,MODERN PUBLIC SCHOOL,"Chandannagar, Hooghly, West Bengal, 712136, India",Chandannagar,Hooghly,West Bengal,712136,board,ICSE / ISC,Day,Co-ed.,true,22.8568271,88.35595,,https://locate.cisce.org/,2026-08-25
WB429,St. Stephen's School,"Kolkata, North 24 Parganas, West Bengal, 700049, India",Kolkata,North 24 Parganas,West Bengal,700049,board,ICSE / ISC,Day,Co-ed.,true,22.6626208,88.4106105,https://www.ststephensbirati.in,https://locate.cisce.org/,2026-08-25
WB430,Nivedita Academy,"Kaliyaganj, Uttar Dinajpur, West Bengal, 733129, India",Kaliyaganj,Uttar Dinajpur,West Bengal,733129,board,ICSE,Day,Co-ed.,true,25.6373196,88.3329588,https://https;//www.niveditaacademy.ac.in,https://locate.cisce.org/,2026-08-25
WB431,Swami Janaki Das Vidyapith,"Patuli, Purba Bardhaman, West Bengal, 713512, India",Patuli,Purba Bardhaman,West Bengal,713512,board,ICSE / ISC,Day,Co-ed.,true,23.2164297,88.3528538,,https://locate.cisce.org/,2026-08-25
WB432,Kingston Model School,"Barasat, North 24 Parganas, West Bengal, 700126, India",Barasat,North 24 Parganas,West Bengal,700126,board,ICSE / ISC,Day/Boarding,Co-ed.,true,22.7698404,88.5227794,https://www.keical.edu.in,https://locate.cisce.org/,2026-08-25
WB433,Holy Christ Secondary School,"Dankuni, Hooghly, West Bengal, 712311, India",Dankuni,Hooghly,West Bengal,712311,board,ICSE / ISC,Day,Co-ed.,true,22.725346,88.3468898,https://www.holychristsecondaryschool.com,https://locate.cisce.org/,2026-08-25
WB434,Gods Grace School,"Kolkata, North 24 Parganas, West Bengal, 700120, India",Kolkata,North 24 Parganas,West Bengal,700120,board,ICSE / ISC,Day,Co-ed.,true,22.7673786,88.346263,https://www.godgraceschool.org,https://locate.cisce.org/,2026-08-25
WB435,Swami Vivekananda Academy,"BELMURI, Hooghly, West Bengal, 712302, India",BELMURI,Hooghly,West Bengal,712302,board,ICSE / ISC,Day,Co-ed.,true,22.9443877,88.1571935,https://www.svabelmuri.org,https://locate.cisce.org/,2026-08-25
WB436,Sarada Educare,"Kolkata, Kolkata, West Bengal, 700039, India",Kolkata,Kolkata,West Bengal,700039,board,ICSE / ISC,Day,Co-ed.,true,22.5214476,88.3971868,,https://locate.cisce.org/,2026-08-25
WB437,S K Foundation,"Kolkata, South 24 Parganas, West Bengal, 700024, India",Kolkata,South 24 Parganas,West Bengal,700024,board,ICSE,Day,Co-ed.,true,22.5452914,88.2869498,,https://locate.cisce.org/,2026-08-25
WB438,Holy Family School,"Purba Bardhaman, Purba Bardhaman, West Bengal, 713128, India",Purba Bardhaman,Purba Bardhaman,West Bengal,713128,board,ICSE / ISC,Day,Co-ed.,true,23.4705218,87.759112,https://www.holyfamilynuta.org,https://locate.cisce.org/,2026-08-25
WB439,St. Joseph's School,"Jiaganj, Murshidabad, West Bengal, 742123, India",Jiaganj,Murshidabad,West Bengal,742123,board,ICSE,Day,Co-ed.,true,24.240443,88.2673042,https://www.sjsjiaganj.in,https://locate.cisce.org/,2026-08-25
WB440,Sacred Heart School,"GURAP, Hooghly, West Bengal, 712303, India",GURAP,Hooghly,West Bengal,712303,board,ICSE,Day,Co-ed.,true,23.0347867,88.1218171,,https://locate.cisce.org/,2026-08-25
WB441,Glenhill School,"Konnagar, Hooghly, West Bengal, 712234, India",Konnagar,Hooghly,West Bengal,712234,board,ICSE / ISC,Day,Co-ed.,true,22.6974685,88.3166419,,https://locate.cisce.org/,2026-08-25
WB442,St. Stephen International School,"Serampore, Hooghly, West Bengal, 712249, India",Serampore,Hooghly,West Bengal,712249,board,ICSE,Day,Co-ed.,true,22.7419193,88.3470582,,https://locate.cisce.org/,2026-08-25
WB443,St. Lawrence High School,"Kolkata, South 24 Parganas, West Bengal, 700 019, India",Kolkata,South 24 Parganas,West Bengal,700019,board,ICSE / ISC,Day,Boys,true,22.5278963,88.3562611,https://stlawrencehighschool.edu.in,https://locate.cisce.org/,2026-08-25
WB444,I P Memorial School,"HOWRAH, Howrah, West Bengal, 711204, India",HOWRAH,Howrah,West Bengal,711204,board,ICSE / ISC,Day/Boarding,Co-ed.,true,22.6253823,88.329307,,https://locate.cisce.org/,2026-08-25
WB445,St. Mary's Convent School,"Kolkata, South 24 Parganas, West Bengal, 700061, India",Kolkata,South 24 Parganas,West Bengal,700061,board,ICSE / ISC,Day,Co-ed.,true,22.514064,88.275089,https://www.smcssankharipota.com,https://locate.cisce.org/,2026-08-25
WB446,The B S S School,"Kolkata, Kolkata, West Bengal, 700019, India",Kolkata,Kolkata,West Bengal,700019,board,ICSE / ISC,Day,Girls,true,22.5242527,88.3652069,https://www.thebssschool.com,https://locate.cisce.org/,2026-08-25
WB447,St. Joseph's School,"Jaldhaka, Kalimpong, West Bengal, 734503, India",Jaldhaka,Kalimpong,West Bengal,734503,board,ICSE / ISC,Day/Boarding,Co-ed.,true,26.7929014,89.0365098,,https://locate.cisce.org/,2026-08-25
WB448,St. Ursula English Medium School,"Alipurduar, Alipurduar, West Bengal, 736206, India",Alipurduar,Alipurduar,West Bengal,736206,board,ICSE,Day,Co-ed.,true,26.6255511,89.7051203,,https://locate.cisce.org/,2026-08-25
WB449,K E Carmel School,"Siliguri, Jalpaiguri, West Bengal, 735135, India",Siliguri,Jalpaiguri,West Bengal,735135,board,ICSE / ISC,Day,Co-ed.,true,26.6148774,88.5081665,,https://locate.cisce.org/,2026-08-25
WB450,St. Ignatius High School,"Kolkata, South 24 Parganas, West Bengal, 700103, India",Kolkata,South 24 Parganas,West Bengal,700103,board,ICSE,Day,Co-ed.,true,22.4263147,88.3433785,http://www.stignatiushighschool.org/,https://locate.cisce.org/,2026-08-25
WB451,Swami Vivekananda Centenary School,"CHAKDAHA, Nadia, West Bengal, 741222, India",CHAKDAHA,Nadia,West Bengal,741222,board,ICSE / ISC,Day,Co-ed.,true,23.084977,88.559384,,https://locate.cisce.org/,2026-08-25
WB452,Little Angels School,"HAMILTONGANJ, Alipurduar, West Bengal, 735214, India",HAMILTONGANJ,Alipurduar,West Bengal,735214,board,ICSE / ISC,Day,Co-ed.,true,26.6865991,89.4245627,,https://locate.cisce.org/,2026-08-25
WB453,Penwood Academy,"Birpara, Alipurduar, West Bengal, 735204, India",Birpara,Alipurduar,West Bengal,735204,board,ICSE,Day,Co-ed.,true,26.7157818,89.1438481,,https://locate.cisce.org/,2026-08-25
WB454,Sister Nivedita Convent School,"Cooch Behar, Cooch Behar, West Bengal, 736159, India",Cooch Behar,Cooch Behar,West Bengal,736159,board,ICSE,Day,Co-ed.,true,26.3304643,89.6675144,https://www.sncschooltufanganj.in,https://locate.cisce.org/,2026-08-25
WB455,St. Xaviers Public School,"Bagnan, Howrah, West Bengal, 711303, India",Bagnan,Howrah,West Bengal,711303,board,ICSE,Day,Co-ed.,true,22.4693718,87.9576417,https://www.xaviersbagnan.com,https://locate.cisce.org/,2026-08-25
WB456,Indira Gandhi Memorial School,"Birati, North 24 Parganas, West Bengal, 700081, India",Birati,North 24 Parganas,West Bengal,700081,board,ICSE / ISC,Day/Boarding,Co-ed.,true,22.6596204,88.4380774,https://www.igmsbirati.com,https://locate.cisce.org/,2026-08-25
WB457,Mary Immaculate English Medium School,"Basirhat, North 24 Parganas, West Bengal, 743429, India",Basirhat,North 24 Parganas,West Bengal,743429,board,ICSE,Day,Co-ed.,true,22.624993,88.8910756,https://misbasirhatomi.in,https://locate.cisce.org/,2026-08-25
WB458,Pearl Rosary School,"Serampore, Hooghly, West Bengal, 712203, India",Serampore,Hooghly,West Bengal,712203,board,ICSE / ISC,Day,Co-ed.,true,22.7475424,88.3342549,,https://locate.cisce.org/,2026-08-25
WB459,Springfields Academy,"Serampore, Hooghly, West Bengal, 712203, India",Serampore,Hooghly,West Bengal,712203,board,ICSE,Day,Co-ed.,true,22.7457579,88.3402799,https://www.springfieldsacademy.com,https://locate.cisce.org/,2026-08-25
WB460,Dr. Sharva Pally Radha Krishnan Memorial School,"Kolkata, South 24 Parganas, West Bengal, 700104, India",Kolkata,South 24 Parganas,West Bengal,700104,board,ICSE / ISC,Day,Co-ed.,true,22.4931723,88.3290932,,https://locate.cisce.org/,2026-08-25
WB461,St. Xavier's School,"Purulia, Purulia, West Bengal, 723143, India",Purulia,Purulia,West Bengal,723143,board,ICSE,Day,Co-ed.,true,23.0943913,86.2202962,,https://locate.cisce.org/,2026-08-25
WB462,Khantura Oxebow English School,"GOBORDANGA, North 24 Parganas, West Bengal, 743273, India",GOBORDANGA,North 24 Parganas,West Bengal,743273,board,ICSE,Day,Co-ed.,true,22.8896198,88.7678447,,https://locate.cisce.org/,2026-08-25
WB463,"St. Stephen's School, Nepalgunj","Kolkata, South 24 Parganas, West Bengal, 700103, India",Kolkata,South 24 Parganas,West Bengal,700103,board,ICSE,Day,Co-ed.,true,22.3656924,88.3542886,,https://locate.cisce.org/,2026-08-25
WB464,Evergreen Public School,"Maynaguri, Jalpaiguri, West Bengal, 735224, India",Maynaguri,Jalpaiguri,West Bengal,735224,board,ICSE,Day/Boarding,Co-ed.,true,26.5612518,88.8180419,https://www.evergreenpbc.com,https://locate.cisce.org/,2026-08-25
WB465,Auxilium Convent School,"Kalyani, Nadia, West Bengal, 741245, India",Kalyani,Nadia,West Bengal,741245,board,ICSE / ISC,Day,Co-ed.,true,22.9747271,88.433721,https://auxiliumkalyani.org,https://locate.cisce.org/,2026-08-25
WB466,K E Carmel School,"SURI, Birbhum, West Bengal, 731126, India",SURI,Birbhum,West Bengal,731126,board,ICSE / ISC,Day,Co-ed.,true,23.9129255,87.5268393,https://www.kecarmelsuri.org,https://locate.cisce.org/,2026-08-25
WB467,St. Anthony's School,"Siliguri, Darjeeling, West Bengal, 734427, India",Siliguri,Darjeeling,West Bengal,734427,board,ICSE,Day,Co-ed.,true,26.5736899,88.1711549,https://stanthonysschooladhikari.com,https://locate.cisce.org/,2026-08-25
WB468,St. Anne's School,"Barasat, North 24 Parganas, West Bengal, 743294, India",Barasat,North 24 Parganas,West Bengal,743294,board,ICSE,Day,Co-ed.,true,22.7413053,88.5347783,https://anneschoolchhotojagulia.in,https://locate.cisce.org/,2026-08-25
WB469,Pearl Rosary School,"Mogra, Hooghly, West Bengal, 712148, India",Mogra,Hooghly,West Bengal,712148,board,ICSE,Day,Co-ed.,true,22.9887758,88.372963,,https://locate.cisce.org/,2026-08-25
WB470,St. Vincent's Academy,"Burdwan, Purba Bardhaman, West Bengal, 713104, India",Burdwan,Purba Bardhaman,West Bengal,713104,board,ICSE,Day,Co-ed.,true,23.210827,87.9163191,https://www.svaburdwan.com,https://locate.cisce.org/,2026-08-25
WB471,Alhoda International School,"Howrah, Howrah, West Bengal, 711403, India",Howrah,Howrah,West Bengal,711403,board,ICSE,Day,Co-ed.,true,22.5997728,88.2690909,,https://locate.cisce.org/,2026-08-25
WB472,St. Peter's School,"Balurghat, Dakshin Dinajpur, West Bengal, 733 103, India",Balurghat,Dakshin Dinajpur,West Bengal,733103,board,ICSE,Day,Co-ed.,true,25.2683872,88.7818595,https://STPETERSBG.IN,https://locate.cisce.org/,2026-08-25
WB473,Nirmal Hriday School,"AHMADPUR, Birbhum, West Bengal, 731201, India",AHMADPUR,Birbhum,West Bengal,731201,board,ICSE / ISC,Day,Co-ed.,true,23.830864,87.6913936,https://Nirmalhridayschool.com,https://locate.cisce.org/,2026-08-25
WB474,Calcutta Public School Barasat,"Kolkata, North 24 Parganas, West Bengal, 700127, India",Kolkata,North 24 Parganas,West Bengal,700127,board,ICSE / ISC,Day,Co-ed.,true,22.6038031,88.3733884,https://www.calcuttapublicschools.com,https://locate.cisce.org/,2026-08-25
WB475,S. M. Memorial School,"Hooghly, Hooghly, West Bengal, 712701, India",Hooghly,Hooghly,West Bengal,712701,board,ICSE,Day,Co-ed.,true,22.6970385,88.1930541,,https://locate.cisce.org/,2026-08-25
WB476,Mount Zion School,"Kolkata, North 24 Parganas, West Bengal, 700127, India",Kolkata,North 24 Parganas,West Bengal,700127,board,ICSE,Day,Co-ed.,true,22.7081359,88.4738986,http://mtzionschool.in/,https://locate.cisce.org/,2026-08-25
WB477,G P S Memorial School,"Howrah, Howrah, West Bengal, 711105, India",Howrah,Howrah,West Bengal,711105,board,ICSE / ISC,Day,Co-ed.,true,22.6038512,88.3236652,https://www.gpsmemorialschool.co.in,https://locate.cisce.org/,2026-08-25
WB478,DE PAUL SCHOOL,"CANNING, South 24 Parganas, West Bengal, 743329, India",CANNING,South 24 Parganas,West Bengal,743329,board,ICSE,Day,Co-ed.,true,22.3135091,88.6606037,,https://locate.cisce.org/,2026-08-25
WB479,Calcutta Girls High School Asansol,"Asansol, Paschim Bardhaman, West Bengal, 713339, India",Asansol,Paschim Bardhaman,West Bengal,713339,board,ICSE,Day,Girls,true,23.67357,87.014227,https://cghsasansol.org,https://locate.cisce.org/,2026-08-25
WB480,Calcutta Boys' School (Asansol Campus),"Asansol, Paschim Bardhaman, West Bengal, 713303, India",Asansol,Paschim Bardhaman,West Bengal,713303,board,ICSE,Day,Boys,true,23.6786793,86.9978365,https://www.calcuttaboysschool.edu.in,https://locate.cisce.org/,2026-08-25
WB481,Don Bosco School,"Krishnanagar, Nadia, West Bengal, 741101, India",Krishnanagar,Nadia,West Bengal,741101,board,ICSE,Day,Co-ed.,true,23.4005417,88.4827824,,https://locate.cisce.org/,2026-08-25
WB482,Gurukul Global School,"Naihati, North 24 Parganas, West Bengal, 743166, India",Naihati,North 24 Parganas,West Bengal,743166,board,ICSE,Day,Co-ed.,true,22.9035424,88.4180295,https://www.gurukulglobal.in,https://locate.cisce.org/,2026-08-25
WB483,St. Mary's School,"Dinhata, Cooch Behar, West Bengal, 736135, India",Dinhata,Cooch Behar,West Bengal,736135,board,ICSE,Day,Co-ed.,true,26.1262183,89.4721391,,https://locate.cisce.org/,2026-08-25
WB484,Don Bosco School Kalyani,"Kalyani, Nadia, West Bengal, 741245, India",Kalyani,Nadia,West Bengal,741245,board,ICSE,Day,Co-ed.,true,22.9747271,88.433721,,https://locate.cisce.org/,2026-08-25
WB485,Little Steps School,"Kolkata, South 24 Parganas, West Bengal, 700024, India",Kolkata,South 24 Parganas,West Bengal,700024,board,ICSE,Day,Co-ed.,true,22.5508531,88.275856,https://WWW.ASHOKHALL.ORG,https://locate.cisce.org/,2026-08-25
WB486,Gani World Academy,"Kalna, Purba Bardhaman, West Bengal, 713422, India",Kalna,Purba Bardhaman,West Bengal,713422,board,ICSE,Day,Co-ed.,true,23.2233072,88.3657827,https://www.ganiworldacademy.org,https://locate.cisce.org/,2026-08-25
WB487,Birla Gyan Mandir,"KUNTIGHAT, Hooghly, West Bengal, 712513, India",KUNTIGHAT,Hooghly,West Bengal,712513,board,ICSE,Day,Co-ed.,true,23.013667,88.4110976,,https://locate.cisce.org/,2026-08-25
WB488,Convent Of Our Lady Of Providence Girls High School,"Kolkata, Kolkata, West Bengal, 700014, India",Kolkata,Kolkata,West Bengal,700014,board,ICSE,Day,Girls,true,22.5547798,88.3641951,,https://locate.cisce.org/,2026-08-25
WB489,Vivekananda Vidyaniketan,"Kolkata, South 24 Parganas, West Bengal, 700147, India",Kolkata,South 24 Parganas,West Bengal,700147,board,ICSE,Day,Co-ed.,true,22.414777,88.429373,,https://locate.cisce.org/,2026-08-25
WB490,Endeavour Global School,"Siliguri, Darjeeling, West Bengal, 734003, India",Siliguri,Darjeeling,West Bengal,734003,board,ICSE,Day/Boarding,Co-ed.,true,26.7398641,88.4104415,https://www.endeavourglobalschool.com,https://locate.cisce.org/,2026-08-25
WB491,St. Michael's School For Girls,"Siliguri, Jalpaiguri, West Bengal, 734001, India",Siliguri,Jalpaiguri,West Bengal,734001,board,ICSE,Day/Residential,Girls,true,26.7398083,88.4347486,https://www.smgslg.com,https://locate.cisce.org/,2026-08-25
WB492,St. Mary's School,"Hooghly, Hooghly, West Bengal, 712250, India",Hooghly,Hooghly,West Bengal,712250,board,ICSE,Day,Co-ed.,true,22.716791,88.3129969,,https://locate.cisce.org/,2026-08-25
WB493,St. Maria School,"NORTH 24 PARGANAS, North 24 Parganas, West Bengal, 700109, India",NORTH 24 PARGANAS,North 24 Parganas,West Bengal,700109,board,ICSE,Day,Co-ed.,true,22.6838295,88.392192,,https://locate.cisce.org/,2026-08-25
WB494,Don Bosco School,"GANRAPOTA, North 24 Parganas, West Bengal, 743251, India",GANRAPOTA,North 24 Parganas,West Bengal,743251,board,ICSE,Day,Co-ed.,true,23.1508944,88.8270957,,https://locate.cisce.org/,2026-08-25
WB495,St. Augustine's Day School,"Kolkata, Kolkata, West Bengal, 700017, India",Kolkata,Kolkata,West Bengal,700017,board,ICSE / ISC,Day,Co-ed.,true,22.5501833,88.3625459,https://www.staugustinesdayschool.com,https://locate.cisce.org/,2026-08-25
WB496,St. Francis School,"HASIMARA, Alipurduar, West Bengal, 735215, India",HASIMARA,Alipurduar,West Bengal,735215,board,ICSE,Day,Co-ed.,true,26.8366914,89.3843206,https://sfshasimara.com,https://locate.cisce.org/,2026-08-25
WB497,Assembly Of God Church School,"Asansol, Paschim Bardhaman, West Bengal, 713347, India",Asansol,Paschim Bardhaman,West Bengal,713347,board,ICSE,Day,Co-ed.,true,23.5978813,87.1128224,https://www.agraniganj.org,https://locate.cisce.org/,2026-08-25
WB498,K. E. Carmel School,"Orgram, Guskara, Purba Bardhaman, West Bengal, 713128, India","Orgram, Guskara",Purba Bardhaman,West Bengal,713128,board,ICSE,Day,Co-ed.,true,23.4408423,87.764033,https://www.kecarmelguskara.in,https://locate.cisce.org/,2026-08-25
WB499,St. Paul's School,"Kharagpur, Paschim Medinipur, West Bengal, 721133, India",Kharagpur,Paschim Medinipur,West Bengal,721133,board,ICSE,Day/Residential,Co-ed.,true,22.3256735,87.2409301,https://www.stpaulsschoolkamarchowki.com,https://locate.cisce.org/,2026-08-25
WB500,Bridge International School,"Kolkata, South 24 Parganas, West Bengal, 700029, India",Kolkata,South 24 Parganas,West Bengal,700029,board,ICSE,Day,Co-ed.,true,22.5243407,88.3532428,https://www.bridgeinternationalschool.co.in,https://locate.cisce.org/,2026-08-25
WB501,LORETO DAY SCHOOL,"Kolkata, Kolkata, West Bengal, 700 014, India",Kolkata,Kolkata,West Bengal,700014,board,ICSE,Day,Girls,false,22.5646216,88.3681935,https://www.sealdahloreto.org,https://locate.cisce.org/,2026-08-25
WB502,St. Teresa's School,"Berhampore, Murshidabad, West Bengal, 742102, India",Berhampore,Murshidabad,West Bengal,742102,board,ICSE,Day,Co-ed.,false,24.1130944,88.2885877,https://www.stteresaberhampore.org,https://locate.cisce.org/,2026-08-25
WB503,Stella Maris School,"Kolkata, Kolkata, West Bengal, 700043, India",Kolkata,Kolkata,West Bengal,700043,board,ICSE,Day,Co-ed.,false,22.5392033,88.306633,https://stellamarisschoolkolkata.in,https://locate.cisce.org/,2026-08-25
WB504,Howrah Modern School,"HOWRAH, Howrah, West Bengal, 711108, India",HOWRAH,Howrah,West Bengal,711108,board,ICSE,Day,Co-ed.,false,22.6115922,88.3106371,,https://locate.cisce.org/,2026-08-25
WB505,St. Francis De Sales School,"Bardhaman, Purba Bardhaman, West Bengal, 713406, India",Bardhaman,Purba Bardhaman,West Bengal,713406,board,ICSE,Day,Co-ed.,false,23.3349959,87.696938,https://www.sfsgalsi.org,https://locate.cisce.org/,2026-08-25
WB506,Alpha Mission School,"Siliguri, Darjeeling, West Bengal, 734003, India",Siliguri,Darjeeling,West Bengal,734003,board,ICSE,Day/Boarding,Co-ed.,false,26.7676956,88.4182526,,https://locate.cisce.org/,2026-08-25
WB507,St. Andrews Public School,"Kolkata, Kolkata, West Bengal, 700104, India",Kolkata,Kolkata,West Bengal,700104,board,ICSE,Day,Co-ed.,false,22.4817803,88.3379481,,https://locate.cisce.org/,2026-08-25
WB508,Sarada Vidyapith,"Arambagh, Hooghly, West Bengal, 712601, India",Arambagh,Hooghly,West Bengal,712601,board,ICSE,Day,Co-ed.,false,22.5955589,88.3659129,,https://locate.cisce.org/,2026-08-25
